target_id,sseqid,qseqid_F,pident_F,length_F,mismatch_F,gapopen_F,qstart_F,qend_F,sstart_F,send_F,evalue_F,bitscore_F,orientation_F,strand_F,pos_min_F,pos_max_F,qseqid_R,pident_R,length_R,mismatch_R,gapopen_R,qstart_R,qend_R,sstart_R,send_R,evalue_R,bitscore_R,orientation_R,strand_R,pos_min_R,pos_max_R,amplicon_dist
RH.0217D7856D1B4F3Z0Z,AE005673.1,RH.0217D7856D1B4F3Z0Z_F,100,18,0,0,2,19,3215779,3215796,0.018,36.2,F,+,3215779,3215796,RH.0217D7856D1B4F3Z0Z_R,95.652,23,1,0,1,23,3215910,3215888,0.005,38.2,R,-,3215888,3215910,92
RH.0217D7856D1B4F3Z0Z,CP001340.1,RH.0217D7856D1B4F3Z0Z_F,100,18,0,0,2,19,3241764,3241781,0.018,36.2,F,+,3241764,3241781,RH.0217D7856D1B4F3Z0Z_R,95.652,23,1,0,1,23,3241895,3241873,0.005,38.2,R,-,3241873,3241895,92
RH.0217D7856D1B4F3Z0Z,CP002008.1,RH.0217D7856D1B4F3Z0Z_F,100,22,0,0,1,22,3820901,3820922,7.59e-05,44.1,F,+,3820901,3820922,RH.0217D7856D1B4F3Z0Z_R,95.652,23,1,0,1,23,3821033,3821011,0.005,38.2,R,-,3821011,3821033,89
RH.0217D7856D1B4F3Z0Z,CP023314.2,RH.0217D7856D1B4F3Z0Z_F,100,18,0,0,2,19,3336129,3336146,0.018,36.2,F,+,3336129,3336146,RH.0217D7856D1B4F3Z0Z_R,95.652,23,1,0,1,23,3336260,3336238,0.005,38.2,R,-,3336238,3336260,92
RH.0217D7856D1B4F3Z0Z,CP023315.3,RH.0217D7856D1B4F3Z0Z_F,100,18,0,0,2,19,3193942,3193959,0.018,36.2,F,+,3193942,3193959,RH.0217D7856D1B4F3Z0Z_R,95.652,23,1,0,1,23,3194073,3194051,0.005,38.2,R,-,3194051,3194073,92
RH.0217D7856D1B4F3Z0Z,CP027850.1,RH.0217D7856D1B4F3Z0Z_F,100,22,0,0,1,22,3820730,3820751,7.59e-05,44.1,F,+,3820730,3820751,RH.0217D7856D1B4F3Z0Z_R,95.652,23,1,0,1,23,3820862,3820840,0.005,38.2,R,-,3820840,3820862,89
RH.0217D7856D1B4F3Z0Z,CP079926.1,RH.0217D7856D1B4F3Z0Z_F,100,18,0,0,2,19,3258919,3258936,0.018,36.2,F,+,3258919,3258936,RH.0217D7856D1B4F3Z0Z_R,95.652,23,1,0,1,23,3259050,3259028,0.005,38.2,R,-,3259028,3259050,92
RH.0217D7856D1B4F3Z0Z,CP082923.1,RH.0217D7856D1B4F3Z0Z_F,100,21,0,0,2,22,4030218,4030238,3e-04,42.1,F,+,4030218,4030238,RH.0217D7856D1B4F3Z0Z_R,90.909,22,2,0,2,23,4030348,4030327,5.2,28.2,R,-,4030327,4030348,89
RH.0217D7856D1B4F3Z0Z,CP096040.1,RH.0217D7856D1B4F3Z0Z_F,100,20,0,0,3,22,4490198,4490217,0.001,40.1,F,+,4490198,4490217,RH.0217D7856D1B4F3Z0Z_R,95.455,22,1,0,2,23,4490327,4490306,0.021,36.2,R,-,4490306,4490327,89
RH.0217D7856D1B4F3Z0Z,NC_011916.1,RH.0217D7856D1B4F3Z0Z_F,100,18,0,0,2,19,3241764,3241781,0.018,36.2,F,+,3241764,3241781,RH.0217D7856D1B4F3Z0Z_R,95.652,23,1,0,1,23,3241895,3241873,0.005,38.2,R,-,3241873,3241895,92
RH.0217D7856D1B4F3Z0Z,NZ_CP023314.2,RH.0217D7856D1B4F3Z0Z_F,100,18,0,0,2,19,3336129,3336146,0.018,36.2,F,+,3336129,3336146,RH.0217D7856D1B4F3Z0Z_R,95.652,23,1,0,1,23,3336260,3336238,0.005,38.2,R,-,3336238,3336260,92
RH.0217D7856D1B4F3Z0Z,NZ_CP023315.3,RH.0217D7856D1B4F3Z0Z_F,100,18,0,0,2,19,3193942,3193959,0.018,36.2,F,+,3193942,3193959,RH.0217D7856D1B4F3Z0Z_R,95.652,23,1,0,1,23,3194073,3194051,0.005,38.2,R,-,3194051,3194073,92
RH.0217D7856D1B4F3Z0Z,NZ_CP027850.1,RH.0217D7856D1B4F3Z0Z_F,100,22,0,0,1,22,3820730,3820751,7.59e-05,44.1,F,+,3820730,3820751,RH.0217D7856D1B4F3Z0Z_R,95.652,23,1,0,1,23,3820862,3820840,0.005,38.2,R,-,3820840,3820862,89
RH.0217D7856D1B4F3Z0Z,NZ_CP079926.1,RH.0217D7856D1B4F3Z0Z_F,100,18,0,0,2,19,3258919,3258936,0.018,36.2,F,+,3258919,3258936,RH.0217D7856D1B4F3Z0Z_R,95.652,23,1,0,1,23,3259050,3259028,0.005,38.2,R,-,3259028,3259050,92
RH.0217D7856D1B4F3Z0Z,NZ_CP082923.1,RH.0217D7856D1B4F3Z0Z_F,100,21,0,0,2,22,4030218,4030238,3e-04,42.1,F,+,4030218,4030238,RH.0217D7856D1B4F3Z0Z_R,90.909,22,2,0,2,23,4030348,4030327,5.2,28.2,R,-,4030327,4030348,89
RH.0217D7856D1B4F3Z0Z,NZ_CP096040.1,RH.0217D7856D1B4F3Z0Z_F,100,20,0,0,3,22,4490198,4490217,0.001,40.1,F,+,4490198,4490217,RH.0217D7856D1B4F3Z0Z_R,95.455,22,1,0,2,23,4490327,4490306,0.021,36.2,R,-,4490306,4490327,89
RH.0C6EF86AB29A422Z0Z,CP002008.1,RH.0C6EF86AB29A422Z0Z_F,100,23,0,0,1,23,3671087,3671065,2.19e-05,46.1,F,-,3671065,3671087,RH.0C6EF86AB29A422Z0Z_R,95.652,23,1,0,1,23,3670970,3670992,0.005,38.2,R,+,3670970,3670992,73
RH.0C6EF86AB29A422Z0Z,CP013002.1,RH.0C6EF86AB29A422Z0Z_F,100,23,0,0,1,23,2754743,2754721,2.19e-05,46.1,F,-,2754721,2754743,RH.0C6EF86AB29A422Z0Z_R,95.652,23,1,0,1,23,2754626,2754648,0.005,38.2,R,+,2754626,2754648,73
RH.0C6EF86AB29A422Z0Z,CP026100.1,RH.0C6EF86AB29A422Z0Z_F,100,23,0,0,1,23,2758452,2758474,2.19e-05,46.1,F,+,2758452,2758474,RH.0C6EF86AB29A422Z0Z_R,95.652,23,1,0,1,23,2758569,2758547,0.005,38.2,R,-,2758547,2758569,73
RH.0C6EF86AB29A422Z0Z,CP027850.1,RH.0C6EF86AB29A422Z0Z_F,100,23,0,0,1,23,3670920,3670898,2.19e-05,46.1,F,-,3670898,3670920,RH.0C6EF86AB29A422Z0Z_R,95.652,23,1,0,1,23,3670803,3670825,0.005,38.2,R,+,3670803,3670825,73
RH.0C6EF86AB29A422Z0Z,CP115463.1,RH.0C6EF86AB29A422Z0Z_F,100,22,0,0,2,23,3256675,3256654,8.67e-05,44.1,F,-,3256654,3256675,RH.0C6EF86AB29A422Z0Z_R,95.455,22,1,0,2,23,3256560,3256581,0.021,36.2,R,+,3256560,3256581,73
RH.0C6EF86AB29A422Z0Z,CP171994.1,RH.0C6EF86AB29A422Z0Z_F,100,23,0,0,1,23,2681904,2681926,2.19e-05,46.1,F,+,2681904,2681926,RH.0C6EF86AB29A422Z0Z_R,100,23,0,0,1,23,2682021,2681999,2.19e-05,46.1,R,-,2681999,2682021,73
RH.0C6EF86AB29A422Z0Z,CP183329.1,RH.0C6EF86AB29A422Z0Z_F,95.652,23,1,0,1,23,735440,735462,0.005,38.2,F,+,735440,735462,RH.0C6EF86AB29A422Z0Z_R,95.652,23,1,0,1,23,735557,735535,0.005,38.2,R,-,735535,735557,73
RH.0C6EF86AB29A422Z0Z,CP183332.1,RH.0C6EF86AB29A422Z0Z_F,95.652,23,1,0,1,23,807565,807587,0.005,38.2,F,+,807565,807587,RH.0C6EF86AB29A422Z0Z_R,95.652,23,1,0,1,23,807682,807660,0.005,38.2,R,-,807660,807682,73
RH.0C6EF86AB29A422Z0Z,NZ_CP013002.1,RH.0C6EF86AB29A422Z0Z_F,100,23,0,0,1,23,2754743,2754721,2.19e-05,46.1,F,-,2754721,2754743,RH.0C6EF86AB29A422Z0Z_R,95.652,23,1,0,1,23,2754626,2754648,0.005,38.2,R,+,2754626,2754648,73
RH.0C6EF86AB29A422Z0Z,NZ_CP026100.1,RH.0C6EF86AB29A422Z0Z_F,100,23,0,0,1,23,2758452,2758474,2.19e-05,46.1,F,+,2758452,2758474,RH.0C6EF86AB29A422Z0Z_R,95.652,23,1,0,1,23,2758569,2758547,0.005,38.2,R,-,2758547,2758569,73
RH.0C6EF86AB29A422Z0Z,NZ_CP027850.1,RH.0C6EF86AB29A422Z0Z_F,100,23,0,0,1,23,3670920,3670898,2.19e-05,46.1,F,-,3670898,3670920,RH.0C6EF86AB29A422Z0Z_R,95.652,23,1,0,1,23,3670803,3670825,0.005,38.2,R,+,3670803,3670825,73
RH.0C6EF86AB29A422Z0Z,NZ_CP115463.1,RH.0C6EF86AB29A422Z0Z_F,100,22,0,0,2,23,3256675,3256654,8.67e-05,44.1,F,-,3256654,3256675,RH.0C6EF86AB29A422Z0Z_R,95.455,22,1,0,2,23,3256560,3256581,0.021,36.2,R,+,3256560,3256581,73
RH.0C6EF86AB29A422Z0Z,NZ_CP171994.1,RH.0C6EF86AB29A422Z0Z_F,100,23,0,0,1,23,2681904,2681926,2.19e-05,46.1,F,+,2681904,2681926,RH.0C6EF86AB29A422Z0Z_R,100,23,0,0,1,23,2682021,2681999,2.19e-05,46.1,R,-,2681999,2682021,73
RH.0C6EF86AB29A422Z0Z,NZ_CP183329.1,RH.0C6EF86AB29A422Z0Z_F,95.652,23,1,0,1,23,735440,735462,0.005,38.2,F,+,735440,735462,RH.0C6EF86AB29A422Z0Z_R,95.652,23,1,0,1,23,735557,735535,0.005,38.2,R,-,735535,735557,73
RH.0C6EF86AB29A422Z0Z,NZ_CP183332.1,RH.0C6EF86AB29A422Z0Z_F,95.652,23,1,0,1,23,807565,807587,0.005,38.2,F,+,807565,807587,RH.0C6EF86AB29A422Z0Z_R,95.652,23,1,0,1,23,807682,807660,0.005,38.2,R,-,807660,807682,73
RH.1178978C1B124F7Z0Z,CP115463.1,RH.1178978C1B124F7Z0Z_F,95,20,1,0,1,20,3890916,3890897,0.25,32.2,F,-,3890897,3890916,RH.1178978C1B124F7Z0Z_R,90.476,21,2,0,1,21,3890617,3890637,18,26.3,R,+,3890617,3890637,260
RH.1178978C1B124F7Z0Z,NZ_CP115463.1,RH.1178978C1B124F7Z0Z_F,95,20,1,0,1,20,3890916,3890897,0.25,32.2,F,-,3890897,3890916,RH.1178978C1B124F7Z0Z_R,90.476,21,2,0,1,21,3890617,3890637,18,26.3,R,+,3890617,3890637,260
RH.1ED162FCE898487Z0Z,CP171994.1,RH.1ED162FCE898487Z0Z_F,100,26,0,0,1,26,338100,338075,4.45e-07,52,F,-,338075,338100,RH.1ED162FCE898487Z0Z_R,96,25,1,0,1,25,337942,337966,0.000385,42.1,R,+,337942,337966,109
RH.1ED162FCE898487Z0Z,NZ_CP171994.1,RH.1ED162FCE898487Z0Z_F,100,26,0,0,1,26,338100,338075,4.45e-07,52,F,-,338075,338100,RH.1ED162FCE898487Z0Z_R,96,25,1,0,1,25,337942,337966,0.000385,42.1,R,+,337942,337966,109
RH.300DF134D97F45BZ0Z,AE005673.1,RH.300DF134D97F45BZ0Z_F,95,20,1,0,1,20,2704272,2704291,0.33,32.2,F,+,2704272,2704291,RH.300DF134D97F45BZ0Z_R,95.652,23,1,0,1,23,2704425,2704403,0.005,38.2,R,-,2704403,2704425,112
RH.300DF134D97F45BZ0Z,CP001340.1,RH.300DF134D97F45BZ0Z_F,95,20,1,0,1,20,2730254,2730273,0.33,32.2,F,+,2730254,2730273,RH.300DF134D97F45BZ0Z_R,95.652,23,1,0,1,23,2730407,2730385,0.005,38.2,R,-,2730385,2730407,112
RH.300DF134D97F45BZ0Z,CP002008.1,RH.300DF134D97F45BZ0Z_F,90,20,2,0,1,20,1302760,1302741,80,24.3,F,-,1302741,1302760,RH.300DF134D97F45BZ0Z_R,100,23,0,0,1,23,1302607,1302629,2.19e-05,46.1,R,+,1302607,1302629,112
RH.300DF134D97F45BZ0Z,CP023313.2,RH.300DF134D97F45BZ0Z_F,95,20,1,0,1,20,2833196,2833215,0.33,32.2,F,+,2833196,2833215,RH.300DF134D97F45BZ0Z_R,95.652,23,1,0,1,23,2833349,2833327,0.005,38.2,R,-,2833327,2833349,112
RH.300DF134D97F45BZ0Z,CP023314.2,RH.300DF134D97F45BZ0Z_F,95,20,1,0,1,20,2824067,2824086,0.33,32.2,F,+,2824067,2824086,RH.300DF134D97F45BZ0Z_R,95.652,23,1,0,1,23,2824220,2824198,0.005,38.2,R,-,2824198,2824220,112
RH.300DF134D97F45BZ0Z,CP023315.3,RH.300DF134D97F45BZ0Z_F,95,20,1,0,1,20,1207766,1207747,0.33,32.2,F,-,1207747,1207766,RH.300DF134D97F45BZ0Z_R,91.304,23,2,0,1,23,1207613,1207635,1.3,30.2,R,+,1207613,1207635,112
RH.300DF134D97F45BZ0Z,CP027850.1,RH.300DF134D97F45BZ0Z_F,90,20,2,0,1,20,1302700,1302681,80,24.3,F,-,1302681,1302700,RH.300DF134D97F45BZ0Z_R,100,23,0,0,1,23,1302547,1302569,2.19e-05,46.1,R,+,1302547,1302569,112
RH.300DF134D97F45BZ0Z,CP033875.1,RH.300DF134D97F45BZ0Z_F,100,23,0,0,1,23,3228741,3228763,2.19e-05,46.1,F,+,3228741,3228763,RH.300DF134D97F45BZ0Z_R,100,23,0,0,1,23,3228894,3228872,2.19e-05,46.1,R,-,3228872,3228894,109
RH.300DF134D97F45BZ0Z,CP034122.1,RH.300DF134D97F45BZ0Z_F,95,20,1,0,1,20,2725900,2725919,0.33,32.2,F,+,2725900,2725919,RH.300DF134D97F45BZ0Z_R,95.652,23,1,0,1,23,2726053,2726031,0.005,38.2,R,-,2726031,2726053,112
RH.300DF134D97F45BZ0Z,CP079926.1,RH.300DF134D97F45BZ0Z_F,95,20,1,0,1,20,2746856,2746875,0.33,32.2,F,+,2746856,2746875,RH.300DF134D97F45BZ0Z_R,95.652,23,1,0,1,23,2747009,2746987,0.005,38.2,R,-,2746987,2747009,112
RH.300DF134D97F45BZ0Z,CP189825.1,RH.300DF134D97F45BZ0Z_F,95,20,1,0,1,20,2830716,2830735,0.33,32.2,F,+,2830716,2830735,RH.300DF134D97F45BZ0Z_R,95.652,23,1,0,1,23,2830869,2830847,0.005,38.2,R,-,2830847,2830869,112
RH.300DF134D97F45BZ0Z,NC_011916.1,RH.300DF134D97F45BZ0Z_F,95,20,1,0,1,20,2730254,2730273,0.33,32.2,F,+,2730254,2730273,RH.300DF134D97F45BZ0Z_R,95.652,23,1,0,1,23,2730407,2730385,0.005,38.2,R,-,2730385,2730407,112
RH.300DF134D97F45BZ0Z,NZ_CP023313.2,RH.300DF134D97F45BZ0Z_F,95,20,1,0,1,20,2833196,2833215,0.33,32.2,F,+,2833196,2833215,RH.300DF134D97F45BZ0Z_R,95.652,23,1,0,1,23,2833349,2833327,0.005,38.2,R,-,2833327,2833349,112
RH.300DF134D97F45BZ0Z,NZ_CP023314.2,RH.300DF134D97F45BZ0Z_F,95,20,1,0,1,20,2824067,2824086,0.33,32.2,F,+,2824067,2824086,RH.300DF134D97F45BZ0Z_R,95.652,23,1,0,1,23,2824220,2824198,0.005,38.2,R,-,2824198,2824220,112
RH.300DF134D97F45BZ0Z,NZ_CP023315.3,RH.300DF134D97F45BZ0Z_F,95,20,1,0,1,20,1207766,1207747,0.33,32.2,F,-,1207747,1207766,RH.300DF134D97F45BZ0Z_R,91.304,23,2,0,1,23,1207613,1207635,1.3,30.2,R,+,1207613,1207635,112
RH.300DF134D97F45BZ0Z,NZ_CP027850.1,RH.300DF134D97F45BZ0Z_F,90,20,2,0,1,20,1302700,1302681,80,24.3,F,-,1302681,1302700,RH.300DF134D97F45BZ0Z_R,100,23,0,0,1,23,1302547,1302569,2.19e-05,46.1,R,+,1302547,1302569,112
RH.300DF134D97F45BZ0Z,NZ_CP033875.1,RH.300DF134D97F45BZ0Z_F,100,23,0,0,1,23,3228741,3228763,2.19e-05,46.1,F,+,3228741,3228763,RH.300DF134D97F45BZ0Z_R,100,23,0,0,1,23,3228894,3228872,2.19e-05,46.1,R,-,3228872,3228894,109
RH.300DF134D97F45BZ0Z,NZ_CP034122.1,RH.300DF134D97F45BZ0Z_F,95,20,1,0,1,20,2725900,2725919,0.33,32.2,F,+,2725900,2725919,RH.300DF134D97F45BZ0Z_R,95.652,23,1,0,1,23,2726053,2726031,0.005,38.2,R,-,2726031,2726053,112
RH.300DF134D97F45BZ0Z,NZ_CP079926.1,RH.300DF134D97F45BZ0Z_F,95,20,1,0,1,20,2746856,2746875,0.33,32.2,F,+,2746856,2746875,RH.300DF134D97F45BZ0Z_R,95.652,23,1,0,1,23,2747009,2746987,0.005,38.2,R,-,2746987,2747009,112
RH.300DF134D97F45BZ0Z,NZ_CP189825.1,RH.300DF134D97F45BZ0Z_F,95,20,1,0,1,20,2830716,2830735,0.33,32.2,F,+,2830716,2830735,RH.300DF134D97F45BZ0Z_R,95.652,23,1,0,1,23,2830869,2830847,0.005,38.2,R,-,2830847,2830869,112
RH.78B83B8D6A224B1Z0Z,AE005673.1,RH.78B83B8D6A224B1Z0Z_F,95.455,22,1,0,1,22,62392,62413,0.018,36.2,F,+,62392,62413,RH.78B83B8D6A224B1Z0Z_R,95.652,23,1,0,1,23,62526,62504,0.005,38.2,R,-,62504,62526,91
RH.78B83B8D6A224B1Z0Z,CP001340.1,RH.78B83B8D6A224B1Z0Z_F,95.455,22,1,0,1,22,62392,62413,0.018,36.2,F,+,62392,62413,RH.78B83B8D6A224B1Z0Z_R,95.652,23,1,0,1,23,62526,62504,0.005,38.2,R,-,62504,62526,91
RH.78B83B8D6A224B1Z0Z,CP002008.1,RH.78B83B8D6A224B1Z0Z_F,100,22,0,0,1,22,18728,18707,7.59e-05,44.1,F,-,18707,18728,RH.78B83B8D6A224B1Z0Z_R,100,23,0,0,1,23,18594,18616,2.19e-05,46.1,R,+,18594,18616,91
RH.78B83B8D6A224B1Z0Z,CP013002.1,RH.78B83B8D6A224B1Z0Z_F,90.909,22,2,0,1,22,23991,23970,4.5,28.2,F,-,23970,23991,RH.78B83B8D6A224B1Z0Z_R,91.304,23,2,0,1,23,23857,23879,1.3,30.2,R,+,23857,23879,91
RH.78B83B8D6A224B1Z0Z,CP023313.2,RH.78B83B8D6A224B1Z0Z_F,100,22,0,0,1,22,64196,64217,7.59e-05,44.1,F,+,64196,64217,RH.78B83B8D6A224B1Z0Z_R,95.652,23,1,0,1,23,64330,64308,0.005,38.2,R,-,64308,64330,91
RH.78B83B8D6A224B1Z0Z,CP023314.2,RH.78B83B8D6A224B1Z0Z_F,95.455,22,1,0,1,22,62392,62413,0.018,36.2,F,+,62392,62413,RH.78B83B8D6A224B1Z0Z_R,95.652,23,1,0,1,23,62526,62504,0.005,38.2,R,-,62504,62526,91
RH.78B83B8D6A224B1Z0Z,CP023315.3,RH.78B83B8D6A224B1Z0Z_F,95.455,22,1,0,1,22,63344,63365,0.018,36.2,F,+,63344,63365,RH.78B83B8D6A224B1Z0Z_R,95.652,23,1,0,1,23,63478,63456,0.005,38.2,R,-,63456,63478,91
RH.78B83B8D6A224B1Z0Z,CP027850.1,RH.78B83B8D6A224B1Z0Z_F,100,22,0,0,1,22,18727,18706,7.59e-05,44.1,F,-,18706,18727,RH.78B83B8D6A224B1Z0Z_R,100,23,0,0,1,23,18593,18615,2.19e-05,46.1,R,+,18593,18615,91
RH.78B83B8D6A224B1Z0Z,CP033875.1,RH.78B83B8D6A224B1Z0Z_F,100,22,0,0,1,22,55786,55807,7.59e-05,44.1,F,+,55786,55807,RH.78B83B8D6A224B1Z0Z_R,95.652,23,1,0,1,23,55920,55898,0.005,38.2,R,-,55898,55920,91
RH.78B83B8D6A224B1Z0Z,CP034122.1,RH.78B83B8D6A224B1Z0Z_F,100,22,0,0,1,22,61864,61885,7.59e-05,44.1,F,+,61864,61885,RH.78B83B8D6A224B1Z0Z_R,95.652,23,1,0,1,23,61998,61976,0.005,38.2,R,-,61976,61998,91
RH.78B83B8D6A224B1Z0Z,CP048815.1,RH.78B83B8D6A224B1Z0Z_F,95.455,22,1,0,1,22,20388,20367,0.018,36.2,F,-,20367,20388,RH.78B83B8D6A224B1Z0Z_R,95.652,23,1,0,1,23,20254,20276,0.005,38.2,R,+,20254,20276,91
RH.78B83B8D6A224B1Z0Z,CP079926.1,RH.78B83B8D6A224B1Z0Z_F,95.455,22,1,0,1,22,62253,62274,0.018,36.2,F,+,62253,62274,RH.78B83B8D6A224B1Z0Z_R,95.652,23,1,0,1,23,62387,62365,0.005,38.2,R,-,62365,62387,91
RH.78B83B8D6A224B1Z0Z,CP082923.1,RH.78B83B8D6A224B1Z0Z_F,100,20,0,0,1,20,20890,20871,0.001,40.1,F,-,20871,20890,RH.78B83B8D6A224B1Z0Z_R,100,21,0,0,1,21,20756,20776,0.000343,42.1,R,+,20756,20776,95
RH.78B83B8D6A224B1Z0Z,CP096040.1,RH.78B83B8D6A224B1Z0Z_F,100,22,0,0,1,22,5606308,5606329,7.59e-05,44.1,F,+,5606308,5606329,RH.78B83B8D6A224B1Z0Z_R,91.304,23,2,0,1,23,5606442,5606420,1.3,30.2,R,-,5606420,5606442,91
RH.78B83B8D6A224B1Z0Z,CP171994.1,RH.78B83B8D6A224B1Z0Z_F,100,22,0,0,1,22,1520154,1520133,7.59e-05,44.1,F,-,1520133,1520154,RH.78B83B8D6A224B1Z0Z_R,100,23,0,0,1,23,1520020,1520042,2.19e-05,46.1,R,+,1520020,1520042,91
RH.78B83B8D6A224B1Z0Z,CP183329.1,RH.78B83B8D6A224B1Z0Z_F,100,22,0,0,1,22,3794184,3794163,7.59e-05,44.1,F,-,3794163,3794184,RH.78B83B8D6A224B1Z0Z_R,100,19,0,0,5,23,3794054,3794072,0.005,38.2,R,+,3794054,3794072,91
RH.78B83B8D6A224B1Z0Z,CP183331.1,RH.78B83B8D6A224B1Z0Z_F,100,22,0,0,1,22,106015,106036,7.59e-05,44.1,F,+,106015,106036,RH.78B83B8D6A224B1Z0Z_R,95.652,23,1,0,1,23,106149,106127,0.005,38.2,R,-,106127,106149,91
RH.78B83B8D6A224B1Z0Z,CP183332.1,RH.78B83B8D6A224B1Z0Z_F,100,22,0,0,1,22,3866313,3866292,7.59e-05,44.1,F,-,3866292,3866313,RH.78B83B8D6A224B1Z0Z_R,100,19,0,0,5,23,3866183,3866201,0.005,38.2,R,+,3866183,3866201,91
RH.78B83B8D6A224B1Z0Z,CP189825.1,RH.78B83B8D6A224B1Z0Z_F,100,22,0,0,1,22,64196,64217,7.59e-05,44.1,F,+,64196,64217,RH.78B83B8D6A224B1Z0Z_R,95.652,23,1,0,1,23,64330,64308,0.005,38.2,R,-,64308,64330,91
RH.78B83B8D6A224B1Z0Z,NC_011916.1,RH.78B83B8D6A224B1Z0Z_F,95.455,22,1,0,1,22,62392,62413,0.018,36.2,F,+,62392,62413,RH.78B83B8D6A224B1Z0Z_R,95.652,23,1,0,1,23,62526,62504,0.005,38.2,R,-,62504,62526,91
RH.78B83B8D6A224B1Z0Z,NZ_CP013002.1,RH.78B83B8D6A224B1Z0Z_F,90.909,22,2,0,1,22,23991,23970,4.5,28.2,F,-,23970,23991,RH.78B83B8D6A224B1Z0Z_R,91.304,23,2,0,1,23,23857,23879,1.3,30.2,R,+,23857,23879,91
RH.78B83B8D6A224B1Z0Z,NZ_CP023313.2,RH.78B83B8D6A224B1Z0Z_F,100,22,0,0,1,22,64196,64217,7.59e-05,44.1,F,+,64196,64217,RH.78B83B8D6A224B1Z0Z_R,95.652,23,1,0,1,23,64330,64308,0.005,38.2,R,-,64308,64330,91
RH.78B83B8D6A224B1Z0Z,NZ_CP023314.2,RH.78B83B8D6A224B1Z0Z_F,95.455,22,1,0,1,22,62392,62413,0.018,36.2,F,+,62392,62413,RH.78B83B8D6A224B1Z0Z_R,95.652,23,1,0,1,23,62526,62504,0.005,38.2,R,-,62504,62526,91
RH.78B83B8D6A224B1Z0Z,NZ_CP023315.3,RH.78B83B8D6A224B1Z0Z_F,95.455,22,1,0,1,22,63344,63365,0.018,36.2,F,+,63344,63365,RH.78B83B8D6A224B1Z0Z_R,95.652,23,1,0,1,23,63478,63456,0.005,38.2,R,-,63456,63478,91
RH.78B83B8D6A224B1Z0Z,NZ_CP027850.1,RH.78B83B8D6A224B1Z0Z_F,100,22,0,0,1,22,18727,18706,7.59e-05,44.1,F,-,18706,18727,RH.78B83B8D6A224B1Z0Z_R,100,23,0,0,1,23,18593,18615,2.19e-05,46.1,R,+,18593,18615,91
RH.78B83B8D6A224B1Z0Z,NZ_CP033875.1,RH.78B83B8D6A224B1Z0Z_F,100,22,0,0,1,22,55786,55807,7.59e-05,44.1,F,+,55786,55807,RH.78B83B8D6A224B1Z0Z_R,95.652,23,1,0,1,23,55920,55898,0.005,38.2,R,-,55898,55920,91
RH.78B83B8D6A224B1Z0Z,NZ_CP034122.1,RH.78B83B8D6A224B1Z0Z_F,100,22,0,0,1,22,61864,61885,7.59e-05,44.1,F,+,61864,61885,RH.78B83B8D6A224B1Z0Z_R,95.652,23,1,0,1,23,61998,61976,0.005,38.2,R,-,61976,61998,91
RH.78B83B8D6A224B1Z0Z,NZ_CP048815.1,RH.78B83B8D6A224B1Z0Z_F,95.455,22,1,0,1,22,20388,20367,0.018,36.2,F,-,20367,20388,RH.78B83B8D6A224B1Z0Z_R,95.652,23,1,0,1,23,20254,20276,0.005,38.2,R,+,20254,20276,91
RH.78B83B8D6A224B1Z0Z,NZ_CP079926.1,RH.78B83B8D6A224B1Z0Z_F,95.455,22,1,0,1,22,62253,62274,0.018,36.2,F,+,62253,62274,RH.78B83B8D6A224B1Z0Z_R,95.652,23,1,0,1,23,62387,62365,0.005,38.2,R,-,62365,62387,91
RH.78B83B8D6A224B1Z0Z,NZ_CP082923.1,RH.78B83B8D6A224B1Z0Z_F,100,20,0,0,1,20,20890,20871,0.001,40.1,F,-,20871,20890,RH.78B83B8D6A224B1Z0Z_R,100,21,0,0,1,21,20756,20776,0.000343,42.1,R,+,20756,20776,95
RH.78B83B8D6A224B1Z0Z,NZ_CP096040.1,RH.78B83B8D6A224B1Z0Z_F,100,22,0,0,1,22,5606308,5606329,7.59e-05,44.1,F,+,5606308,5606329,RH.78B83B8D6A224B1Z0Z_R,91.304,23,2,0,1,23,5606442,5606420,1.3,30.2,R,-,5606420,5606442,91
RH.78B83B8D6A224B1Z0Z,NZ_CP171994.1,RH.78B83B8D6A224B1Z0Z_F,100,22,0,0,1,22,1520154,1520133,7.59e-05,44.1,F,-,1520133,1520154,RH.78B83B8D6A224B1Z0Z_R,100,23,0,0,1,23,1520020,1520042,2.19e-05,46.1,R,+,1520020,1520042,91
RH.78B83B8D6A224B1Z0Z,NZ_CP183329.1,RH.78B83B8D6A224B1Z0Z_F,100,22,0,0,1,22,3794184,3794163,7.59e-05,44.1,F,-,3794163,3794184,RH.78B83B8D6A224B1Z0Z_R,100,19,0,0,5,23,3794054,3794072,0.005,38.2,R,+,3794054,3794072,91
RH.78B83B8D6A224B1Z0Z,NZ_CP183331.1,RH.78B83B8D6A224B1Z0Z_F,100,22,0,0,1,22,106015,106036,7.59e-05,44.1,F,+,106015,106036,RH.78B83B8D6A224B1Z0Z_R,95.652,23,1,0,1,23,106149,106127,0.005,38.2,R,-,106127,106149,91
RH.78B83B8D6A224B1Z0Z,NZ_CP183332.1,RH.78B83B8D6A224B1Z0Z_F,100,22,0,0,1,22,3866313,3866292,7.59e-05,44.1,F,-,3866292,3866313,RH.78B83B8D6A224B1Z0Z_R,100,19,0,0,5,23,3866183,3866201,0.005,38.2,R,+,3866183,3866201,91
RH.78B83B8D6A224B1Z0Z,NZ_CP189825.1,RH.78B83B8D6A224B1Z0Z_F,100,22,0,0,1,22,64196,64217,7.59e-05,44.1,F,+,64196,64217,RH.78B83B8D6A224B1Z0Z_R,95.652,23,1,0,1,23,64330,64308,0.005,38.2,R,-,64308,64330,91
RH.A9EEDC62F48D4DAZ0Z,CP024201.1,RH.A9EEDC62F48D4DAZ0Z_F,94.737,19,1,0,1,19,2436100,2436082,0.98,30.2,F,-,2436082,2436100,RH.A9EEDC62F48D4DAZ0Z_R,95.238,21,1,0,1,21,2435965,2435985,0.063,34.2,R,+,2435965,2435985,97
RH.A9EEDC62F48D4DAZ0Z,NZ_CP024201.1,RH.A9EEDC62F48D4DAZ0Z_F,94.737,19,1,0,1,19,2436100,2436082,0.98,30.2,F,-,2436082,2436100,RH.A9EEDC62F48D4DAZ0Z_R,95.238,21,1,0,1,21,2435965,2435985,0.063,34.2,R,+,2435965,2435985,97
RH.C597F0BA65D4481Z0Z,CP048815.1,RH.C597F0BA65D4481Z0Z_F,100,19,0,0,6,24,20784,20766,0.006,38.2,F,-,20766,20784,RH.C597F0BA65D4481Z0Z_R,95.652,23,1,0,2,24,20680,20702,0.006,38.2,R,+,20680,20702,64
RH.C597F0BA65D4481Z0Z,NZ_CP048815.1,RH.C597F0BA65D4481Z0Z_F,100,19,0,0,6,24,20784,20766,0.006,38.2,F,-,20766,20784,RH.C597F0BA65D4481Z0Z_R,95.652,23,1,0,2,24,20680,20702,0.006,38.2,R,+,20680,20702,64
RH.D78133F7DC3D4EBZ0Z,CP082923.1,RH.D78133F7DC3D4EBZ0Z_F,90.909,22,2,0,1,22,4030189,4030210,4.5,28.2,F,+,4030189,4030210,RH.D78133F7DC3D4EBZ0Z_R,100,19,0,0,1,19,4030310,4030292,0.004,38.2,R,-,4030292,4030310,82
RH.D78133F7DC3D4EBZ0Z,CP096040.1,RH.D78133F7DC3D4EBZ0Z_F,90.909,22,2,0,1,22,4490168,4490189,4.5,28.2,F,+,4490168,4490189,RH.D78133F7DC3D4EBZ0Z_R,94.737,19,1,0,1,19,4490289,4490271,0.98,30.2,R,-,4490271,4490289,82
RH.D78133F7DC3D4EBZ0Z,NZ_CP082923.1,RH.D78133F7DC3D4EBZ0Z_F,90.909,22,2,0,1,22,4030189,4030210,4.5,28.2,F,+,4030189,4030210,RH.D78133F7DC3D4EBZ0Z_R,100,19,0,0,1,19,4030310,4030292,0.004,38.2,R,-,4030292,4030310,82
RH.D78133F7DC3D4EBZ0Z,NZ_CP096040.1,RH.D78133F7DC3D4EBZ0Z_F,90.909,22,2,0,1,22,4490168,4490189,4.5,28.2,F,+,4490168,4490189,RH.D78133F7DC3D4EBZ0Z_R,94.737,19,1,0,1,19,4490289,4490271,0.98,30.2,R,-,4490271,4490289,82
RH.FDEF34A308684D6Z0Z,CP048815.1,RH.FDEF34A308684D6Z0Z_F,90.909,22,2,0,2,23,20359,20338,5.8,28.2,F,-,20338,20359,RH.FDEF34A308684D6Z0Z_R,90,20,2,0,1,20,20198,20217,80,24.3,R,+,20198,20217,121
RH.FDEF34A308684D6Z0Z,CP096040.1,RH.FDEF34A308684D6Z0Z_F,90.909,22,2,0,2,23,5606337,5606358,5.8,28.2,F,+,5606337,5606358,RH.FDEF34A308684D6Z0Z_R,90,20,2,0,1,20,5606498,5606479,80,24.3,R,-,5606479,5606498,121
RH.FDEF34A308684D6Z0Z,NZ_CP048815.1,RH.FDEF34A308684D6Z0Z_F,90.909,22,2,0,2,23,20359,20338,5.8,28.2,F,-,20338,20359,RH.FDEF34A308684D6Z0Z_R,90,20,2,0,1,20,20198,20217,80,24.3,R,+,20198,20217,121
RH.FDEF34A308684D6Z0Z,NZ_CP096040.1,RH.FDEF34A308684D6Z0Z_F,90.909,22,2,0,2,23,5606337,5606358,5.8,28.2,F,+,5606337,5606358,RH.FDEF34A308684D6Z0Z_R,90,20,2,0,1,20,5606498,5606479,80,24.3,R,-,5606479,5606498,121
