M03520:605:000000000-LVNKY:1:1104:22453:7259;size=1	A00405_539_HLLNCDSX3_4_1270_8531_32236_1_291_+_32dd2f413d14170786cfdf1c63a90888	95.726	117	5	1.48e-50	189	151
M03520:605:000000000-LVNKY:1:2102:6389:19138;size=1	A00405_539_HLLNCDSX3_4_1256_26341_12446_1_294_+_88ec1e8930915f6fd0f1d06309f6b07b	100.000	51	0	3.31e-22	95.3	151
M03520:605:000000000-LVNKY:1:2106:7830:7044;size=1	A00405_539_HLLNCDSX3_4_2562_31548_9627_1_293_+_204cc0636a899ba3f5ce647fe945e729	93.243	148	10	1.88e-59	219	151
M03520:605:000000000-LVNKY:1:1113:24294:24558;size=1	A00405_539_HLLNCDSX3_4_1178_12373_36385_1_292_-_8b8f21f75f2bd01a9ad02d01e5ec2145	99.338	151	1	3.96e-76	274	151
M03520:605:000000000-LVNKY:1:1110:17906:4781;size=4	A00405_539_HLLNCDSX3_4_2236_24614_29841_1_293_+_04ca48409a1ee33b09ee3f0431a9bece	99.338	151	1	3.96e-76	274	151
M03520:605:000000000-LVNKY:1:1109:17440:6377;size=1	A00405_539_HLLNCDSX3_4_1336_21558_1532_1_283_-_9c65ca1efaa250c583597d0b1dd5745c	98.131	107	2	5.31e-50	187	151
M03520:605:000000000-LVNKY:1:1111:15790:5393;size=1	A00405_539_HLLNCDSX3_4_2108_20952_22122_1_292_+_981ebd79aebe6e1123d76ddb6bd4d3cf	99.338	151	1	3.96e-76	274	151
M03520:605:000000000-LVNKY:1:1101:8280:26457;size=1	A00405_539_HLLNCDSX3_4_1144_21875_1705_1_289_-_2e38050b7207e66297542401e31b9aa3	98.529	136	2	4.02e-66	241	151
M03520:605:000000000-LVNKY:1:1107:28231:20855;size=1	A00405_539_HLLNCDSX3_4_2214_27434_30780_1_238_-_02586f3f6cd19c432ac8d02dc5b6f139	93.023	129	9	1.48e-50	189	151
M03520:605:000000000-LVNKY:1:1107:28231:20855;size=1	A00405_539_HLLNCDSX3_4_2170_22381_8938_1_289_-_5eaf02e2ec49222f3f23b439151ed5af	86.755	151	20	1.92e-44	169	151
M03520:605:000000000-LVNKY:1:2106:27028:19373;size=1	A00405_539_HLLNCDSX3_4_1336_21558_1532_1_283_-_9c65ca1efaa250c583597d0b1dd5745c	99.074	108	0	1.14e-51	193	151
M03520:605:000000000-LVNKY:1:2108:8460:26809;size=1	A00405_539_HLLNCDSX3_4_2214_27434_30780_1_238_-_02586f3f6cd19c432ac8d02dc5b6f139	100.000	32	0	1.21e-11	60.2	151
M03520:605:000000000-LVNKY:1:2104:24558:20881;size=1	A00405_539_HLLNCDSX3_4_2316_28330_6527_1_279_+_d0519282208358367ba6d805c3abc895	96.552	58	2	9.21e-23	97.1	151
M03520:605:000000000-LVNKY:1:2104:24558:20881;size=1	A00405_539_HLLNCDSX3_4_2516_24542_11083_1_284_-_3c21a6cd9e6937764d653129dacfc976	100.000	52	0	9.21e-23	97.1	151
M03520:605:000000000-LVNKY:1:2107:21094:5312;size=1	A00405_539_HLLNCDSX3_4_2375_18032_36793_1_294_+_5a260901400c54ea43f4ad67a663e52d	96.899	129	3	2.44e-58	215	151
M03520:605:000000000-LVNKY:1:2111:9675:7235;size=1	A00405_539_HLLNCDSX3_4_2236_24614_29841_1_293_+_04ca48409a1ee33b09ee3f0431a9bece	96.026	151	6	8.64e-68	246	151
M03520:605:000000000-LVNKY:1:2110:5828:20122;size=1	A00405_539_HLLNCDSX3_4_2413_23728_18349_1_294_+_5c8cf276bfb8a016a1079c51251bc7d6	98.675	151	2	1.84e-74	268	151
M03520:605:000000000-LVNKY:1:1110:6465:18331;size=1	A00405_539_HLLNCDSX3_4_2562_31548_9627_1_293_+_204cc0636a899ba3f5ce647fe945e729	95.918	147	4	5.20e-65	237	151
M03520:605:000000000-LVNKY:1:1112:26232:19545;size=1	A00405_539_HLLNCDSX3_4_2562_31548_9627_1_293_+_204cc0636a899ba3f5ce647fe945e729	96.689	151	5	1.86e-69	252	151
M03520:605:000000000-LVNKY:1:1112:12014:27209;size=2	A00405_539_HLLNCDSX3_4_2375_18032_36793_1_294_+_5a260901400c54ea43f4ad67a663e52d	100.000	129	0	1.45e-65	239	151
M03520:605:000000000-LVNKY:1:1112:12014:27209;size=2	A00405_539_HLLNCDSX3_4_2140_30463_36620_1_268_-_efd71567aa19975e277c347d16477d1d	82.353	102	12	7.17e-19	84.2	151
M03520:605:000000000-LVNKY:1:1112:19762:28544;size=1	A00405_539_HLLNCDSX3_4_2536_7952_30984_1_279_+_0477fcf26c74fdea1d47fdaf9816091b	98.000	150	3	3.09e-72	261	151
M03520:605:000000000-LVNKY:1:1112:8566:20308;size=1	A00405_539_HLLNCDSX3_4_1456_14714_11945_1_224_+_cd35089b9266a72f35460e2e07d8ad9f	97.987	149	3	1.11e-71	259	151
M03520:605:000000000-LVNKY:1:1102:27387:18404;size=1	A00405_539_HLLNCDSX3_4_1256_26341_12446_1_294_+_88ec1e8930915f6fd0f1d06309f6b07b	86.154	65	9	5.58e-15	71.3	151
M03520:605:000000000-LVNKY:1:1114:21700:6523;size=3	A00405_539_HLLNCDSX3_4_2562_31548_9627_1_293_+_204cc0636a899ba3f5ce647fe945e729	98.000	150	3	3.09e-72	261	151
M03520:605:000000000-LVNKY:1:2106:3149:10654;size=1	A00405_539_HLLNCDSX3_4_1334_11930_16266_1_258_+_048a394d3695a8abb0c425f7d9b7201d	91.803	122	10	5.35e-45	171	151
M03520:605:000000000-LVNKY:1:2111:24787:14311;size=1	A00405_539_HLLNCDSX3_4_1256_26341_12446_1_294_+_88ec1e8930915f6fd0f1d06309f6b07b	93.377	151	10	4.05e-61	224	151
M03520:605:000000000-LVNKY:1:1106:13106:2273;size=1	A00405_539_HLLNCDSX3_4_1178_12373_36385_1_292_-_8b8f21f75f2bd01a9ad02d01e5ec2145	98.013	151	3	8.58e-73	263	151
M03520:605:000000000-LVNKY:1:1104:21409:19326;size=1	A00405_539_HLLNCDSX3_4_2236_24614_29841_1_293_+_04ca48409a1ee33b09ee3f0431a9bece	97.351	151	4	3.99e-71	257	151
M03520:605:000000000-LVNKY:1:2111:11163:10729;size=1	A00405_539_HLLNCDSX3_4_2516_24542_11083_1_284_-_3c21a6cd9e6937764d653129dacfc976	91.667	48	4	7.22e-14	67.6	151
M03520:605:000000000-LVNKY:1:1109:17451:9007;size=1	A00405_539_HLLNCDSX3_4_1104_22073_24408_1_293_+_4914a7ba4a2d99ed42b81efb3a62da2b	99.265	136	1	8.64e-68	246	151
M03520:605:000000000-LVNKY:1:1107:27471:10000;size=1	A00405_539_HLLNCDSX3_4_1149_18701_36605_1_292_-_4a407c9c3375a6ad5003bdd88d91a484	97.391	115	3	8.83e-53	196	151
M03520:605:000000000-LVNKY:1:2101:26725:12116;size=1	A00405_539_HLLNCDSX3_4_1133_19199_19492_1_294_-_f696211bbf33e2824c01aee2ec50bcfe	93.220	118	8	4.14e-46	174	151
M03520:605:000000000-LVNKY:1:2101:26725:12116;size=1	A00405_539_HLLNCDSX3_4_1165_26124_18364_1_289_-_92dcb437b5cfeea75f7a8f87a187a684	84.483	116	16	9.14e-28	113	151
M03520:605:000000000-LVNKY:1:1111:19779:24224;size=1	A00405_539_HLLNCDSX3_4_2375_18032_36793_1_294_+_5a260901400c54ea43f4ad67a663e52d	99.265	136	1	8.64e-68	246	151
M03520:605:000000000-LVNKY:1:1111:19779:24224;size=1	A00405_539_HLLNCDSX3_4_2140_30463_36620_1_268_-_efd71567aa19975e277c347d16477d1d	82.474	97	11	9.27e-18	80.5	151
M03520:605:000000000-LVNKY:1:2106:28534:10466;size=1	A00405_539_HLLNCDSX3_4_1451_30409_6715_1_231_+_018312b314ec0e3d7060fd278ef283f4	99.180	122	1	5.24e-60	220	151
M03520:605:000000000-LVNKY:1:2108:15672:28693;size=1	A00405_539_HLLNCDSX3_4_1406_19262_13119_1_287_+_7e2b216f62b2af90b0db370fe85efc1c	89.344	122	13	5.39e-40	154	151
M03520:605:000000000-LVNKY:1:2107:14957:4192;size=2	A00405_539_HLLNCDSX3_4_1552_13096_18098_1_254_-_5182f127b2cf4a4a6a0d11e3cd53ecdb	99.286	140	1	5.16e-70	254	151
M03520:605:000000000-LVNKY:1:2107:14957:4192;size=2	A00405_539_HLLNCDSX3_4_2268_21178_6010_1_244_+_a5c560dafc167d22580041a7b14d7136	100.000	44	0	2.58e-18	82.4	151
M03520:605:000000000-LVNKY:1:1106:10605:5389;size=3	A00405_539_HLLNCDSX3_4_2413_23728_18349_1_294_+_5c8cf276bfb8a016a1079c51251bc7d6	99.338	151	1	3.96e-76	274	151
M03520:605:000000000-LVNKY:1:1107:19513:24186;size=1	A00405_539_HLLNCDSX3_4_2354_31494_20306_1_293_+_9fc4ba7df13b38a1122bbfdc70b1bfa7	98.658	149	2	2.39e-73	265	151
M03520:605:000000000-LVNKY:1:2108:10840:7848;size=1	A00405_539_HLLNCDSX3_4_2236_24614_29841_1_293_+_04ca48409a1ee33b09ee3f0431a9bece	98.675	151	2	1.84e-74	268	151
M03520:605:000000000-LVNKY:1:2113:15152:13734;size=1	A00405_539_HLLNCDSX3_4_1149_18701_36605_1_292_-_4a407c9c3375a6ad5003bdd88d91a484	98.261	115	2	1.90e-54	202	151
M03520:605:000000000-LVNKY:1:1107:11968:15597;size=2	A00405_539_HLLNCDSX3_4_2354_31494_20306_1_293_+_9fc4ba7df13b38a1122bbfdc70b1bfa7	98.658	149	2	2.39e-73	265	151
M03520:605:000000000-LVNKY:1:2103:2725:10632;size=3	A00405_539_HLLNCDSX3_4_2214_27434_30780_1_238_-_02586f3f6cd19c432ac8d02dc5b6f139	95.690	116	5	5.31e-50	187	151
M03520:605:000000000-LVNKY:1:2103:2725:10632;size=3	A00405_539_HLLNCDSX3_4_2516_24542_11083_1_284_-_3c21a6cd9e6937764d653129dacfc976	100.000	66	0	1.52e-30	122	151
M03520:605:000000000-LVNKY:1:2101:27428:14090;size=1	A00405_539_HLLNCDSX3_4_2214_27434_30780_1_238_-_02586f3f6cd19c432ac8d02dc5b6f139	98.675	151	2	1.84e-74	268	151
M03520:605:000000000-LVNKY:1:2101:27428:14090;size=1	A00405_539_HLLNCDSX3_4_2516_24542_11083_1_284_-_3c21a6cd9e6937764d653129dacfc976	96.040	101	4	2.49e-43	165	151
M03520:605:000000000-LVNKY:1:2101:27428:14090;size=1	A00405_539_HLLNCDSX3_4_2170_22381_8938_1_289_-_5eaf02e2ec49222f3f23b439151ed5af	92.208	77	6	1.18e-26	110	151
M03520:605:000000000-LVNKY:1:2107:9732:25978;size=1	A00405_539_HLLNCDSX3_4_2170_22381_8938_1_289_-_5eaf02e2ec49222f3f23b439151ed5af	98.319	119	2	1.13e-56	209	151
M03520:605:000000000-LVNKY:1:2107:9732:25978;size=1	A00405_539_HLLNCDSX3_4_2214_27434_30780_1_238_-_02586f3f6cd19c432ac8d02dc5b6f139	92.045	88	7	4.22e-31	124	151
M03520:605:000000000-LVNKY:1:1105:8935:5111;size=4	A00405_539_HLLNCDSX3_4_2576_29315_15749_1_293_+_81ef8281ba5891ff7b36aceec603003c	99.083	109	1	8.83e-53	196	151
M03520:605:000000000-LVNKY:1:2114:24134:18932;size=1	A00405_539_HLLNCDSX3_4_1149_18701_36605_1_292_-_4a407c9c3375a6ad5003bdd88d91a484	98.261	115	2	1.90e-54	202	151
M03520:605:000000000-LVNKY:1:2109:12688:26507;size=1	A00405_539_HLLNCDSX3_4_2576_29315_15749_1_293_+_81ef8281ba5891ff7b36aceec603003c	99.083	109	1	8.83e-53	196	151
M03520:605:000000000-LVNKY:1:1108:15869:28699;size=2	A00405_539_HLLNCDSX3_4_1418_8196_3505_1_290_-_1bf831b7d5cca66c11b01477482cf05f	99.324	148	1	1.84e-74	268	151
M03520:605:000000000-LVNKY:1:2101:25557:22399;size=1	A00405_539_HLLNCDSX3_4_2602_21052_24111_1_292_-_bd1b328e4ee7029fea4cbb06536b8f36	99.167	120	1	6.77e-59	217	151
M03520:605:000000000-LVNKY:1:2101:25557:22399;size=1	A00405_539_HLLNCDSX3_4_2307_13196_28291_1_273_+_08c022a9cdf0c7266ffcd5bb231ae69a	99.145	117	1	3.15e-57	211	151
M03520:605:000000000-LVNKY:1:1108:26166:15846;size=2	A00405_539_HLLNCDSX3_4_2576_29315_15749_1_293_+_81ef8281ba5891ff7b36aceec603003c	100.000	106	0	8.83e-53	196	151
M03520:605:000000000-LVNKY:1:1108:2655:18485;size=1	A00405_539_HLLNCDSX3_4_1402_30318_9439_1_266_-_252b574501f4a55884860c129baf3fba	98.473	131	2	2.42e-63	231	151
M03520:605:000000000-LVNKY:1:1108:2655:18485;size=1	A00405_539_HLLNCDSX3_4_2531_30996_36010_1_155_-_3dd8adaf489effec687ac56cfef68619	100.000	60	0	3.29e-27	111	151
M03520:605:000000000-LVNKY:1:2104:20605:15661;size=1	A00405_539_HLLNCDSX3_4_1144_21875_1705_1_289_-_2e38050b7207e66297542401e31b9aa3	99.265	136	1	8.64e-68	246	151
M03520:605:000000000-LVNKY:1:2108:17060:21665;size=1	A00405_539_HLLNCDSX3_4_2214_27434_30780_1_238_-_02586f3f6cd19c432ac8d02dc5b6f139	95.690	116	5	5.31e-50	187	151
M03520:605:000000000-LVNKY:1:2108:17060:21665;size=1	A00405_539_HLLNCDSX3_4_2516_24542_11083_1_284_-_3c21a6cd9e6937764d653129dacfc976	98.485	66	1	7.07e-29	117	151
M03520:605:000000000-LVNKY:1:2108:17060:21665;size=1	A00405_539_HLLNCDSX3_4_2170_22381_8938_1_289_-_5eaf02e2ec49222f3f23b439151ed5af	93.506	77	5	2.54e-28	115	151
M03520:605:000000000-LVNKY:1:1109:14835:25988;size=1	A00405_539_HLLNCDSX3_4_1133_19199_19492_1_294_-_f696211bbf33e2824c01aee2ec50bcfe	98.305	118	2	4.08e-56	207	151
M03520:605:000000000-LVNKY:1:1109:14835:25988;size=1	A00405_539_HLLNCDSX3_4_1165_26124_18364_1_289_-_92dcb437b5cfeea75f7a8f87a187a684	88.889	117	9	4.19e-36	141	151
M03520:605:000000000-LVNKY:1:1106:21393:27993;size=1	A00405_539_HLLNCDSX3_4_1418_8196_3505_1_290_-_1bf831b7d5cca66c11b01477482cf05f	98.649	148	2	8.58e-73	263	151
M03520:605:000000000-LVNKY:1:1104:10234:15152;size=1	A00405_539_HLLNCDSX3_4_2214_27434_30780_1_238_-_02586f3f6cd19c432ac8d02dc5b6f139	93.966	116	7	1.15e-46	176	151
M03520:605:000000000-LVNKY:1:1104:10234:15152;size=1	A00405_539_HLLNCDSX3_4_2170_22381_8938_1_289_-_5eaf02e2ec49222f3f23b439151ed5af	93.506	77	5	2.54e-28	115	151
M03520:605:000000000-LVNKY:1:1110:9341:19419;size=1	A00405_539_HLLNCDSX3_4_1149_18701_36605_1_292_-_4a407c9c3375a6ad5003bdd88d91a484	99.130	115	1	4.08e-56	207	151
M03520:605:000000000-LVNKY:1:1107:18314:4211;size=3	A00405_539_HLLNCDSX3_4_2602_21052_24111_1_292_-_bd1b328e4ee7029fea4cbb06536b8f36	95.833	120	5	3.17e-52	195	151
M03520:605:000000000-LVNKY:1:1107:18314:4211;size=3	A00405_539_HLLNCDSX3_4_2307_13196_28291_1_273_+_08c022a9cdf0c7266ffcd5bb231ae69a	95.726	117	5	1.48e-50	189	151
M03520:605:000000000-LVNKY:1:2110:15015:15832;size=1	A00405_539_HLLNCDSX3_4_1375_12608_23015_1_286_+_4c40774dc4fd3de664d8acc8a812a323	98.305	118	2	4.08e-56	207	151
M03520:605:000000000-LVNKY:1:2106:17553:12655;size=2	A00405_539_HLLNCDSX3_4_1256_26341_12446_1_294_+_88ec1e8930915f6fd0f1d06309f6b07b	96.026	151	6	8.64e-68	246	151
M03520:605:000000000-LVNKY:1:1107:21729:23143;size=1	A00405_539_HLLNCDSX3_4_2633_32687_2550_1_213_-_733d30d25972308310143a09ef0da099	99.065	107	1	1.14e-51	193	151
M03520:605:000000000-LVNKY:1:1107:7130:25308;size=1	A00405_539_HLLNCDSX3_4_2354_31494_20306_1_293_+_9fc4ba7df13b38a1122bbfdc70b1bfa7	98.658	149	2	2.39e-73	265	151
M03520:605:000000000-LVNKY:1:2105:25963:19852;size=1	A00405_539_HLLNCDSX3_4_1406_19262_13119_1_287_+_7e2b216f62b2af90b0db370fe85efc1c	96.000	125	5	5.27e-55	204	151
M03520:605:000000000-LVNKY:1:2109:18797:11051;size=1	A00405_539_HLLNCDSX3_4_2214_27434_30780_1_238_-_02586f3f6cd19c432ac8d02dc5b6f139	96.552	116	4	1.14e-51	193	151
M03520:605:000000000-LVNKY:1:2109:18797:11051;size=1	A00405_539_HLLNCDSX3_4_2516_24542_11083_1_284_-_3c21a6cd9e6937764d653129dacfc976	100.000	66	0	1.52e-30	122	151
M03520:605:000000000-LVNKY:1:2109:18797:11051;size=1	A00405_539_HLLNCDSX3_4_2170_22381_8938_1_289_-_5eaf02e2ec49222f3f23b439151ed5af	94.805	77	4	5.46e-30	121	151
M03520:605:000000000-LVNKY:1:1106:7029:9621;size=1	A00405_539_HLLNCDSX3_4_2428_25979_27508_1_293_+_ea053f94656145d4f38e54ebc41708ef	99.206	126	1	3.13e-62	228	151
M03520:605:000000000-LVNKY:1:2110:6721:8921;size=1	A00405_539_HLLNCDSX3_4_1149_18701_36605_1_292_-_4a407c9c3375a6ad5003bdd88d91a484	99.130	115	1	4.08e-56	207	151
M03520:605:000000000-LVNKY:1:1101:20683:21684;size=1	A00405_539_HLLNCDSX3_4_2214_27434_30780_1_238_-_02586f3f6cd19c432ac8d02dc5b6f139	99.138	116	1	1.13e-56	209	151
M03520:605:000000000-LVNKY:1:1101:20683:21684;size=1	A00405_539_HLLNCDSX3_4_2170_22381_8938_1_289_-_5eaf02e2ec49222f3f23b439151ed5af	92.208	77	6	1.18e-26	110	151
M03520:605:000000000-LVNKY:1:1101:20683:21684;size=1	A00405_539_HLLNCDSX3_4_2516_24542_11083_1_284_-_3c21a6cd9e6937764d653129dacfc976	95.455	66	3	1.53e-25	106	151
M03520:605:000000000-LVNKY:1:2112:6007:5759;size=1	A00405_539_HLLNCDSX3_4_2354_31494_20306_1_293_+_9fc4ba7df13b38a1122bbfdc70b1bfa7	98.658	149	2	2.39e-73	265	151
M03520:605:000000000-LVNKY:1:1101:7734:11629;size=1	A00405_539_HLLNCDSX3_4_2214_27434_30780_1_238_-_02586f3f6cd19c432ac8d02dc5b6f139	99.138	116	1	1.13e-56	209	151
M03520:605:000000000-LVNKY:1:1101:7734:11629;size=1	A00405_539_HLLNCDSX3_4_2170_22381_8938_1_289_-_5eaf02e2ec49222f3f23b439151ed5af	92.208	77	6	1.18e-26	110	151
M03520:605:000000000-LVNKY:1:1101:7734:11629;size=1	A00405_539_HLLNCDSX3_4_2516_24542_11083_1_284_-_3c21a6cd9e6937764d653129dacfc976	93.939	66	4	7.12e-24	100	151
M03520:605:000000000-LVNKY:1:1113:22801:20340;size=1	A00405_539_HLLNCDSX3_4_2413_23728_18349_1_294_+_5c8cf276bfb8a016a1079c51251bc7d6	98.675	151	2	1.84e-74	268	151
M03520:605:000000000-LVNKY:1:1105:18887:18985;size=1	A00405_539_HLLNCDSX3_4_2413_23728_18349_1_294_+_5c8cf276bfb8a016a1079c51251bc7d6	93.377	151	10	4.05e-61	224	151
M03520:605:000000000-LVNKY:1:2106:14822:25043;size=1	A00405_539_HLLNCDSX3_4_1418_8196_3505_1_290_-_1bf831b7d5cca66c11b01477482cf05f	98.649	148	2	8.58e-73	263	151
M03520:605:000000000-LVNKY:1:2102:14356:3531;size=1	A00405_539_HLLNCDSX3_4_1418_8196_3505_1_290_-_1bf831b7d5cca66c11b01477482cf05f	98.649	148	1	3.09e-72	261	151
M03520:605:000000000-LVNKY:1:1106:21042:24006;size=1	A00405_539_HLLNCDSX3_4_2214_27434_30780_1_238_-_02586f3f6cd19c432ac8d02dc5b6f139	98.276	116	2	5.27e-55	204	151
M03520:605:000000000-LVNKY:1:1106:21042:24006;size=1	A00405_539_HLLNCDSX3_4_2516_24542_11083_1_284_-_3c21a6cd9e6937764d653129dacfc976	95.455	66	3	1.53e-25	106	151
M03520:605:000000000-LVNKY:1:2106:13728:17075;size=1	A00405_539_HLLNCDSX3_4_2576_29315_15749_1_293_+_81ef8281ba5891ff7b36aceec603003c	100.000	105	0	3.17e-52	195	151
M03520:605:000000000-LVNKY:1:2101:12346:26791;size=1	A00405_539_HLLNCDSX3_4_2214_27434_30780_1_238_-_02586f3f6cd19c432ac8d02dc5b6f139	94.828	116	6	2.47e-48	182	151
M03520:605:000000000-LVNKY:1:2101:12346:26791;size=1	A00405_539_HLLNCDSX3_4_2170_22381_8938_1_289_-_5eaf02e2ec49222f3f23b439151ed5af	93.506	77	5	2.54e-28	115	151
M03520:605:000000000-LVNKY:1:2101:12346:26791;size=1	A00405_539_HLLNCDSX3_4_2516_24542_11083_1_284_-_3c21a6cd9e6937764d653129dacfc976	96.970	66	2	3.29e-27	111	151
M03520:605:000000000-LVNKY:1:1112:21753:8165;size=1	A00405_539_HLLNCDSX3_4_1406_19262_13119_1_287_+_7e2b216f62b2af90b0db370fe85efc1c	96.800	125	4	1.13e-56	209	151
M03520:605:000000000-LVNKY:1:1109:3435:13221;size=1	A00405_539_HLLNCDSX3_4_2125_28320_31532_1_265_+_2b6907e9654dfa193507240b96a92523	97.143	105	3	3.20e-47	178	151
M03520:605:000000000-LVNKY:1:2114:27294:21332;size=1	A00405_539_HLLNCDSX3_4_2354_31494_20306_1_293_+_9fc4ba7df13b38a1122bbfdc70b1bfa7	99.329	149	1	5.13e-75	270	151
M03520:605:000000000-LVNKY:1:2101:3104:16966;size=1	A00405_539_HLLNCDSX3_4_1334_11930_16266_1_258_+_048a394d3695a8abb0c425f7d9b7201d	99.180	122	1	5.24e-60	220	151
M03520:605:000000000-LVNKY:1:2114:6911:16983;size=1	A00405_539_HLLNCDSX3_4_1133_19199_19492_1_294_-_f696211bbf33e2824c01aee2ec50bcfe	100.000	118	0	1.88e-59	219	151
M03520:605:000000000-LVNKY:1:2114:6911:16983;size=1	A00405_539_HLLNCDSX3_4_1165_26124_18364_1_289_-_92dcb437b5cfeea75f7a8f87a187a684	88.889	117	9	4.19e-36	141	151
M03520:605:000000000-LVNKY:1:2114:6911:16983;size=1	A00405_539_HLLNCDSX3_4_1376_6533_24893_1_250_+_5e735dddc9ed98f764e786e6c938d9b8	79.245	106	20	1.55e-15	73.1	151
M03520:605:000000000-LVNKY:1:2113:19073:23358;size=1	A00405_539_HLLNCDSX3_4_2375_18032_36793_1_294_+_5a260901400c54ea43f4ad67a663e52d	99.265	136	1	8.64e-68	246	151
M03520:605:000000000-LVNKY:1:2113:19073:23358;size=1	A00405_539_HLLNCDSX3_4_2140_30463_36620_1_268_-_efd71567aa19975e277c347d16477d1d	81.373	102	13	3.34e-17	78.7	151
M03520:605:000000000-LVNKY:1:2108:11747:26391;size=1	A00405_539_HLLNCDSX3_4_2354_31494_20306_1_293_+_9fc4ba7df13b38a1122bbfdc70b1bfa7	97.315	149	4	5.16e-70	254	151
M03520:605:000000000-LVNKY:1:1101:13361:25787;size=1	A00405_539_HLLNCDSX3_4_1434_17553_6433_1_291_+_7a051464df892a132e7368b8e9d3c73a	99.219	128	1	2.42e-63	231	151
M03520:605:000000000-LVNKY:1:2114:22398:11284;size=1	A00405_539_HLLNCDSX3_4_2354_31494_20306_1_293_+_9fc4ba7df13b38a1122bbfdc70b1bfa7	97.987	149	3	1.11e-71	259	151
M03520:605:000000000-LVNKY:1:1110:29287:18528;size=1	A00405_539_HLLNCDSX3_4_2413_23728_18349_1_294_+_5c8cf276bfb8a016a1079c51251bc7d6	98.013	151	3	8.58e-73	263	151
M03520:605:000000000-LVNKY:1:1108:9147:18826;size=1	A00405_539_HLLNCDSX3_4_1154_13485_33489_5_274_-_d073362756742bb4412cb50ca2f1f2c4	99.167	120	1	6.77e-59	217	151
M03520:605:000000000-LVNKY:1:2102:18411:17609;size=1	A00405_539_HLLNCDSX3_4_2413_23728_18349_1_294_+_5c8cf276bfb8a016a1079c51251bc7d6	99.338	151	1	3.96e-76	274	151
M03520:605:000000000-LVNKY:1:2113:12826:25160;size=1	A00405_539_HLLNCDSX3_4_1135_23131_33567_1_267_+_b0cfbfabb12219d199fb6efdaebd78dc	97.600	125	2	8.76e-58	213	151
M03520:605:000000000-LVNKY:1:1103:13283:11393;size=1	A00405_539_HLLNCDSX3_4_2541_11713_30514_1_274_-_2c2a3b35643d8a4c21b4ba8e96d8f8fb	98.540	137	2	3.11e-67	244	151
M03520:605:000000000-LVNKY:1:1105:19002:9118;size=1	A00405_539_HLLNCDSX3_4_2307_13196_28291_1_273_+_08c022a9cdf0c7266ffcd5bb231ae69a	98.000	150	3	3.09e-72	261	151
M03520:605:000000000-LVNKY:1:1105:19002:9118;size=1	A00405_539_HLLNCDSX3_4_2602_21052_24111_1_292_-_bd1b328e4ee7029fea4cbb06536b8f36	100.000	69	0	3.27e-32	128	151
M03520:605:000000000-LVNKY:1:1105:19002:9118;size=1	A00405_539_HLLNCDSX3_4_2428_6090_14794_1_294_-_80eeeb5dde92ef47ef076603c990b2f7	100.000	69	0	3.27e-32	128	151
M03520:605:000000000-LVNKY:1:1105:27879:11091;size=1	A00405_539_HLLNCDSX3_4_1149_18701_36605_1_292_-_4a407c9c3375a6ad5003bdd88d91a484	99.130	115	1	4.08e-56	207	151
M03520:605:000000000-LVNKY:1:2111:8247:3838;size=1	A00405_539_HLLNCDSX3_4_2559_5222_28855_1_281_+_d018e6be0562b948d905a6ea5eb08fa3	99.296	142	1	3.99e-71	257	151
M03520:605:000000000-LVNKY:1:1108:14041:9548;size=1	A00405_539_HLLNCDSX3_4_2214_27434_30780_1_238_-_02586f3f6cd19c432ac8d02dc5b6f139	100.000	116	0	2.44e-58	215	151
M03520:605:000000000-LVNKY:1:1108:14041:9548;size=1	A00405_539_HLLNCDSX3_4_2170_22381_8938_1_289_-_5eaf02e2ec49222f3f23b439151ed5af	93.506	77	5	2.54e-28	115	151
M03520:605:000000000-LVNKY:1:1108:14041:9548;size=1	A00405_539_HLLNCDSX3_4_2516_24542_11083_1_284_-_3c21a6cd9e6937764d653129dacfc976	95.455	66	3	1.53e-25	106	151
M03520:605:000000000-LVNKY:1:2108:27680:12334;size=1	A00405_539_HLLNCDSX3_4_2236_24614_29841_1_293_+_04ca48409a1ee33b09ee3f0431a9bece	99.338	151	1	3.96e-76	274	151
M03520:605:000000000-LVNKY:1:2111:17403:15275;size=1	A00405_539_HLLNCDSX3_4_1376_32127_13041_1_265_-_8914d8be84f43f05a5e4db3ee0ff4b85	99.213	127	1	8.70e-63	230	151
M03520:605:000000000-LVNKY:1:2110:19156:24885;size=1	A00405_539_HLLNCDSX3_4_1239_8956_26584_1_215_+_5f74270a96d85094cc3112e09a3d186a	98.601	143	2	5.16e-70	254	151
M03520:605:000000000-LVNKY:1:2114:9963:16428;size=1	A00405_539_HLLNCDSX3_4_2354_31494_20306_1_293_+_9fc4ba7df13b38a1122bbfdc70b1bfa7	98.658	149	2	2.39e-73	265	151
M03520:605:000000000-LVNKY:1:2106:10443:8592;size=1	A00405_539_HLLNCDSX3_4_1402_30318_9439_1_266_-_252b574501f4a55884860c129baf3fba	98.473	131	1	8.70e-63	230	151
M03520:605:000000000-LVNKY:1:2106:10443:8592;size=1	A00405_539_HLLNCDSX3_4_2531_30996_36010_1_155_-_3dd8adaf489effec687ac56cfef68619	98.333	60	1	1.53e-25	106	151
M03520:605:000000000-LVNKY:1:1104:25606:11229;size=2	A00405_539_HLLNCDSX3_4_2214_27434_30780_1_238_-_02586f3f6cd19c432ac8d02dc5b6f139	96.552	116	4	1.14e-51	193	151
M03520:605:000000000-LVNKY:1:1104:25606:11229;size=2	A00405_539_HLLNCDSX3_4_2516_24542_11083_1_284_-_3c21a6cd9e6937764d653129dacfc976	100.000	66	0	1.52e-30	122	151
M03520:605:000000000-LVNKY:1:1104:25606:11229;size=2	A00405_539_HLLNCDSX3_4_2170_22381_8938_1_289_-_5eaf02e2ec49222f3f23b439151ed5af	94.805	77	4	5.46e-30	121	151
M03520:605:000000000-LVNKY:1:1104:10315:2829;size=1	A00405_539_HLLNCDSX3_4_1133_19199_19492_1_294_-_f696211bbf33e2824c01aee2ec50bcfe	98.305	118	2	4.08e-56	207	151
M03520:605:000000000-LVNKY:1:1104:10315:2829;size=1	A00405_539_HLLNCDSX3_4_1165_26124_18364_1_289_-_92dcb437b5cfeea75f7a8f87a187a684	89.744	117	8	9.01e-38	147	151
M03520:605:000000000-LVNKY:1:1104:10315:2829;size=1	A00405_539_HLLNCDSX3_4_1376_6533_24893_1_250_+_5e735dddc9ed98f764e786e6c938d9b8	79.245	106	20	1.55e-15	73.1	151
M03520:605:000000000-LVNKY:1:2103:13209:26465;size=1	A00405_539_HLLNCDSX3_4_2354_31494_20306_1_293_+_9fc4ba7df13b38a1122bbfdc70b1bfa7	98.658	149	2	2.39e-73	265	151
M03520:605:000000000-LVNKY:1:2112:22003:22986;size=1	A00405_539_HLLNCDSX3_4_1144_21875_1705_1_289_-_2e38050b7207e66297542401e31b9aa3	100.000	136	0	1.86e-69	252	151
M03520:605:000000000-LVNKY:1:1111:22436:24251;size=1	A00405_539_HLLNCDSX3_4_2428_6090_14794_1_294_-_80eeeb5dde92ef47ef076603c990b2f7	98.230	113	2	2.45e-53	198	151
M03520:605:000000000-LVNKY:1:1110:25131:20441;size=4	A00405_539_HLLNCDSX3_4_2413_23728_18349_1_294_+_5c8cf276bfb8a016a1079c51251bc7d6	93.377	151	10	4.05e-61	224	151
M03520:605:000000000-LVNKY:1:1105:17207:13777;size=3	A00405_539_HLLNCDSX3_4_2413_23728_18349_1_294_+_5c8cf276bfb8a016a1079c51251bc7d6	99.338	151	1	3.96e-76	274	151
M03520:605:000000000-LVNKY:1:2109:7409:17173;size=1	A00405_539_HLLNCDSX3_4_2576_29315_15749_1_293_+_81ef8281ba5891ff7b36aceec603003c	99.074	108	1	3.17e-52	195	151
M03520:605:000000000-LVNKY:1:1113:9708:11180;size=2	A00405_539_HLLNCDSX3_4_1334_11930_16266_1_258_+_048a394d3695a8abb0c425f7d9b7201d	100.000	122	0	1.13e-61	226	151
M03520:605:000000000-LVNKY:1:2114:23109:9751;size=1	A00405_539_HLLNCDSX3_4_1334_11930_16266_1_258_+_048a394d3695a8abb0c425f7d9b7201d	98.361	122	2	2.44e-58	215	151
M03520:605:000000000-LVNKY:1:1101:26074:17222;size=1	A00405_539_HLLNCDSX3_4_2214_27434_30780_1_238_-_02586f3f6cd19c432ac8d02dc5b6f139	96.689	151	5	1.86e-69	252	151
M03520:605:000000000-LVNKY:1:1101:26074:17222;size=1	A00405_539_HLLNCDSX3_4_2516_24542_11083_1_284_-_3c21a6cd9e6937764d653129dacfc976	100.000	101	0	5.31e-50	187	151
M03520:605:000000000-LVNKY:1:1114:23597:7193;size=4	A00405_539_HLLNCDSX3_4_2354_31494_20306_1_293_+_9fc4ba7df13b38a1122bbfdc70b1bfa7	97.987	149	3	1.11e-71	259	151
M03520:605:000000000-LVNKY:1:2109:27677:19303;size=1	A00405_539_HLLNCDSX3_4_1334_11930_16266_1_258_+_048a394d3695a8abb0c425f7d9b7201d	95.082	122	6	1.14e-51	193	151
M03520:605:000000000-LVNKY:1:1106:16658:7340;size=2	A00405_539_HLLNCDSX3_4_2354_31494_20306_1_293_+_9fc4ba7df13b38a1122bbfdc70b1bfa7	97.987	149	2	3.99e-71	257	151
M03520:605:000000000-LVNKY:1:2105:17578:17290;size=1	A00405_539_HLLNCDSX3_4_1402_30318_9439_1_266_-_252b574501f4a55884860c129baf3fba	99.237	131	1	5.20e-65	237	151
M03520:605:000000000-LVNKY:1:2105:17578:17290;size=1	A00405_539_HLLNCDSX3_4_2531_30996_36010_1_155_-_3dd8adaf489effec687ac56cfef68619	100.000	60	0	3.29e-27	111	151
M03520:605:000000000-LVNKY:1:2103:7481:4727;size=1	A00405_539_HLLNCDSX3_4_2568_31955_35697_1_276_+_c92a035b3a55ad1b2109b6fea5d56592	97.351	151	4	3.99e-71	257	151
M03520:605:000000000-LVNKY:1:1113:7110:16430;size=1	A00405_539_HLLNCDSX3_4_2371_16920_5995_1_222_+_27b31b9bb8faf1c2642c30419f5480ba	99.242	132	1	1.45e-65	239	151
M03520:605:000000000-LVNKY:1:1106:14757:8307;size=1	A00405_539_HLLNCDSX3_4_1412_10022_10770_1_291_+_16759ee50eb37c248e99815d17ac3c88	100.000	140	0	1.11e-71	259	151
M03520:605:000000000-LVNKY:1:2101:20183:10567;size=2	A00405_539_HLLNCDSX3_4_2236_24614_29841_1_293_+_04ca48409a1ee33b09ee3f0431a9bece	99.338	151	1	3.96e-76	274	151
M03520:605:000000000-LVNKY:1:1101:7699:7372;size=4	A00405_539_HLLNCDSX3_4_2576_29315_15749_1_293_+_81ef8281ba5891ff7b36aceec603003c	99.083	109	1	8.83e-53	196	151
M03520:605:000000000-LVNKY:1:1101:21067:7163;size=1	A00405_539_HLLNCDSX3_4_1667_3577_14481_1_279_+_5c2b589f92cd328dd27be08801c4b747	98.571	140	2	2.40e-68	248	151
M03520:605:000000000-LVNKY:1:1114:11793:17932;size=1	A00405_539_HLLNCDSX3_4_2214_27434_30780_1_238_-_02586f3f6cd19c432ac8d02dc5b6f139	94.828	116	6	2.47e-48	182	151
M03520:605:000000000-LVNKY:1:1114:11793:17932;size=1	A00405_539_HLLNCDSX3_4_2516_24542_11083_1_284_-_3c21a6cd9e6937764d653129dacfc976	100.000	66	0	1.52e-30	122	151
M03520:605:000000000-LVNKY:1:1110:11732:14597;size=2	A00405_539_HLLNCDSX3_4_1270_8531_32236_1_291_+_32dd2f413d14170786cfdf1c63a90888	99.270	137	1	2.40e-68	248	151
M03520:605:000000000-LVNKY:1:1102:2824:18584;size=1	A00405_539_HLLNCDSX3_4_2214_27434_30780_1_238_-_02586f3f6cd19c432ac8d02dc5b6f139	98.276	116	2	5.27e-55	204	151
M03520:605:000000000-LVNKY:1:1102:2824:18584;size=1	A00405_539_HLLNCDSX3_4_2170_22381_8938_1_289_-_5eaf02e2ec49222f3f23b439151ed5af	92.208	77	6	1.18e-26	110	151
M03520:605:000000000-LVNKY:1:1107:16969:9354;size=2	A00405_539_HLLNCDSX3_4_1667_3577_14481_1_279_+_5c2b589f92cd328dd27be08801c4b747	99.286	140	1	5.16e-70	254	151
M03520:605:000000000-LVNKY:1:1111:28518:16834;size=1	A00405_539_HLLNCDSX3_4_1334_11930_16266_1_258_+_048a394d3695a8abb0c425f7d9b7201d	98.361	122	2	2.44e-58	215	151
M03520:605:000000000-LVNKY:1:1107:5603:5987;size=1	A00405_539_HLLNCDSX3_4_2516_24542_11083_1_284_-_3c21a6cd9e6937764d653129dacfc976	96.575	146	5	1.12e-66	243	151
M03520:605:000000000-LVNKY:1:1107:5603:5987;size=1	A00405_539_HLLNCDSX3_4_2316_28330_6527_1_279_+_d0519282208358367ba6d805c3abc895	95.238	147	7	6.73e-64	233	151
M03520:605:000000000-LVNKY:1:2111:8608:5985;size=1	A00405_539_HLLNCDSX3_4_2413_23728_18349_1_294_+_5c8cf276bfb8a016a1079c51251bc7d6	98.675	151	2	1.84e-74	268	151
M03520:605:000000000-LVNKY:1:2102:20389:24279;size=1	A00405_539_HLLNCDSX3_4_2354_31494_20306_1_293_+_9fc4ba7df13b38a1122bbfdc70b1bfa7	98.658	149	2	2.39e-73	265	151
M03520:605:000000000-LVNKY:1:1114:2045:17066;size=1	A00405_539_HLLNCDSX3_4_2214_27434_30780_1_238_-_02586f3f6cd19c432ac8d02dc5b6f139	95.575	113	5	2.47e-48	182	151
M03520:605:000000000-LVNKY:1:1114:2045:17066;size=1	A00405_539_HLLNCDSX3_4_2516_24542_11083_1_284_-_3c21a6cd9e6937764d653129dacfc976	98.485	66	1	7.07e-29	117	151
M03520:605:000000000-LVNKY:1:1114:2045:17066;size=1	A00405_539_HLLNCDSX3_4_2170_22381_8938_1_289_-_5eaf02e2ec49222f3f23b439151ed5af	93.243	74	5	1.18e-26	110	151
M03520:605:000000000-LVNKY:1:1105:26449:9445;size=1	A00405_539_HLLNCDSX3_4_2375_18032_36793_1_294_+_5a260901400c54ea43f4ad67a663e52d	98.529	136	2	4.02e-66	241	151
M03520:605:000000000-LVNKY:1:1105:26449:9445;size=1	A00405_539_HLLNCDSX3_4_2140_30463_36620_1_268_-_efd71567aa19975e277c347d16477d1d	81.034	116	16	5.54e-20	87.9	151
M03520:605:000000000-LVNKY:1:2105:9864:7290;size=1	A00405_539_HLLNCDSX3_4_2354_31494_20306_1_293_+_9fc4ba7df13b38a1122bbfdc70b1bfa7	98.658	149	2	2.39e-73	265	151
M03520:605:000000000-LVNKY:1:2113:23243:13305;size=1	A00405_539_HLLNCDSX3_4_1667_3577_14481_1_279_+_5c2b589f92cd328dd27be08801c4b747	98.571	140	2	2.40e-68	248	151
M03520:605:000000000-LVNKY:1:2110:17671:15861;size=1	A00405_539_HLLNCDSX3_4_2214_27434_30780_1_238_-_02586f3f6cd19c432ac8d02dc5b6f139	96.460	113	4	5.31e-50	187	151
M03520:605:000000000-LVNKY:1:2110:17671:15861;size=1	A00405_539_HLLNCDSX3_4_2170_22381_8938_1_289_-_5eaf02e2ec49222f3f23b439151ed5af	94.805	77	4	5.46e-30	121	151
M03520:605:000000000-LVNKY:1:2110:17671:15861;size=1	A00405_539_HLLNCDSX3_4_2516_24542_11083_1_284_-_3c21a6cd9e6937764d653129dacfc976	100.000	63	0	7.07e-29	117	151
M03520:605:000000000-LVNKY:1:1109:15080:28141;size=1	A00405_539_HLLNCDSX3_4_2375_18032_36793_1_294_+_5a260901400c54ea43f4ad67a663e52d	98.529	136	2	4.02e-66	241	151
M03520:605:000000000-LVNKY:1:1109:15080:28141;size=1	A00405_539_HLLNCDSX3_4_2140_30463_36620_1_268_-_efd71567aa19975e277c347d16477d1d	82.353	102	12	7.17e-19	84.2	151
M03520:605:000000000-LVNKY:1:1112:17274:18064;size=2	A00405_539_HLLNCDSX3_4_1456_14714_11945_1_224_+_cd35089b9266a72f35460e2e07d8ad9f	99.329	149	1	5.13e-75	270	151
M03520:605:000000000-LVNKY:1:1104:8154:22707;size=1	A00405_539_HLLNCDSX3_4_1256_26341_12446_1_294_+_88ec1e8930915f6fd0f1d06309f6b07b	95.364	151	7	4.02e-66	241	151
M03520:605:000000000-LVNKY:1:2111:21305:14894;size=1	A00405_539_HLLNCDSX3_4_2428_6090_14794_1_294_-_80eeeb5dde92ef47ef076603c990b2f7	99.115	113	1	5.27e-55	204	151
M03520:605:000000000-LVNKY:1:1107:29422:14282;size=1	A00405_539_HLLNCDSX3_4_2354_31494_20306_1_293_+_9fc4ba7df13b38a1122bbfdc70b1bfa7	98.658	149	2	2.39e-73	265	151
M03520:605:000000000-LVNKY:1:1106:6151:14234;size=3	A00405_539_HLLNCDSX3_4_2214_27434_30780_1_238_-_02586f3f6cd19c432ac8d02dc5b6f139	99.138	116	1	1.13e-56	209	151
M03520:605:000000000-LVNKY:1:1106:6151:14234;size=3	A00405_539_HLLNCDSX3_4_2170_22381_8938_1_289_-_5eaf02e2ec49222f3f23b439151ed5af	92.208	77	6	1.18e-26	110	151
M03520:605:000000000-LVNKY:1:1106:6151:14234;size=3	A00405_539_HLLNCDSX3_4_2516_24542_11083_1_284_-_3c21a6cd9e6937764d653129dacfc976	93.939	66	4	7.12e-24	100	151
M03520:605:000000000-LVNKY:1:2113:20238:7488;size=1	A00405_539_HLLNCDSX3_4_1418_8196_3505_1_290_-_1bf831b7d5cca66c11b01477482cf05f	98.649	148	2	8.58e-73	263	151
M03520:605:000000000-LVNKY:1:2111:26248:12091;size=1	A00405_539_HLLNCDSX3_4_2307_13196_28291_1_273_+_08c022a9cdf0c7266ffcd5bb231ae69a	96.689	151	5	1.86e-69	252	151
M03520:605:000000000-LVNKY:1:2111:26248:12091;size=1	A00405_539_HLLNCDSX3_4_2602_21052_24111_1_292_-_bd1b328e4ee7029fea4cbb06536b8f36	100.000	69	0	3.27e-32	128	151
M03520:605:000000000-LVNKY:1:2111:26248:12091;size=1	A00405_539_HLLNCDSX3_4_2428_6090_14794_1_294_-_80eeeb5dde92ef47ef076603c990b2f7	97.143	70	2	1.97e-29	119	151
M03520:605:000000000-LVNKY:1:1107:21932:3596;size=1	A00405_539_HLLNCDSX3_4_2354_31494_20306_1_293_+_9fc4ba7df13b38a1122bbfdc70b1bfa7	98.658	149	2	2.39e-73	265	151
M03520:605:000000000-LVNKY:1:2104:25493:8923;size=2	A00405_539_HLLNCDSX3_4_2413_23728_18349_1_294_+_5c8cf276bfb8a016a1079c51251bc7d6	98.013	151	3	8.58e-73	263	151
M03520:605:000000000-LVNKY:1:2108:12678:9414;size=1	A00405_539_HLLNCDSX3_4_1406_19262_13119_1_287_+_7e2b216f62b2af90b0db370fe85efc1c	98.413	126	1	5.24e-60	220	151
M03520:605:000000000-LVNKY:1:1111:8280:16676;size=1	A00405_539_HLLNCDSX3_4_1256_26341_12446_1_294_+_88ec1e8930915f6fd0f1d06309f6b07b	95.364	151	7	4.02e-66	241	151
M03520:605:000000000-LVNKY:1:1106:18241:6875;size=4	A00405_539_HLLNCDSX3_4_1406_19262_13119_1_287_+_7e2b216f62b2af90b0db370fe85efc1c	99.200	125	1	1.13e-61	226	151
M03520:605:000000000-LVNKY:1:2114:11145:6258;size=1	A00405_539_HLLNCDSX3_4_1667_3577_14481_1_279_+_5c2b589f92cd328dd27be08801c4b747	100.000	138	0	1.44e-70	255	151
M03520:605:000000000-LVNKY:1:2108:18599:6378;size=1	A00405_539_HLLNCDSX3_4_1406_19262_13119_1_287_+_7e2b216f62b2af90b0db370fe85efc1c	96.000	125	5	5.27e-55	204	151
M03520:605:000000000-LVNKY:1:2109:12992:20249;size=1	A00405_539_HLLNCDSX3_4_1133_19199_19492_1_294_-_f696211bbf33e2824c01aee2ec50bcfe	94.915	118	6	1.91e-49	185	151
M03520:605:000000000-LVNKY:1:2109:12992:20249;size=1	A00405_539_HLLNCDSX3_4_1165_26124_18364_1_289_-_92dcb437b5cfeea75f7a8f87a187a684	87.069	116	13	9.08e-33	130	151
M03520:605:000000000-LVNKY:1:2109:12992:20249;size=1	A00405_539_HLLNCDSX3_4_1376_6533_24893_1_250_+_5e735dddc9ed98f764e786e6c938d9b8	79.439	107	18	1.55e-15	73.1	151
M03520:605:000000000-LVNKY:1:2114:26987:18542;size=1	A00405_539_HLLNCDSX3_4_2214_27434_30780_1_238_-_02586f3f6cd19c432ac8d02dc5b6f139	99.138	116	1	1.13e-56	209	151
M03520:605:000000000-LVNKY:1:2114:26987:18542;size=1	A00405_539_HLLNCDSX3_4_2170_22381_8938_1_289_-_5eaf02e2ec49222f3f23b439151ed5af	93.506	77	5	2.54e-28	115	151
M03520:605:000000000-LVNKY:1:1102:29542:14047;size=1	A00405_539_HLLNCDSX3_4_1149_18701_36605_1_292_-_4a407c9c3375a6ad5003bdd88d91a484	100.000	115	0	8.76e-58	213	151
M03520:605:000000000-LVNKY:1:2103:11006:27917;size=1	A00405_539_HLLNCDSX3_4_1256_26341_12446_1_294_+_88ec1e8930915f6fd0f1d06309f6b07b	96.026	151	6	8.64e-68	246	151
M03520:605:000000000-LVNKY:1:1103:7709:23601;size=1	A00405_539_HLLNCDSX3_4_2426_5430_12837_1_293_+_06ebbc4d1b33e24196b3fe5cc3323fcc	99.074	108	1	3.17e-52	195	151
M03520:605:000000000-LVNKY:1:2109:26471:8601;size=1	A00405_539_HLLNCDSX3_4_1239_8956_26584_1_215_+_5f74270a96d85094cc3112e09a3d186a	98.601	143	2	5.16e-70	254	151
M03520:605:000000000-LVNKY:1:1109:14837:28446;size=3	A00405_539_HLLNCDSX3_4_1406_19262_13119_1_287_+_7e2b216f62b2af90b0db370fe85efc1c	100.000	125	0	2.42e-63	231	151
M03520:605:000000000-LVNKY:1:2108:26157:14067;size=1	A00405_539_HLLNCDSX3_4_2413_23728_18349_1_294_+_5c8cf276bfb8a016a1079c51251bc7d6	98.675	151	2	1.84e-74	268	151
M03520:605:000000000-LVNKY:1:1113:14746:8161;size=4	A00405_539_HLLNCDSX3_4_1406_19262_13119_1_287_+_7e2b216f62b2af90b0db370fe85efc1c	96.800	125	4	1.13e-56	209	151
M03520:605:000000000-LVNKY:1:2106:23117:19350;size=1	A00405_539_HLLNCDSX3_4_2375_18032_36793_1_294_+_5a260901400c54ea43f4ad67a663e52d	100.000	136	0	1.86e-69	252	151
M03520:605:000000000-LVNKY:1:2106:23117:19350;size=1	A00405_539_HLLNCDSX3_4_2140_30463_36620_1_268_-_efd71567aa19975e277c347d16477d1d	82.353	102	12	7.17e-19	84.2	151
M03520:605:000000000-LVNKY:1:1107:17151:21712;size=1	A00405_539_HLLNCDSX3_4_2413_23728_18349_1_294_+_5c8cf276bfb8a016a1079c51251bc7d6	94.702	151	8	1.87e-64	235	151
M03520:605:000000000-LVNKY:1:1101:12388:15233;size=1	A00405_539_HLLNCDSX3_4_2426_5430_12837_1_293_+_06ebbc4d1b33e24196b3fe5cc3323fcc	99.074	108	1	3.17e-52	195	151
M03520:605:000000000-LVNKY:1:2114:6198:25058;size=1	A00405_539_HLLNCDSX3_4_1406_19262_13119_1_287_+_7e2b216f62b2af90b0db370fe85efc1c	99.200	125	1	1.13e-61	226	151
M03520:605:000000000-LVNKY:1:2111:29458:15927;size=1	A00405_539_HLLNCDSX3_4_2354_31494_20306_1_293_+_9fc4ba7df13b38a1122bbfdc70b1bfa7	99.329	149	1	5.13e-75	270	151
M03520:605:000000000-LVNKY:1:1110:6559:25535;size=1	A00405_539_HLLNCDSX3_4_2413_23728_18349_1_294_+_5c8cf276bfb8a016a1079c51251bc7d6	98.675	151	2	1.84e-74	268	151
M03520:605:000000000-LVNKY:1:1102:2785:13549;size=1	A00405_539_HLLNCDSX3_4_2536_7952_30984_1_279_+_0477fcf26c74fdea1d47fdaf9816091b	98.667	150	2	6.63e-74	267	151
M03520:605:000000000-LVNKY:1:1102:18758:9264;size=2	A00405_539_HLLNCDSX3_4_1667_3577_14481_1_279_+_5c2b589f92cd328dd27be08801c4b747	100.000	140	0	1.11e-71	259	151
M03520:605:000000000-LVNKY:1:1101:9046:6371;size=4	A00405_539_HLLNCDSX3_4_2428_6090_14794_1_294_-_80eeeb5dde92ef47ef076603c990b2f7	99.115	113	1	5.27e-55	204	151
M03520:605:000000000-LVNKY:1:2111:18688:11275;size=1	A00405_539_HLLNCDSX3_4_1611_20591_31767_1_245_+_c85069129eccf841c09642fb1373ef77	100.000	134	0	2.40e-68	248	151
M03520:605:000000000-LVNKY:1:2111:18688:11275;size=1	A00405_539_HLLNCDSX3_4_1359_17779_23672_1_197_+_463824133f7eb5b8f3c56841b215fd77	99.254	134	1	1.12e-66	243	151
M03520:605:000000000-LVNKY:1:1109:7662:14213;size=2	A00405_539_HLLNCDSX3_4_1406_19262_13119_1_287_+_7e2b216f62b2af90b0db370fe85efc1c	99.338	151	1	3.96e-76	274	151
M03520:605:000000000-LVNKY:1:2105:19970:19697;size=1	A00405_539_HLLNCDSX3_4_2214_27434_30780_1_238_-_02586f3f6cd19c432ac8d02dc5b6f139	98.276	116	1	1.90e-54	202	151
M03520:605:000000000-LVNKY:1:2105:19970:19697;size=1	A00405_539_HLLNCDSX3_4_2170_22381_8938_1_289_-_5eaf02e2ec49222f3f23b439151ed5af	94.366	71	4	1.18e-26	110	151
M03520:605:000000000-LVNKY:1:2105:19970:19697;size=1	A00405_539_HLLNCDSX3_4_2516_24542_11083_1_284_-_3c21a6cd9e6937764d653129dacfc976	93.939	66	4	7.12e-24	100	151
M03520:605:000000000-LVNKY:1:1105:20573:17920;size=4	A00405_539_HLLNCDSX3_4_2134_29966_23202_1_288_+_8eca8314065b3dc0fbb5fe5fed019629	99.254	134	1	1.12e-66	243	151
M03520:605:000000000-LVNKY:1:2102:15717:5749;size=1	A00405_539_HLLNCDSX3_4_1418_8196_3505_1_290_-_1bf831b7d5cca66c11b01477482cf05f	99.320	147	1	6.63e-74	267	151
M03520:605:000000000-LVNKY:1:1105:16840:8812;size=4	A00405_539_HLLNCDSX3_4_1149_18701_36605_1_292_-_4a407c9c3375a6ad5003bdd88d91a484	98.261	115	2	1.90e-54	202	151
M03520:605:000000000-LVNKY:1:1105:20751:27197;size=1	A00405_539_HLLNCDSX3_4_2214_27434_30780_1_238_-_02586f3f6cd19c432ac8d02dc5b6f139	98.276	116	2	5.27e-55	204	151
M03520:605:000000000-LVNKY:1:1105:20751:27197;size=1	A00405_539_HLLNCDSX3_4_2170_22381_8938_1_289_-_5eaf02e2ec49222f3f23b439151ed5af	93.506	77	5	2.54e-28	115	151
M03520:605:000000000-LVNKY:1:2101:21108:27711;size=1	A00405_539_HLLNCDSX3_4_2602_21052_24111_1_292_-_bd1b328e4ee7029fea4cbb06536b8f36	94.040	151	9	8.70e-63	230	151
M03520:605:000000000-LVNKY:1:2101:21108:27711;size=1	A00405_539_HLLNCDSX3_4_2307_13196_28291_1_273_+_08c022a9cdf0c7266ffcd5bb231ae69a	93.919	148	9	4.05e-61	224	151
M03520:605:000000000-LVNKY:1:1106:2343:13914;size=1	A00405_539_HLLNCDSX3_4_2467_17951_7560_1_293_+_af757d9c5e35c4dffc5ad6337375b76c	99.291	141	1	1.44e-70	255	151
M03520:605:000000000-LVNKY:1:1107:6736:16131;size=1	A00405_539_HLLNCDSX3_4_1406_19262_13119_1_287_+_7e2b216f62b2af90b0db370fe85efc1c	98.675	151	2	1.84e-74	268	151
M03520:605:000000000-LVNKY:1:1108:17989:13355;size=1	A00405_539_HLLNCDSX3_4_2170_22381_8938_1_289_-_5eaf02e2ec49222f3f23b439151ed5af	95.902	122	5	2.45e-53	198	151
M03520:605:000000000-LVNKY:1:1114:24679:24351;size=1	A00405_539_HLLNCDSX3_4_1256_26341_12446_1_294_+_88ec1e8930915f6fd0f1d06309f6b07b	96.026	151	6	8.64e-68	246	151
M03520:605:000000000-LVNKY:1:1113:17941:15530;size=1	A00405_539_HLLNCDSX3_4_2375_18032_36793_1_294_+_5a260901400c54ea43f4ad67a663e52d	99.265	136	1	8.64e-68	246	151
M03520:605:000000000-LVNKY:1:1114:20811:24588;size=1	A00405_539_HLLNCDSX3_4_1253_5231_9204_1_291_+_5232c331b3893acf7a55118f4673f3d0	95.455	44	2	5.58e-15	71.3	151
M03520:605:000000000-LVNKY:1:2109:17656:19023;size=1	A00405_539_HLLNCDSX3_4_1253_5231_9204_1_291_+_5232c331b3893acf7a55118f4673f3d0	95.455	44	2	5.58e-15	71.3	151
M03520:605:000000000-LVNKY:1:1111:3818:8457;size=1	A00405_539_HLLNCDSX3_4_1253_5231_9204_1_291_+_5232c331b3893acf7a55118f4673f3d0	95.455	44	2	5.58e-15	71.3	151
M03520:605:000000000-LVNKY:1:1105:24779:18529;size=1	A00405_539_HLLNCDSX3_4_1253_5231_9204_1_291_+_5232c331b3893acf7a55118f4673f3d0	95.455	44	2	5.58e-15	71.3	151
M03520:605:000000000-LVNKY:1:1107:2285:14386;size=1	A00405_539_HLLNCDSX3_4_1253_5231_9204_1_291_+_5232c331b3893acf7a55118f4673f3d0	95.455	44	2	5.58e-15	71.3	151
M03520:605:000000000-LVNKY:1:2114:5125:14989;size=1	A00405_539_HLLNCDSX3_4_1253_5231_9204_1_291_+_5232c331b3893acf7a55118f4673f3d0	95.455	44	2	5.58e-15	71.3	151
M03520:605:000000000-LVNKY:1:1107:21292:17122;size=1	A00405_539_HLLNCDSX3_4_1253_5231_9204_1_291_+_5232c331b3893acf7a55118f4673f3d0	95.455	44	2	5.58e-15	71.3	151
M03520:605:000000000-LVNKY:1:2111:19044:22550;size=1	A00405_539_HLLNCDSX3_4_1253_5231_9204_1_291_+_5232c331b3893acf7a55118f4673f3d0	95.455	44	2	5.58e-15	71.3	151
M03520:605:000000000-LVNKY:1:1105:4170:17712;size=1	A00405_539_HLLNCDSX3_4_1253_5231_9204_1_291_+_5232c331b3893acf7a55118f4673f3d0	95.455	44	2	5.58e-15	71.3	151
M03520:605:000000000-LVNKY:1:1106:20408:24165;size=1	A00405_539_HLLNCDSX3_4_1253_5231_9204_1_291_+_5232c331b3893acf7a55118f4673f3d0	95.455	44	2	5.58e-15	71.3	151
M03520:605:000000000-LVNKY:1:1107:16617:4331;size=1	A00405_539_HLLNCDSX3_4_1253_5231_9204_1_291_+_5232c331b3893acf7a55118f4673f3d0	95.455	44	2	5.58e-15	71.3	151
M03520:605:000000000-LVNKY:1:2104:13785:4643;size=1	A00405_539_HLLNCDSX3_4_1253_5231_9204_1_291_+_5232c331b3893acf7a55118f4673f3d0	95.455	44	2	5.58e-15	71.3	151
M03520:605:000000000-LVNKY:1:2102:20356:16468;size=1	A00405_539_HLLNCDSX3_4_1253_5231_9204_1_291_+_5232c331b3893acf7a55118f4673f3d0	95.455	44	2	5.58e-15	71.3	151
M03520:605:000000000-LVNKY:1:2102:17382:14724;size=1	A00405_539_HLLNCDSX3_4_1253_5231_9204_1_291_+_5232c331b3893acf7a55118f4673f3d0	95.455	44	2	5.58e-15	71.3	151
M03520:605:000000000-LVNKY:1:2102:19744:13393;size=1	A00405_539_HLLNCDSX3_4_1253_5231_9204_1_291_+_5232c331b3893acf7a55118f4673f3d0	95.455	44	2	5.58e-15	71.3	151
M03520:605:000000000-LVNKY:1:1111:19072:25393;size=1	A00405_539_HLLNCDSX3_4_1253_5231_9204_1_291_+_5232c331b3893acf7a55118f4673f3d0	95.455	44	2	5.58e-15	71.3	151
M03520:605:000000000-LVNKY:1:1109:13845:8131;size=1	A00405_539_HLLNCDSX3_4_1253_5231_9204_1_291_+_5232c331b3893acf7a55118f4673f3d0	95.455	44	2	5.58e-15	71.3	151
M03520:605:000000000-LVNKY:1:2103:6554:14176;size=1	A00405_539_HLLNCDSX3_4_1253_5231_9204_1_291_+_5232c331b3893acf7a55118f4673f3d0	95.455	44	2	5.58e-15	71.3	151
M03520:605:000000000-LVNKY:1:1112:4508:19523;size=1	A00405_539_HLLNCDSX3_4_1253_5231_9204_1_291_+_5232c331b3893acf7a55118f4673f3d0	95.455	44	2	5.58e-15	71.3	151
M03520:605:000000000-LVNKY:1:1114:6966:25723;size=1	A00405_539_HLLNCDSX3_4_1253_5231_9204_1_291_+_5232c331b3893acf7a55118f4673f3d0	95.455	44	2	5.58e-15	71.3	151
M03520:605:000000000-LVNKY:1:1112:3411:15746;size=1	A00405_539_HLLNCDSX3_4_1253_5231_9204_1_291_+_5232c331b3893acf7a55118f4673f3d0	95.455	44	2	5.58e-15	71.3	151
M03520:605:000000000-LVNKY:1:1101:8840:8240;size=1	A00405_539_HLLNCDSX3_4_1253_5231_9204_1_291_+_5232c331b3893acf7a55118f4673f3d0	95.455	44	2	5.58e-15	71.3	151
M03520:605:000000000-LVNKY:1:2112:20791:9273;size=1	A00405_539_HLLNCDSX3_4_1253_5231_9204_1_291_+_5232c331b3893acf7a55118f4673f3d0	95.455	44	2	5.58e-15	71.3	151
M03520:605:000000000-LVNKY:1:1110:5612:9438;size=1	A00405_539_HLLNCDSX3_4_1253_5231_9204_1_291_+_5232c331b3893acf7a55118f4673f3d0	95.455	44	2	5.58e-15	71.3	151
M03520:605:000000000-LVNKY:1:2110:4425:19268;size=1	A00405_539_HLLNCDSX3_4_1253_5231_9204_1_291_+_5232c331b3893acf7a55118f4673f3d0	95.455	44	2	5.58e-15	71.3	151
M03520:605:000000000-LVNKY:1:1102:17754:9726;size=1	A00405_539_HLLNCDSX3_4_1253_5231_9204_1_291_+_5232c331b3893acf7a55118f4673f3d0	95.455	44	2	5.58e-15	71.3	151
M03520:605:000000000-LVNKY:1:1103:25057:11050;size=1	A00405_539_HLLNCDSX3_4_1253_5231_9204_1_291_+_5232c331b3893acf7a55118f4673f3d0	95.455	44	2	5.58e-15	71.3	151
M03520:605:000000000-LVNKY:1:2107:11437:23901;size=1	A00405_539_HLLNCDSX3_4_1253_5231_9204_1_291_+_5232c331b3893acf7a55118f4673f3d0	95.455	44	2	5.58e-15	71.3	151
M03520:605:000000000-LVNKY:1:1105:10103:12650;size=1	A00405_539_HLLNCDSX3_4_1253_5231_9204_1_291_+_5232c331b3893acf7a55118f4673f3d0	95.455	44	2	5.58e-15	71.3	151
M03520:605:000000000-LVNKY:1:2102:19219:3001;size=1	A00405_539_HLLNCDSX3_4_1253_5231_9204_1_291_+_5232c331b3893acf7a55118f4673f3d0	95.455	44	2	5.58e-15	71.3	151
M03520:605:000000000-LVNKY:1:2106:13411:24789;size=1	A00405_539_HLLNCDSX3_4_1253_5231_9204_1_291_+_5232c331b3893acf7a55118f4673f3d0	95.455	44	2	5.58e-15	71.3	151
M03520:605:000000000-LVNKY:1:2112:23654:26351;size=1	A00405_539_HLLNCDSX3_4_1253_5231_9204_1_291_+_5232c331b3893acf7a55118f4673f3d0	95.652	46	2	4.31e-16	75.0	151
M03520:605:000000000-LVNKY:1:2112:23654:26351;size=1	A00405_539_HLLNCDSX3_4_2362_27326_33004_1_286_-_08920e28984ffda7ff0f37d186246d68	88.000	50	6	1.21e-11	60.2	151
M03520:605:000000000-LVNKY:1:1101:20433:4574;size=1	A00405_539_HLLNCDSX3_4_1253_5231_9204_1_291_+_5232c331b3893acf7a55118f4673f3d0	95.455	44	2	5.58e-15	71.3	151
M03520:605:000000000-LVNKY:1:1112:7129:13019;size=1	A00405_539_HLLNCDSX3_4_1253_5231_9204_1_291_+_5232c331b3893acf7a55118f4673f3d0	95.455	44	2	5.58e-15	71.3	151
M03520:605:000000000-LVNKY:1:1111:19976:7453;size=1	A00405_539_HLLNCDSX3_4_1253_5231_9204_1_291_+_5232c331b3893acf7a55118f4673f3d0	95.455	44	2	5.58e-15	71.3	151
M03520:605:000000000-LVNKY:1:1104:24345:16757;size=1	A00405_539_HLLNCDSX3_4_1253_5231_9204_1_291_+_5232c331b3893acf7a55118f4673f3d0	95.455	44	2	5.58e-15	71.3	151
M03520:605:000000000-LVNKY:1:2113:18489:8576;size=1	A00405_539_HLLNCDSX3_4_1253_5231_9204_1_291_+_5232c331b3893acf7a55118f4673f3d0	95.455	44	2	5.58e-15	71.3	151
M03520:605:000000000-LVNKY:1:1103:14974:4100;size=1	A00405_539_HLLNCDSX3_4_1253_5231_9204_1_291_+_5232c331b3893acf7a55118f4673f3d0	95.455	44	2	5.58e-15	71.3	151
M03520:605:000000000-LVNKY:1:2112:20664:13704;size=1	A00405_539_HLLNCDSX3_4_1253_5231_9204_1_291_+_5232c331b3893acf7a55118f4673f3d0	95.455	44	2	5.58e-15	71.3	151
M03520:605:000000000-LVNKY:1:1114:18215:19861;size=1	A00405_539_HLLNCDSX3_4_1253_5231_9204_1_291_+_5232c331b3893acf7a55118f4673f3d0	95.455	44	2	5.58e-15	71.3	151
M03520:605:000000000-LVNKY:1:1105:5177:18549;size=1	A00405_539_HLLNCDSX3_4_1253_5231_9204_1_291_+_5232c331b3893acf7a55118f4673f3d0	95.455	44	2	5.58e-15	71.3	151
M03520:605:000000000-LVNKY:1:2110:14662:18532;size=1	A00405_539_HLLNCDSX3_4_1253_5231_9204_1_291_+_5232c331b3893acf7a55118f4673f3d0	95.238	42	2	7.22e-14	67.6	151
M03520:605:000000000-LVNKY:1:1113:7893:15008;size=1	A00405_539_HLLNCDSX3_4_1253_5231_9204_1_291_+_5232c331b3893acf7a55118f4673f3d0	95.455	44	2	5.58e-15	71.3	151
M03520:605:000000000-LVNKY:1:1108:14306:5949;size=1	A00405_539_HLLNCDSX3_4_1253_5231_9204_1_291_+_5232c331b3893acf7a55118f4673f3d0	95.455	44	2	5.58e-15	71.3	151
M03520:605:000000000-LVNKY:1:1104:22107:15894;size=1	A00405_539_HLLNCDSX3_4_1253_5231_9204_1_291_+_5232c331b3893acf7a55118f4673f3d0	95.455	44	2	5.58e-15	71.3	151
M03520:605:000000000-LVNKY:1:1105:16097:14771;size=1	A00405_539_HLLNCDSX3_4_1253_5231_9204_1_291_+_5232c331b3893acf7a55118f4673f3d0	95.455	44	2	5.58e-15	71.3	151
M03520:605:000000000-LVNKY:1:2106:3558:9190;size=1	A00405_539_HLLNCDSX3_4_1253_5231_9204_1_291_+_5232c331b3893acf7a55118f4673f3d0	95.455	44	2	5.58e-15	71.3	151
M03520:605:000000000-LVNKY:1:1102:25153:15605;size=1	A00405_539_HLLNCDSX3_4_1253_5231_9204_1_291_+_5232c331b3893acf7a55118f4673f3d0	95.455	44	2	5.58e-15	71.3	151
M03520:605:000000000-LVNKY:1:1102:3670:16443;size=1	A00405_539_HLLNCDSX3_4_1253_5231_9204_1_291_+_5232c331b3893acf7a55118f4673f3d0	95.349	43	2	2.01e-14	69.4	151
M03520:605:000000000-LVNKY:1:2102:23770:22364;size=1	A00405_539_HLLNCDSX3_4_1253_5231_9204_1_291_+_5232c331b3893acf7a55118f4673f3d0	95.455	44	2	5.58e-15	71.3	151
M03520:605:000000000-LVNKY:1:2108:9552:19644;size=1	A00405_539_HLLNCDSX3_4_1253_5231_9204_1_291_+_5232c331b3893acf7a55118f4673f3d0	95.455	44	2	5.58e-15	71.3	151
M03520:605:000000000-LVNKY:1:1101:3105:15197;size=1	A00405_539_HLLNCDSX3_4_2576_29315_15749_1_293_+_81ef8281ba5891ff7b36aceec603003c	97.647	85	2	9.01e-38	147	151
M03520:605:000000000-LVNKY:1:1101:3105:15197;size=1	A00405_539_HLLNCDSX3_4_2375_18032_36793_1_294_+_5a260901400c54ea43f4ad67a663e52d	94.737	38	2	1.21e-11	60.2	151
M03520:605:000000000-LVNKY:1:2101:25464:5912;size=1	A00405_539_HLLNCDSX3_4_1253_5231_9204_1_291_+_5232c331b3893acf7a55118f4673f3d0	95.455	44	2	5.58e-15	71.3	151
M03520:605:000000000-LVNKY:1:1108:3560:21215;size=1	A00405_539_HLLNCDSX3_4_1253_5231_9204_1_291_+_5232c331b3893acf7a55118f4673f3d0	95.455	44	2	5.58e-15	71.3	151
M03520:605:000000000-LVNKY:1:1101:3551:13657;size=1	A00405_539_HLLNCDSX3_4_1253_5231_9204_1_291_+_5232c331b3893acf7a55118f4673f3d0	95.455	44	2	5.58e-15	71.3	151
M03520:605:000000000-LVNKY:1:1103:22602:9207;size=1	A00405_539_HLLNCDSX3_4_1133_19199_19492_1_294_-_f696211bbf33e2824c01aee2ec50bcfe	93.220	118	7	1.49e-45	172	151
M03520:605:000000000-LVNKY:1:1103:22602:9207;size=1	A00405_539_HLLNCDSX3_4_1165_26124_18364_1_289_-_92dcb437b5cfeea75f7a8f87a187a684	87.069	116	12	3.27e-32	128	151
M03520:605:000000000-LVNKY:1:2114:16336:13999;size=1	A00405_539_HLLNCDSX3_4_1418_8196_3505_1_290_-_1bf831b7d5cca66c11b01477482cf05f	100.000	62	0	2.54e-28	115	151
M03520:605:000000000-LVNKY:1:1103:13150:20451;size=2	A00405_539_HLLNCDSX3_4_2214_27434_30780_1_238_-_02586f3f6cd19c432ac8d02dc5b6f139	99.138	116	0	4.08e-56	207	151
M03520:605:000000000-LVNKY:1:1103:13150:20451;size=2	A00405_539_HLLNCDSX3_4_2170_22381_8938_1_289_-_5eaf02e2ec49222f3f23b439151ed5af	92.208	77	5	4.25e-26	108	151
M03520:605:000000000-LVNKY:1:1103:13150:20451;size=2	A00405_539_HLLNCDSX3_4_2516_24542_11083_1_284_-_3c21a6cd9e6937764d653129dacfc976	95.455	66	3	1.53e-25	106	151
M03520:605:000000000-LVNKY:1:2109:21816:6929;size=1	A00405_539_HLLNCDSX3_4_2539_10592_7811_10_293_-_001b4ede20b5ef9e875d65d6ece253c1	99.275	138	1	6.68e-69	250	151
M03520:605:000000000-LVNKY:1:1107:8767:21048;size=1	A00405_539_HLLNCDSX3_4_2354_31494_20306_1_293_+_9fc4ba7df13b38a1122bbfdc70b1bfa7	97.959	49	1	1.99e-19	86.1	151
M03520:605:000000000-LVNKY:1:1106:9553:11135;size=1	A00405_539_HLLNCDSX3_4_2539_10592_7811_10_293_-_001b4ede20b5ef9e875d65d6ece253c1	96.377	138	5	3.13e-62	228	151
M03520:605:000000000-LVNKY:1:1106:9553:11135;size=1	A00405_539_HLLNCDSX3_4_2569_7826_8406_1_166_-_5ecd0da00ebf6784c1c9d0996297c9b6	90.000	120	12	1.50e-40	156	151
M03520:605:000000000-LVNKY:1:1106:9553:11135;size=1	A00405_539_HLLNCDSX3_4_2428_6090_14794_1_294_-_80eeeb5dde92ef47ef076603c990b2f7	90.323	93	9	1.52e-30	122	151
M03520:605:000000000-LVNKY:1:1112:23763:16120;size=3	A00405_539_HLLNCDSX3_4_1457_27778_27712_47_227_-_de095bd6d8cf77fbfaa0542ad5964131	100.000	40	0	4.31e-16	75.0	151
M03520:605:000000000-LVNKY:1:1112:23763:16120;size=3	A00405_539_HLLNCDSX3_4_2316_28330_6527_1_279_+_d0519282208358367ba6d805c3abc895	100.000	40	0	4.31e-16	75.0	151
M03520:605:000000000-LVNKY:1:1112:23763:16120;size=3	A00405_539_HLLNCDSX3_4_2516_24542_11083_1_284_-_3c21a6cd9e6937764d653129dacfc976	100.000	39	0	1.55e-15	73.1	151
M03520:605:000000000-LVNKY:1:2113:29311:16647;size=1	A00405_539_HLLNCDSX3_4_1418_8196_3505_1_290_-_1bf831b7d5cca66c11b01477482cf05f	96.622	148	5	8.64e-68	246	151
M03520:605:000000000-LVNKY:1:1105:22742:6861;size=1	A00405_539_HLLNCDSX3_4_2539_10592_7811_10_293_-_001b4ede20b5ef9e875d65d6ece253c1	98.551	138	2	3.11e-67	244	151
M03520:605:000000000-LVNKY:1:2103:9242:15789;size=1	A00405_539_HLLNCDSX3_4_1418_8196_3505_1_290_-_1bf831b7d5cca66c11b01477482cf05f	98.649	148	1	3.09e-72	261	151
M03520:605:000000000-LVNKY:1:2101:26176:16301;size=1	A00405_539_HLLNCDSX3_4_1418_8196_3505_1_290_-_1bf831b7d5cca66c11b01477482cf05f	98.649	148	1	3.09e-72	261	151
M03520:605:000000000-LVNKY:1:1101:4613:18493;size=1	A00405_539_HLLNCDSX3_4_2354_31494_20306_1_293_+_9fc4ba7df13b38a1122bbfdc70b1bfa7	98.113	53	1	1.19e-21	93.5	151
M03520:605:000000000-LVNKY:1:1102:19102:11383;size=4	A00405_539_HLLNCDSX3_4_2413_23728_18349_1_294_+_5c8cf276bfb8a016a1079c51251bc7d6	97.351	151	4	3.99e-71	257	151
M03520:605:000000000-LVNKY:1:1105:25916:19697;size=1	A00405_539_HLLNCDSX3_4_2354_31494_20306_1_293_+_9fc4ba7df13b38a1122bbfdc70b1bfa7	95.161	62	3	2.56e-23	99.0	151
M03520:605:000000000-LVNKY:1:1106:6835:23084;size=1	A00405_539_HLLNCDSX3_4_2602_21052_24111_1_292_-_bd1b328e4ee7029fea4cbb06536b8f36	98.333	120	2	3.15e-57	211	151
M03520:605:000000000-LVNKY:1:1106:6835:23084;size=1	A00405_539_HLLNCDSX3_4_2307_13196_28291_1_273_+_08c022a9cdf0c7266ffcd5bb231ae69a	99.130	115	1	4.08e-56	207	151
M03520:605:000000000-LVNKY:1:2104:14365:10795;size=1	A00405_539_HLLNCDSX3_4_2428_25979_27508_1_293_+_ea053f94656145d4f38e54ebc41708ef	100.000	38	0	5.58e-15	71.3	151
M03520:605:000000000-LVNKY:1:1101:16908:21365;size=1	A00405_539_HLLNCDSX3_4_1457_27778_27712_47_227_-_de095bd6d8cf77fbfaa0542ad5964131	97.872	47	1	2.58e-18	82.4	151
M03520:605:000000000-LVNKY:1:1101:16908:21365;size=1	A00405_539_HLLNCDSX3_4_2316_28330_6527_1_279_+_d0519282208358367ba6d805c3abc895	97.872	47	1	2.58e-18	82.4	151
M03520:605:000000000-LVNKY:1:1101:16908:21365;size=1	A00405_539_HLLNCDSX3_4_2516_24542_11083_1_284_-_3c21a6cd9e6937764d653129dacfc976	97.826	46	1	9.27e-18	80.5	151
M03520:605:000000000-LVNKY:1:1112:9510:26050;size=1	A00405_539_HLLNCDSX3_4_2354_31494_20306_1_293_+_9fc4ba7df13b38a1122bbfdc70b1bfa7	93.548	62	4	1.19e-21	93.5	151
M03520:605:000000000-LVNKY:1:1102:11192:16204;size=1	A00405_539_HLLNCDSX3_4_2413_23728_18349_1_294_+_5c8cf276bfb8a016a1079c51251bc7d6	92.308	143	11	5.27e-55	204	151
M03520:605:000000000-LVNKY:1:1107:15295:19554;size=1	A00405_539_HLLNCDSX3_4_1154_13485_33489_5_274_-_d073362756742bb4412cb50ca2f1f2c4	99.174	121	1	1.88e-59	219	151
M03520:605:000000000-LVNKY:1:1104:8589:27349;size=1	A00405_539_HLLNCDSX3_4_2539_10592_7811_10_293_-_001b4ede20b5ef9e875d65d6ece253c1	89.130	138	15	1.49e-45	172	151
M03520:605:000000000-LVNKY:1:1104:8589:27349;size=1	A00405_539_HLLNCDSX3_4_2432_21287_25300_1_243_+_ba90b251dbb9fd9fef23b6cb965a7026	84.783	138	21	1.51e-35	139	151
M03520:605:000000000-LVNKY:1:1105:9228:16293;size=1	A00405_539_HLLNCDSX3_4_1658_3323_32988_1_263_-_dc6ba1e1e16727c625cb7c8f20bbb582	91.262	103	9	4.19e-36	141	151
M03520:605:000000000-LVNKY:1:2108:18808:15469;size=1	A00405_539_HLLNCDSX3_4_2434_5791_26678_1_293_+_4935421d650b2f8704a06e4772a37ebd	97.727	44	1	1.20e-16	76.8	151
M03520:605:000000000-LVNKY:1:1104:4556:10656;size=2	A00405_539_HLLNCDSX3_4_2214_27434_30780_1_238_-_02586f3f6cd19c432ac8d02dc5b6f139	95.690	116	4	1.91e-49	185	151
M03520:605:000000000-LVNKY:1:1104:4556:10656;size=2	A00405_539_HLLNCDSX3_4_2516_24542_11083_1_284_-_3c21a6cd9e6937764d653129dacfc976	100.000	66	0	1.52e-30	122	151
M03520:605:000000000-LVNKY:1:2114:20349:12399;size=1	A00405_539_HLLNCDSX3_4_2521_19859_1908_57_278_-_21a9fa43bebd815a3020ec639cac92ce	100.000	40	0	4.31e-16	75.0	151
M03520:605:000000000-LVNKY:1:2114:20349:12399;size=1	A00405_539_HLLNCDSX3_4_1465_31403_21371_1_266_-_dbb16b38ce747ac04c2cfb88aa9ecb63	100.000	35	0	2.60e-13	65.8	151
M03520:605:000000000-LVNKY:1:1106:25047:12031;size=1	A00405_539_HLLNCDSX3_4_2413_23728_18349_1_294_+_5c8cf276bfb8a016a1079c51251bc7d6	99.281	139	1	1.86e-69	252	151
M03520:605:000000000-LVNKY:1:1113:11733:6586;size=1	A00405_539_HLLNCDSX3_4_1418_8196_3505_1_290_-_1bf831b7d5cca66c11b01477482cf05f	97.403	77	2	2.52e-33	132	151
M03520:605:000000000-LVNKY:1:1113:13964:15305;size=1	A00405_539_HLLNCDSX3_4_2354_31494_20306_1_293_+_9fc4ba7df13b38a1122bbfdc70b1bfa7	95.918	49	2	9.27e-18	80.5	151
M03520:605:000000000-LVNKY:1:1105:24238:9011;size=1	A00405_539_HLLNCDSX3_4_2539_10592_7811_10_293_-_001b4ede20b5ef9e875d65d6ece253c1	99.275	138	1	6.68e-69	250	151
M03520:605:000000000-LVNKY:1:2110:8424:16062;size=1	A00405_539_HLLNCDSX3_4_2413_23728_18349_1_294_+_5c8cf276bfb8a016a1079c51251bc7d6	96.552	58	2	9.21e-23	97.1	151
M03520:605:000000000-LVNKY:1:1106:18258:7339;size=1	A00405_539_HLLNCDSX3_4_1256_26341_12446_1_294_+_88ec1e8930915f6fd0f1d06309f6b07b	98.077	52	1	4.28e-21	91.6	151
M03520:605:000000000-LVNKY:1:1106:6121:5667;size=2	A00405_539_HLLNCDSX3_4_1154_13485_33489_5_274_-_d073362756742bb4412cb50ca2f1f2c4	98.361	122	2	2.44e-58	215	151
M03520:605:000000000-LVNKY:1:2102:25830:17555;size=1	A00405_539_HLLNCDSX3_4_2413_23728_18349_1_294_+_5c8cf276bfb8a016a1079c51251bc7d6	99.275	138	1	6.68e-69	250	151
M03520:605:000000000-LVNKY:1:1101:19164:25512;size=1	A00405_539_HLLNCDSX3_4_1154_13485_33489_5_274_-_d073362756742bb4412cb50ca2f1f2c4	97.500	120	3	1.47e-55	206	151
M03520:605:000000000-LVNKY:1:1113:24169:17059;size=2	A00405_539_HLLNCDSX3_4_1412_10022_10770_1_291_+_16759ee50eb37c248e99815d17ac3c88	100.000	41	0	1.20e-16	76.8	151
M03520:605:000000000-LVNKY:1:1112:11613:9137;size=1	A00405_539_HLLNCDSX3_4_1418_8196_3505_1_290_-_1bf831b7d5cca66c11b01477482cf05f	98.649	148	1	3.09e-72	261	151
M03520:605:000000000-LVNKY:1:1114:27095:19150;size=1	A00405_539_HLLNCDSX3_4_1149_18701_36605_1_292_-_4a407c9c3375a6ad5003bdd88d91a484	98.261	115	2	1.90e-54	202	151
M03520:605:000000000-LVNKY:1:1109:19630:6848;size=1	A00405_539_HLLNCDSX3_4_2375_18032_36793_1_294_+_5a260901400c54ea43f4ad67a663e52d	100.000	53	0	2.56e-23	99.0	151
M03520:605:000000000-LVNKY:1:1109:19630:6848;size=1	A00405_539_HLLNCDSX3_4_2140_30463_36620_1_268_-_efd71567aa19975e277c347d16477d1d	95.349	43	2	2.01e-14	69.4	151
M03520:605:000000000-LVNKY:1:2108:20836:20501;size=1	A00405_539_HLLNCDSX3_4_2516_24542_11083_1_284_-_3c21a6cd9e6937764d653129dacfc976	98.462	65	1	2.54e-28	115	151
M03520:605:000000000-LVNKY:1:2108:20836:20501;size=1	A00405_539_HLLNCDSX3_4_2214_27434_30780_1_238_-_02586f3f6cd19c432ac8d02dc5b6f139	98.462	65	1	2.54e-28	115	151
M03520:605:000000000-LVNKY:1:1105:21849:25830;size=1	A00405_539_HLLNCDSX3_4_2539_10592_7811_10_293_-_001b4ede20b5ef9e875d65d6ece253c1	98.551	138	2	3.11e-67	244	151
M03520:605:000000000-LVNKY:1:2109:18069:20432;size=1	A00405_539_HLLNCDSX3_4_1334_11930_16266_1_258_+_048a394d3695a8abb0c425f7d9b7201d	97.541	122	2	4.08e-56	207	151
M03520:605:000000000-LVNKY:1:2114:20872:9377;size=1	A00405_539_HLLNCDSX3_4_2131_18620_13135_1_293_-_475f6489d6168626d7328349979e9cd2	98.246	114	1	2.45e-53	198	151
M03520:605:000000000-LVNKY:1:2105:9714:15617;size=1	A00405_539_HLLNCDSX3_4_2214_27434_30780_1_238_-_02586f3f6cd19c432ac8d02dc5b6f139	95.495	111	4	1.15e-46	176	151
M03520:605:000000000-LVNKY:1:2105:9714:15617;size=1	A00405_539_HLLNCDSX3_4_2516_24542_11083_1_284_-_3c21a6cd9e6937764d653129dacfc976	100.000	60	0	3.29e-27	111	151
M03520:605:000000000-LVNKY:1:2102:24072:13395;size=1	A00405_539_HLLNCDSX3_4_1253_5231_9204_1_291_+_5232c331b3893acf7a55118f4673f3d0	93.333	45	2	2.60e-13	65.8	151
M03520:605:000000000-LVNKY:1:1104:21560:11951;size=1	A00405_539_HLLNCDSX3_4_1406_19262_13119_1_287_+_7e2b216f62b2af90b0db370fe85efc1c	94.595	37	2	4.35e-11	58.4	151
M03520:605:000000000-LVNKY:1:1113:21915:16487;size=2	A00405_539_HLLNCDSX3_4_2539_10592_7811_10_293_-_001b4ede20b5ef9e875d65d6ece253c1	100.000	138	0	1.44e-70	255	151
M03520:605:000000000-LVNKY:1:2108:11597:2639;size=1	A00405_539_HLLNCDSX3_4_2516_24542_11083_1_284_-_3c21a6cd9e6937764d653129dacfc976	98.551	138	2	3.11e-67	244	151
M03520:605:000000000-LVNKY:1:2108:11597:2639;size=1	A00405_539_HLLNCDSX3_4_2316_28330_6527_1_279_+_d0519282208358367ba6d805c3abc895	96.403	139	5	8.70e-63	230	151
M03520:605:000000000-LVNKY:1:2108:11597:2639;size=1	A00405_539_HLLNCDSX3_4_1457_27778_27712_47_227_-_de095bd6d8cf77fbfaa0542ad5964131	100.000	73	0	1.95e-34	135	151
M03520:605:000000000-LVNKY:1:1110:23053:14184;size=4	A00405_539_HLLNCDSX3_4_2516_24542_11083_1_284_-_3c21a6cd9e6937764d653129dacfc976	99.315	146	1	2.39e-73	265	151
M03520:605:000000000-LVNKY:1:1110:23053:14184;size=4	A00405_539_HLLNCDSX3_4_2316_28330_6527_1_279_+_d0519282208358367ba6d805c3abc895	97.279	147	4	6.68e-69	250	151
M03520:605:000000000-LVNKY:1:1110:23053:14184;size=4	A00405_539_HLLNCDSX3_4_1457_27778_27712_47_227_-_de095bd6d8cf77fbfaa0542ad5964131	100.000	73	0	1.95e-34	135	151
M03520:605:000000000-LVNKY:1:1109:12961:14895;size=1	A00405_539_HLLNCDSX3_4_2428_6090_14794_1_294_-_80eeeb5dde92ef47ef076603c990b2f7	98.230	113	2	2.45e-53	198	151
M03520:605:000000000-LVNKY:1:1110:5647:23425;size=1	A00405_539_HLLNCDSX3_4_2516_24542_11083_1_284_-_3c21a6cd9e6937764d653129dacfc976	95.172	145	7	2.42e-63	231	151
M03520:605:000000000-LVNKY:1:1110:5647:23425;size=1	A00405_539_HLLNCDSX3_4_2316_28330_6527_1_279_+_d0519282208358367ba6d805c3abc895	95.122	82	4	9.08e-33	130	151
M03520:605:000000000-LVNKY:1:1110:5647:23425;size=1	A00405_539_HLLNCDSX3_4_2214_27434_30780_1_238_-_02586f3f6cd19c432ac8d02dc5b6f139	97.333	75	2	3.27e-32	128	151
M03520:605:000000000-LVNKY:1:1108:26023:16295;size=1	A00405_539_HLLNCDSX3_4_1308_16957_34616_1_288_+_e9eef5be17e74604d685b2e3442b347d	97.902	143	3	2.40e-68	248	151
M03520:605:000000000-LVNKY:1:1108:26023:16295;size=1	A00405_539_HLLNCDSX3_4_2254_17888_3975_1_290_+_288544c16fc112942b22763b2578b935	97.959	98	2	5.35e-45	171	151
M03520:605:000000000-LVNKY:1:1108:10527:17735;size=1	A00405_539_HLLNCDSX3_4_2516_24542_11083_1_284_-_3c21a6cd9e6937764d653129dacfc976	95.862	145	6	5.20e-65	237	151
M03520:605:000000000-LVNKY:1:1108:10527:17735;size=1	A00405_539_HLLNCDSX3_4_2214_27434_30780_1_238_-_02586f3f6cd19c432ac8d02dc5b6f139	98.667	75	1	7.02e-34	134	151
M03520:605:000000000-LVNKY:1:1108:10527:17735;size=1	A00405_539_HLLNCDSX3_4_2316_28330_6527_1_279_+_d0519282208358367ba6d805c3abc895	95.122	82	4	9.08e-33	130	151
