qseqid,sample,pair_status,abundance,f_targets,r_targets
M03520:605:000000000-LVNKY:1:1104:22453:7259,sd30-1,F_only,1,RH.DB98783D89B9417Z0Z,""
M03520:605:000000000-LVNKY:1:1103:10838:5318,as25-1,F_only,1,RH.5DA12402580148DZ0Z,""
M03520:605:000000000-LVNKY:1:2102:6389:19138,as15-3,F_only,1,RH.0096A141894D447Z0Z,""
M03520:605:000000000-LVNKY:1:1102:12021:19537,as15-3,F_only,1,RH.6C52B179ABE34FAZ0Z,""
M03520:605:000000000-LVNKY:1:2104:9833:19525,as7-1,F_only,1,RH.3C4181E04665462Z0Z,""
M03520:605:000000000-LVNKY:1:2109:25050:15359,as25-2,F_only,1,RH.5DA12402580148DZ0Z,""
M03520:605:000000000-LVNKY:1:2101:18064:19609,as3-2,F_only,1,RH.2B5DDF63455445EZ0Z,""
M03520:605:000000000-LVNKY:1:1113:4747:7955,as7-1,F_only,1,RH.7E59D32B4EDB4C3Z0Z,""
M03520:605:000000000-LVNKY:1:2103:11288:13211,sd30-2,F_only,1,RH.5DA12402580148DZ0Z,""
M03520:605:000000000-LVNKY:1:1107:15723:19024,as25-1,F_only,1,RH.3C4181E04665462Z0Z,""
M03520:605:000000000-LVNKY:1:1103:3640:11132,as7-1,F_only,1,RH.3C4181E04665462Z0Z,""
M03520:605:000000000-LVNKY:1:1106:16022:22503,as7-1,F_only,1,RH.2B5DDF63455445EZ0Z,""
M03520:605:000000000-LVNKY:1:2114:19574:28352,as7-2,F_only,1,RH.E50C44E6F0174B8Z0Z,""
M03520:605:000000000-LVNKY:1:1109:17411:19538,as30-3,F_only,1,RH.609947B6947F457Z0Z,""
M03520:605:000000000-LVNKY:1:2110:4189:12795,as3-2,F_only,1,RH.5DA12402580148DZ0Z,""
M03520:605:000000000-LVNKY:1:1105:21623:7161,as7-1,F_only,1,RH.23246278E0E74E6Z0Z,""
M03520:605:000000000-LVNKY:1:2106:7830:7044,as20-3,F_only,1,RH.5F6424ABBC3C47BZ0Z,""
M03520:605:000000000-LVNKY:1:1113:24294:24558,sd10-2,F_only,1,RH.FDEF34A308684D6Z0Z,""
M03520:605:000000000-LVNKY:1:2102:25220:20810,as7-1,F_only,1,RH.B653F449126B4A1Z0Z,""
M03520:605:000000000-LVNKY:1:1114:24868:18227,as3-1,F_only,1,RH.3C4181E04665462Z0Z,""
M03520:605:000000000-LVNKY:1:1110:17906:4781,sd3-1,F_only,4,RH.2091F326F74640CZ0Z,""
M03520:605:000000000-LVNKY:1:1109:17884:10060,as7-1,F_only,1,RH.7E59D32B4EDB4C3Z0Z,""
M03520:605:000000000-LVNKY:1:2110:23990:19920,as3-2,F_only,1,RH.7E59D32B4EDB4C3Z0Z,""
M03520:605:000000000-LVNKY:1:1101:6676:16472,as7-1,F_only,1,RH.7E59D32B4EDB4C3Z0Z,""
M03520:605:000000000-LVNKY:1:2105:13231:12817,as3-3,F_only,1,RH.A53C366ACB83471Z0Z,""
M03520:605:000000000-LVNKY:1:2114:19346:9381,as7-1,F_only,1,RH.7E59D32B4EDB4C3Z0Z,""
M03520:605:000000000-LVNKY:1:2110:17575:19205,as3-2,F_only,1,RH.2B5DDF63455445EZ0Z,""
M03520:605:000000000-LVNKY:1:2102:22526:26565,as7-1,F_only,1,RH.3C4181E04665462Z0Z,""
M03520:605:000000000-LVNKY:1:2104:16904:12235,as3-2,F_only,1,RH.6C52B179ABE34FAZ0Z,""
M03520:605:000000000-LVNKY:1:1109:17440:6377,as15-1,F_only,1,RH.BB24C5C404164F1Z0Z,""
M03520:605:000000000-LVNKY:1:1109:26330:23210,as3-1,F_only,1,RH.E50C44E6F0174B8Z0Z,""
M03520:605:000000000-LVNKY:1:2112:7284:16043,as7-1,F_only,1,RH.5DA12402580148DZ0Z,""
M03520:605:000000000-LVNKY:1:2108:12896:18033,as7-2,F_only,1,RH.3C4181E04665462Z0Z,""
M03520:605:000000000-LVNKY:1:1111:15790:5393,as10-2,F_only,1,RH.541A1C9A5856408Z0Z,""
M03520:605:000000000-LVNKY:1:2104:5715:6362,as7-1,F_only,1,RH.23246278E0E74E6Z0Z,""
M03520:605:000000000-LVNKY:1:2102:16001:23802,as3-2,F_only,1,RH.2B5DDF63455445EZ0Z,""
M03520:605:000000000-LVNKY:1:1101:8280:26457,sd25-1,F_only,1,RH.44DCEC943BED412Z0Z,""
M03520:605:000000000-LVNKY:1:1107:28231:20855,sd25-3,F_only,1,RH.6572108A164E48EZ0Z,""
M03520:605:000000000-LVNKY:1:1103:18727:3414,as7-2,F_only,1,RH.E50C44E6F0174B8Z0Z,""
M03520:605:000000000-LVNKY:1:2114:14746:18879,sd30-2,F_only,1,RH.5DA12402580148DZ0Z,""
M03520:605:000000000-LVNKY:1:1113:15362:16001,sd15-2,F_only,1,RH.5DA12402580148DZ0Z,""
M03520:605:000000000-LVNKY:1:2108:14357:20350,as7-1,F_only,1,RH.7E59D32B4EDB4C3Z0Z,""
M03520:605:000000000-LVNKY:1:1113:16835:15153,as3-2,F_only,1,RH.23246278E0E74E6Z0Z,""
M03520:605:000000000-LVNKY:1:2106:27028:19373,as3-3,F_only,1,RH.BB24C5C404164F1Z0Z,""
M03520:605:000000000-LVNKY:1:1106:19017:4087,sd7-1,F_only,1,RH.2B5DDF63455445EZ0Z,""
M03520:605:000000000-LVNKY:1:2102:25175:8419,as3-2,F_only,1,RH.09D312EAE0BE4BAZ0Z,""
M03520:605:000000000-LVNKY:1:2111:20902:14064,as10-1,F_only,1,RH.2B5DDF63455445EZ0Z,""
M03520:605:000000000-LVNKY:1:2107:4194:19991,as25-1,F_only,1,RH.2B5DDF63455445EZ0Z,""
M03520:605:000000000-LVNKY:1:1109:24679:22549,as3-1,F_only,1,RH.3C4181E04665462Z0Z,""
M03520:605:000000000-LVNKY:1:2108:8460:26809,sd3-1,F_only,1,RH.DDB83AFF97C94C6Z0Z,""
M03520:605:000000000-LVNKY:1:2114:15396:18226,as30-3,F_only,1,RH.E50C44E6F0174B8Z0Z,""
M03520:605:000000000-LVNKY:1:2107:23796:9290,as3-2,F_only,1,RH.2B5DDF63455445EZ0Z,""
M03520:605:000000000-LVNKY:1:1103:11666:15269,as7-1,F_only,1,RH.7E59D32B4EDB4C3Z0Z,""
M03520:605:000000000-LVNKY:1:2114:6120:13761,as15-3,F_only,1,RH.205D0BBB50B8471Z0Z,""
M03520:605:000000000-LVNKY:1:2104:24558:20881,sd7-1,F_only,1,RH.8B25A056ABC1444Z0Z,""
M03520:605:000000000-LVNKY:1:1110:20607:23922,as7-2,F_only,1,RH.2B5DDF63455445EZ0Z,""
M03520:605:000000000-LVNKY:1:2109:13832:16073,as30-3,F_only,1,RH.2B5DDF63455445EZ0Z,""
M03520:605:000000000-LVNKY:1:2107:21094:5312,sd20-2,F_only,1,RH.0550AF0F57084ADZ0Z,""
M03520:605:000000000-LVNKY:1:1104:27449:20251,as20-2,F_only,1,RH.3C4181E04665462Z0Z,""
M03520:605:000000000-LVNKY:1:2104:9306:16615,as7-2,F_only,1,RH.3C4181E04665462Z0Z,""
M03520:605:000000000-LVNKY:1:2111:9675:7235,as3-2,F_only,1,RH.2091F326F74640CZ0Z,""
M03520:605:000000000-LVNKY:1:2110:5828:20122,as3-3,F_only,1,RH.27578A9A85FA4A3Z0Z,""
M03520:605:000000000-LVNKY:1:1107:11429:23866,as7-1,F_only,1,RH.7E59D32B4EDB4C3Z0Z,""
M03520:605:000000000-LVNKY:1:1102:23243:20215,as3-2,F_only,1,RH.2B5DDF63455445EZ0Z,""
M03520:605:000000000-LVNKY:1:2102:19941:4968,as30-3,F_only,1,RH.E50C44E6F0174B8Z0Z,""
M03520:605:000000000-LVNKY:1:1112:1967:17644,as7-1,F_only,1,RH.7E59D32B4EDB4C3Z0Z,""
M03520:605:000000000-LVNKY:1:1111:4397:17807,as7-1,F_only,1,RH.2B5DDF63455445EZ0Z,""
M03520:605:000000000-LVNKY:1:1110:6465:18331,as15-2,F_only,1,RH.5F6424ABBC3C47BZ0Z,""
M03520:605:000000000-LVNKY:1:1113:18253:28239,as3-2,F_only,1,RH.5DA12402580148DZ0Z,""
M03520:605:000000000-LVNKY:1:2114:12854:18688,as7-1,F_only,1,RH.7E59D32B4EDB4C3Z0Z,""
M03520:605:000000000-LVNKY:1:2107:11441:14333,as7-3,F_only,1,RH.6714930AF0C2407Z0Z,""
M03520:605:000000000-LVNKY:1:2109:19399:3104,as7-3,F_only,1,RH.2B5DDF63455445EZ0Z,""
M03520:605:000000000-LVNKY:1:1108:13105:12267,as3-2,F_only,1,RH.7BE9BDD578FB4EEZ0Z,""
M03520:605:000000000-LVNKY:1:1112:23008:13555,as30-3,F_only,1,RH.2FAAAF0B6CBD407Z0Z,""
M03520:605:000000000-LVNKY:1:1112:26232:19545,as20-2,F_only,1,RH.5F6424ABBC3C47BZ0Z,""
M03520:605:000000000-LVNKY:1:1112:12014:27209,sd25-3,F_only,2,RH.0550AF0F57084ADZ0Z,""
M03520:605:000000000-LVNKY:1:1114:20365:21572,as10-1,F_only,1,RH.2B5DDF63455445EZ0Z,""
M03520:605:000000000-LVNKY:1:2102:25396:19630,as7-1,F_only,1,RH.5DA12402580148DZ0Z,""
M03520:605:000000000-LVNKY:1:2102:19352:23816,as7-2,F_only,1,RH.E50C44E6F0174B8Z0Z,""
M03520:605:000000000-LVNKY:1:2114:13308:24445,as3-2,F_only,1,RH.2B5DDF63455445EZ0Z,""
M03520:605:000000000-LVNKY:1:1112:19762:28544,as3-2,F_only,1,RH.25F43EF2A0F1421Z0Z,""
M03520:605:000000000-LVNKY:1:2112:12419:15350,sd3-1,F_only,1,RH.2B5DDF63455445EZ0Z,""
M03520:605:000000000-LVNKY:1:2112:10158:23123,as3-2,F_only,1,RH.1F2473CDE693437Z0Z,""
M03520:605:000000000-LVNKY:1:1108:20681:26986,as7-1,F_only,1,RH.E50C44E6F0174B8Z0Z,""
M03520:605:000000000-LVNKY:1:1109:25555:20016,as3-2,F_only,1,RH.2B5DDF63455445EZ0Z,""
M03520:605:000000000-LVNKY:1:1112:8566:20308,as30-3,F_only,1,RH.F2F19E4203944BDZ0Z,""
M03520:605:000000000-LVNKY:1:1101:22784:23878,as3-2,F_only,1,RH.2B5DDF63455445EZ0Z,""
M03520:605:000000000-LVNKY:1:2105:25950:15132,as7-1,F_only,1,RH.7E59D32B4EDB4C3Z0Z,""
M03520:605:000000000-LVNKY:1:1102:27387:18404,as7-2,F_only,1,RH.6C52B179ABE34FAZ0Z,""
M03520:605:000000000-LVNKY:1:2113:14935:3100,as7-1,F_only,1,RH.003F79FEC922409Z0Z,""
M03520:605:000000000-LVNKY:1:1114:21700:6523,as20-1,F_only,3,RH.5F6424ABBC3C47BZ0Z,""
M03520:605:000000000-LVNKY:1:1103:8840:20027,as3-3,F_only,1,RH.2B5DDF63455445EZ0Z,""
M03520:605:000000000-LVNKY:1:1111:10152:20480,as7-1,F_only,1,RH.3C4181E04665462Z0Z,""
M03520:605:000000000-LVNKY:1:2107:12209:27278,as3-3,F_only,1,RH.E4A8B94D0D174D9Z0Z,""
M03520:605:000000000-LVNKY:1:2106:3149:10654,sd7-1,F_only,1,RH.2A8AD21024974C0Z0Z,""
M03520:605:000000000-LVNKY:1:2111:24787:14311,as20-2,F_only,1,RH.0096A141894D447Z0Z,""
M03520:605:000000000-LVNKY:1:2111:5191:10958,as25-2,F_only,1,RH.3B2B2BB86AB94D3Z0Z,""
M03520:605:000000000-LVNKY:1:1110:28484:19167,as3-3,F_only,1,RH.2B5DDF63455445EZ0Z,""
M03520:605:000000000-LVNKY:1:2108:11744:12429,as10-1,F_only,1,RH.3C4181E04665462Z0Z,""
M03520:605:000000000-LVNKY:1:2108:7050:13976,sd20-2,F_only,1,RH.2B5DDF63455445EZ0Z,""
M03520:605:000000000-LVNKY:1:1103:11068:28275,as25-3,F_only,1,RH.2B5DDF63455445EZ0Z,""
M03520:605:000000000-LVNKY:1:1111:14061:20798,as3-2,F_only,1,RH.3C4181E04665462Z0Z,""
M03520:605:000000000-LVNKY:1:1106:13106:2273,sd7-1,F_only,1,RH.FDEF34A308684D6Z0Z,""
M03520:605:000000000-LVNKY:1:1101:20252:18018,as30-3,F_only,1,RH.3C4181E04665462Z0Z,""
M03520:605:000000000-LVNKY:1:2113:23990:6992,as7-2,F_only,1,RH.E4A8B94D0D174D9Z0Z,""
M03520:605:000000000-LVNKY:1:2102:18906:14088,as25-3,F_only,1,RH.541A1C9A5856408Z0Z,""
M03520:605:000000000-LVNKY:1:1112:8718:12056,as3-2,F_only,1,RH.7E59D32B4EDB4C3Z0Z,""
M03520:605:000000000-LVNKY:1:1113:9318:12384,as7-1,F_only,1,RH.595FCA3D7BA7416Z0Z,""
M03520:605:000000000-LVNKY:1:1104:9741:26564,as3-1,F_only,1,RH.2B5DDF63455445EZ0Z,""
M03520:605:000000000-LVNKY:1:1103:27110:18014,as7-1,F_only,1,RH.7E59D32B4EDB4C3Z0Z,""
M03520:605:000000000-LVNKY:1:1104:4589:22054,as30-3,F_only,1,RH.3C4181E04665462Z0Z,""
M03520:605:000000000-LVNKY:1:2114:16390:5688,as3-1,F_only,1,RH.3C4181E04665462Z0Z,""
M03520:605:000000000-LVNKY:1:1104:21409:19326,as15-3,F_only,1,RH.2091F326F74640CZ0Z,""
M03520:605:000000000-LVNKY:1:2107:24207:15298,as7-2,F_only,1,RH.3C4181E04665462Z0Z,""
M03520:605:000000000-LVNKY:1:1107:6817:21747,as3-2,F_only,1,RH.E50C44E6F0174B8Z0Z,""
M03520:605:000000000-LVNKY:1:1104:6140:13000,as30-3,F_only,1,RH.5DA12402580148DZ0Z,""
M03520:605:000000000-LVNKY:1:2108:22467:20713,sd7-3,F_only,1,RH.5DA12402580148DZ0Z,""
M03520:605:000000000-LVNKY:1:2111:11163:10729,as25-3,F_only,1,RH.8B25A056ABC1444Z0Z,""
M03520:605:000000000-LVNKY:1:2113:17421:25882,as7-2,F_only,1,RH.541A1C9A5856408Z0Z,""
M03520:605:000000000-LVNKY:1:1101:3943:17212,as3-2,F_only,1,RH.2B5DDF63455445EZ0Z,""
M03520:605:000000000-LVNKY:1:1113:16134:11600,as3-3,F_only,1,RH.E50C44E6F0174B8Z0Z,""
M03520:605:000000000-LVNKY:1:1106:17942:5929,as10-3,F_only,1,RH.E50C44E6F0174B8Z0Z,""
M03520:605:000000000-LVNKY:1:1112:19944:18648,as30-3,F_only,1,RH.E50C44E6F0174B8Z0Z,""
M03520:605:000000000-LVNKY:1:2111:17079:12763,as30-3,F_only,1,RH.3C4181E04665462Z0Z,""
M03520:605:000000000-LVNKY:1:1104:17072:15615,as15-1,F_only,1,RH.2B5DDF63455445EZ0Z,""
M03520:605:000000000-LVNKY:1:1104:10206:19113,as3-2,F_only,1,RH.5DA12402580148DZ0Z,""
M03520:605:000000000-LVNKY:1:2114:9372:13249,as3-2,F_only,1,RH.3C4181E04665462Z0Z,""
M03520:605:000000000-LVNKY:1:1113:21947:25062,as7-1,F_only,1,RH.7E59D32B4EDB4C3Z0Z,""
M03520:605:000000000-LVNKY:1:1109:11800:5376,as7-2,F_only,1,RH.7E59D32B4EDB4C3Z0Z,""
M03520:605:000000000-LVNKY:1:2104:11196:8638,as30-3,F_only,1,RH.FB9325B19424480Z0Z,""
M03520:605:000000000-LVNKY:1:2101:19223:8368,as3-2,F_only,1,RH.8B25A056ABC1444Z0Z,""
M03520:605:000000000-LVNKY:1:1109:14057:5614,as7-1,F_only,1,RH.3C4181E04665462Z0Z,""
M03520:605:000000000-LVNKY:1:2105:11215:6149,as10-1,F_only,1,RH.7E59D32B4EDB4C3Z0Z,""
M03520:605:000000000-LVNKY:1:1111:27696:18768,as7-2,F_only,1,RH.3C4181E04665462Z0Z,""
M03520:605:000000000-LVNKY:1:1102:5655:22533,as20-1,F_only,1,RH.6C52B179ABE34FAZ0Z,""
M03520:605:000000000-LVNKY:1:1103:16179:16342,as3-2,F_only,1,RH.5DA12402580148DZ0Z,""
M03520:605:000000000-LVNKY:1:2108:21803:21285,as7-2,F_only,1,RH.3C4181E04665462Z0Z,""
M03520:605:000000000-LVNKY:1:2106:6405:14121,as7-1,F_only,1,RH.2B5DDF63455445EZ0Z,""
M03520:605:000000000-LVNKY:1:2104:17389:17087,as25-1,F_only,1,RH.7E59D32B4EDB4C3Z0Z,""
M03520:605:000000000-LVNKY:1:2112:11472:12824,as3-2,F_only,1,RH.E50C44E6F0174B8Z0Z,""
M03520:605:000000000-LVNKY:1:2114:6048:19617,as3-2,F_only,1,RH.5DA12402580148DZ0Z,""
M03520:605:000000000-LVNKY:1:1110:9853:27085,sd7-1,F_only,1,RH.2B5DDF63455445EZ0Z,""
M03520:605:000000000-LVNKY:1:2113:21411:9221,as7-2,F_only,1,RH.A53C366ACB83471Z0Z,""
M03520:605:000000000-LVNKY:1:2108:12141:4769,as30-3,F_only,1,RH.3C4181E04665462Z0Z,""
M03520:605:000000000-LVNKY:1:1105:17688:27033,as7-1,F_only,1,RH.AB03371A973C4B1Z0Z,""
M03520:605:000000000-LVNKY:1:2103:14918:6348,as3-3,F_only,1,RH.E50C44E6F0174B8Z0Z,""
M03520:605:000000000-LVNKY:1:2103:13434:13575,as7-3,F_only,1,RH.3C4181E04665462Z0Z,""
M03520:605:000000000-LVNKY:1:2108:16492:20428,as7-1,F_only,1,RH.2B5DDF63455445EZ0Z,""
M03520:605:000000000-LVNKY:1:1106:18636:13804,as7-1,F_only,1,RH.B6C550F63D054DEZ0Z,""
M03520:605:000000000-LVNKY:1:2114:19438:10185,as10-1,F_only,1,RH.3C4181E04665462Z0Z,""
M03520:605:000000000-LVNKY:1:1109:17451:9007,as10-2,matched_pair,1,RH.78B83B8D6A224B1Z0Z,RH.78B83B8D6A224B1Z0Z
M03520:605:000000000-LVNKY:1:1107:27471:10000,sd30-1,matched_pair,1,RH.2AFFFBA0E81C482Z0Z,RH.2AFFFBA0E81C482Z0Z
M03520:605:000000000-LVNKY:1:2101:26725:12116,as3-3,matched_pair,1,RH.0C6EF86AB29A422Z0Z,RH.0C6EF86AB29A422Z0Z
M03520:605:000000000-LVNKY:1:1111:19779:24224,sd30-1,matched_pair,1,RH.0550AF0F57084ADZ0Z,RH.0550AF0F57084ADZ0Z
M03520:605:000000000-LVNKY:1:2106:28534:10466,as25-3,matched_pair,1,RH.2A85EAE5DEAD471Z0Z,RH.2A85EAE5DEAD471Z0Z
M03520:605:000000000-LVNKY:1:2108:15672:28693,as15-1,matched_pair,1,RH.7CE39E25906745AZ0Z,RH.7CE39E25906745AZ0Z
M03520:605:000000000-LVNKY:1:2107:14957:4192,as10-1,matched_pair,2,RH.B5A2E3C1CC8E44AZ0Z,RH.B5A2E3C1CC8E44AZ0Z
M03520:605:000000000-LVNKY:1:1106:10605:5389,as30-3,matched_pair,3,RH.27578A9A85FA4A3Z0Z,RH.27578A9A85FA4A3Z0Z
M03520:605:000000000-LVNKY:1:1107:19513:24186,as25-1,matched_pair,1,RH.B9EF730EBE6C436Z0Z,RH.B9EF730EBE6C436Z0Z
M03520:605:000000000-LVNKY:1:2108:10840:7848,sd25-3,matched_pair,1,RH.2091F326F74640CZ0Z,RH.2091F326F74640CZ0Z
M03520:605:000000000-LVNKY:1:2113:15152:13734,as10-3,matched_pair,1,RH.2AFFFBA0E81C482Z0Z,RH.2AFFFBA0E81C482Z0Z
M03520:605:000000000-LVNKY:1:1107:11968:15597,as25-2,matched_pair,2,RH.B9EF730EBE6C436Z0Z,RH.B9EF730EBE6C436Z0Z
M03520:605:000000000-LVNKY:1:2103:2725:10632,as10-3,matched_pair,3,RH.DDB83AFF97C94C6Z0Z,RH.DDB83AFF97C94C6Z0Z
M03520:605:000000000-LVNKY:1:2101:27428:14090,as3-3,matched_pair,1,RH.DDB83AFF97C94C6Z0Z,RH.DDB83AFF97C94C6Z0Z
M03520:605:000000000-LVNKY:1:2107:9732:25978,sd25-2,matched_pair,1,RH.6572108A164E48EZ0Z,RH.6572108A164E48EZ0Z
M03520:605:000000000-LVNKY:1:1105:8935:5111,sd30-1,matched_pair,4,RH.0BD19D1A26A74EBZ0Z,RH.0BD19D1A26A74EBZ0Z
M03520:605:000000000-LVNKY:1:2114:24134:18932,sd30-1,matched_pair,1,RH.2AFFFBA0E81C482Z0Z,RH.2AFFFBA0E81C482Z0Z
M03520:605:000000000-LVNKY:1:2109:12688:26507,sd10-1,matched_pair,1,RH.0BD19D1A26A74EBZ0Z,RH.0BD19D1A26A74EBZ0Z
M03520:605:000000000-LVNKY:1:1108:15869:28699,as7-2,matched_pair,2,RH.6408CE975B5340AZ0Z,RH.6408CE975B5340AZ0Z
M03520:605:000000000-LVNKY:1:2101:25557:22399,as7-2,matched_pair,1,RH.CA1E204B0C0842DZ0Z,RH.CA1E204B0C0842DZ0Z
M03520:605:000000000-LVNKY:1:1108:26166:15846,as3-3,matched_pair,2,RH.0BD19D1A26A74EBZ0Z,RH.0BD19D1A26A74EBZ0Z
M03520:605:000000000-LVNKY:1:1108:2655:18485,sd20-2,matched_pair,1,RH.69CEA0AC39F4445Z0Z,RH.69CEA0AC39F4445Z0Z
M03520:605:000000000-LVNKY:1:2104:20605:15661,as15-1,matched_pair,1,RH.44DCEC943BED412Z0Z,RH.44DCEC943BED412Z0Z
M03520:605:000000000-LVNKY:1:2108:17060:21665,as10-1,matched_pair,1,RH.DDB83AFF97C94C6Z0Z,RH.DDB83AFF97C94C6Z0Z
M03520:605:000000000-LVNKY:1:1109:14835:25988,as15-3,matched_pair,1,RH.0C6EF86AB29A422Z0Z,RH.0C6EF86AB29A422Z0Z
M03520:605:000000000-LVNKY:1:1106:21393:27993,as15-1,matched_pair,1,RH.6408CE975B5340AZ0Z,RH.6408CE975B5340AZ0Z
M03520:605:000000000-LVNKY:1:1104:10234:15152,sd25-2,matched_pair,1,RH.DDB83AFF97C94C6Z0Z,RH.DDB83AFF97C94C6Z0Z
M03520:605:000000000-LVNKY:1:1110:9341:19419,as15-2,matched_pair,1,RH.2AFFFBA0E81C482Z0Z,RH.2AFFFBA0E81C482Z0Z
M03520:605:000000000-LVNKY:1:1107:18314:4211,as7-2,matched_pair,3,RH.CA1E204B0C0842DZ0Z,RH.CA1E204B0C0842DZ0Z
M03520:605:000000000-LVNKY:1:2110:15015:15832,sd7-1,matched_pair,1,RH.9CE451C90696466Z0Z,RH.9CE451C90696466Z0Z
M03520:605:000000000-LVNKY:1:2106:17553:12655,sd10-3,matched_pair,2,RH.0096A141894D447Z0Z,RH.0096A141894D447Z0Z
M03520:605:000000000-LVNKY:1:1107:21729:23143,as25-2,matched_pair,1,RH.77300263E6F14F3Z0Z,RH.77300263E6F14F3Z0Z
M03520:605:000000000-LVNKY:1:1107:7130:25308,as20-1,matched_pair,1,RH.B9EF730EBE6C436Z0Z,RH.B9EF730EBE6C436Z0Z
M03520:605:000000000-LVNKY:1:2105:25963:19852,as20-2,matched_pair,1,RH.7CE39E25906745AZ0Z,RH.7CE39E25906745AZ0Z
M03520:605:000000000-LVNKY:1:2109:18797:11051,as25-3,matched_pair,1,RH.DDB83AFF97C94C6Z0Z,RH.DDB83AFF97C94C6Z0Z
M03520:605:000000000-LVNKY:1:1106:7029:9621,sd10-2,matched_pair,1,RH.CF953F27F5674E1Z0Z,RH.CF953F27F5674E1Z0Z
M03520:605:000000000-LVNKY:1:2110:6721:8921,sd20-1,matched_pair,1,RH.2AFFFBA0E81C482Z0Z,RH.2AFFFBA0E81C482Z0Z
M03520:605:000000000-LVNKY:1:1101:20683:21684,as3-3,matched_pair,1,RH.DDB83AFF97C94C6Z0Z,RH.DDB83AFF97C94C6Z0Z
M03520:605:000000000-LVNKY:1:2112:6007:5759,as10-2,matched_pair,1,RH.B9EF730EBE6C436Z0Z,RH.B9EF730EBE6C436Z0Z
M03520:605:000000000-LVNKY:1:1101:7734:11629,as7-1,matched_pair,1,RH.DDB83AFF97C94C6Z0Z,RH.DDB83AFF97C94C6Z0Z
M03520:605:000000000-LVNKY:1:1113:22801:20340,as15-2,matched_pair,1,RH.27578A9A85FA4A3Z0Z,RH.27578A9A85FA4A3Z0Z
M03520:605:000000000-LVNKY:1:1105:18887:18985,sd10-1,matched_pair,1,RH.27578A9A85FA4A3Z0Z,RH.27578A9A85FA4A3Z0Z
M03520:605:000000000-LVNKY:1:2106:14822:25043,as20-2,matched_pair,1,RH.6408CE975B5340AZ0Z,RH.6408CE975B5340AZ0Z
M03520:605:000000000-LVNKY:1:2102:14356:3531,as15-1,matched_pair,1,RH.6408CE975B5340AZ0Z,RH.6408CE975B5340AZ0Z
M03520:605:000000000-LVNKY:1:1106:21042:24006,as10-3,matched_pair,1,RH.DDB83AFF97C94C6Z0Z,RH.DDB83AFF97C94C6Z0Z
M03520:605:000000000-LVNKY:1:2106:13728:17075,sd30-1,matched_pair,1,RH.0BD19D1A26A74EBZ0Z,RH.0BD19D1A26A74EBZ0Z
M03520:605:000000000-LVNKY:1:2101:12346:26791,sd7-1,matched_pair,1,RH.DDB83AFF97C94C6Z0Z,RH.DDB83AFF97C94C6Z0Z
M03520:605:000000000-LVNKY:1:1112:21753:8165,sd30-2,matched_pair,1,RH.7CE39E25906745AZ0Z,RH.7CE39E25906745AZ0Z
M03520:605:000000000-LVNKY:1:1109:3435:13221,as25-1,matched_pair,1,RH.6D324B1B4164459Z0Z,RH.6D324B1B4164459Z0Z
M03520:605:000000000-LVNKY:1:2114:27294:21332,as25-3,matched_pair,1,RH.B9EF730EBE6C436Z0Z,RH.B9EF730EBE6C436Z0Z
M03520:605:000000000-LVNKY:1:2101:3104:16966,as25-3,matched_pair,1,RH.2A8AD21024974C0Z0Z,RH.2A8AD21024974C0Z0Z
M03520:605:000000000-LVNKY:1:2114:6911:16983,sd25-3,matched_pair,1,RH.0C6EF86AB29A422Z0Z,RH.0C6EF86AB29A422Z0Z
M03520:605:000000000-LVNKY:1:2113:19073:23358,sd25-1,matched_pair,1,RH.0550AF0F57084ADZ0Z,RH.0550AF0F57084ADZ0Z
M03520:605:000000000-LVNKY:1:2108:11747:26391,sd30-1,matched_pair,1,RH.B9EF730EBE6C436Z0Z,RH.B9EF730EBE6C436Z0Z
M03520:605:000000000-LVNKY:1:1101:13361:25787,sd25-3,matched_pair,1,RH.1CC74B91718A42FZ0Z,RH.1CC74B91718A42FZ0Z
M03520:605:000000000-LVNKY:1:2114:22398:11284,sd7-1,matched_pair,1,RH.B9EF730EBE6C436Z0Z,RH.B9EF730EBE6C436Z0Z
M03520:605:000000000-LVNKY:1:1110:29287:18528,as20-2,matched_pair,1,RH.27578A9A85FA4A3Z0Z,RH.27578A9A85FA4A3Z0Z
M03520:605:000000000-LVNKY:1:1108:9147:18826,sd10-3,matched_pair,1,RH.85A5303CAAF54ADZ0Z,RH.85A5303CAAF54ADZ0Z
M03520:605:000000000-LVNKY:1:2102:18411:17609,sd7-1,matched_pair,1,RH.27578A9A85FA4A3Z0Z,RH.27578A9A85FA4A3Z0Z
M03520:605:000000000-LVNKY:1:2113:12826:25160,as3-1,matched_pair,1,RH.507068DB7AE049AZ0Z,RH.507068DB7AE049AZ0Z
M03520:605:000000000-LVNKY:1:1103:13283:11393,as15-3,matched_pair,1,RH.1178978C1B124F7Z0Z,RH.1178978C1B124F7Z0Z
M03520:605:000000000-LVNKY:1:1105:19002:9118,as10-1,matched_pair,1,RH.E04EE94198274F7Z0Z,RH.E04EE94198274F7Z0Z
M03520:605:000000000-LVNKY:1:1105:27879:11091,as30-3,matched_pair,1,RH.2AFFFBA0E81C482Z0Z,RH.2AFFFBA0E81C482Z0Z
M03520:605:000000000-LVNKY:1:2111:8247:3838,as15-3,matched_pair,1,RH.BC56E600B326437Z0Z,RH.BC56E600B326437Z0Z
M03520:605:000000000-LVNKY:1:1108:14041:9548,as20-3,matched_pair,1,RH.DDB83AFF97C94C6Z0Z,RH.DDB83AFF97C94C6Z0Z
M03520:605:000000000-LVNKY:1:2108:27680:12334,sd10-1,matched_pair,1,RH.2091F326F74640CZ0Z,RH.2091F326F74640CZ0Z
M03520:605:000000000-LVNKY:1:2111:17403:15275,sd20-2,matched_pair,1,RH.0C36971D26FA41BZ0Z,RH.0C36971D26FA41BZ0Z
M03520:605:000000000-LVNKY:1:2110:19156:24885,as25-1,matched_pair,1,RH.40933F98BDDD40FZ0Z,RH.40933F98BDDD40FZ0Z
M03520:605:000000000-LVNKY:1:2114:9963:16428,sd7-1,matched_pair,1,RH.B9EF730EBE6C436Z0Z,RH.B9EF730EBE6C436Z0Z
M03520:605:000000000-LVNKY:1:2106:10443:8592,sd25-1,matched_pair,1,RH.69CEA0AC39F4445Z0Z,RH.69CEA0AC39F4445Z0Z
M03520:605:000000000-LVNKY:1:1104:25606:11229,sd15-2,matched_pair,2,RH.DDB83AFF97C94C6Z0Z,RH.DDB83AFF97C94C6Z0Z
M03520:605:000000000-LVNKY:1:1104:10315:2829,as10-3,matched_pair,1,RH.0C6EF86AB29A422Z0Z,RH.0C6EF86AB29A422Z0Z
M03520:605:000000000-LVNKY:1:2103:13209:26465,sd7-2,matched_pair,1,RH.B9EF730EBE6C436Z0Z,RH.B9EF730EBE6C436Z0Z
M03520:605:000000000-LVNKY:1:2112:22003:22986,as3-2,matched_pair,1,RH.44DCEC943BED412Z0Z,RH.44DCEC943BED412Z0Z
M03520:605:000000000-LVNKY:1:1111:22436:24251,as15-3,matched_pair,1,RH.51338FA06EDB4F0Z0Z,RH.51338FA06EDB4F0Z0Z
M03520:605:000000000-LVNKY:1:1110:25131:20441,sd10-3,matched_pair,4,RH.27578A9A85FA4A3Z0Z,RH.27578A9A85FA4A3Z0Z
M03520:605:000000000-LVNKY:1:1105:17207:13777,sd30-2,matched_pair,3,RH.27578A9A85FA4A3Z0Z,RH.27578A9A85FA4A3Z0Z
M03520:605:000000000-LVNKY:1:2109:7409:17173,sd7-2,matched_pair,1,RH.0BD19D1A26A74EBZ0Z,RH.0BD19D1A26A74EBZ0Z
M03520:605:000000000-LVNKY:1:1113:9708:11180,sd10-1,matched_pair,2,RH.2A8AD21024974C0Z0Z,RH.2A8AD21024974C0Z0Z
M03520:605:000000000-LVNKY:1:2114:23109:9751,as25-3,matched_pair,1,RH.2A8AD21024974C0Z0Z,RH.2A8AD21024974C0Z0Z
M03520:605:000000000-LVNKY:1:1101:26074:17222,as7-3,matched_pair,1,RH.DDB83AFF97C94C6Z0Z,RH.DDB83AFF97C94C6Z0Z
M03520:605:000000000-LVNKY:1:1114:23597:7193,sd20-2,matched_pair,4,RH.B9EF730EBE6C436Z0Z,RH.B9EF730EBE6C436Z0Z
M03520:605:000000000-LVNKY:1:2109:27677:19303,sd25-2,matched_pair,1,RH.2A8AD21024974C0Z0Z,RH.2A8AD21024974C0Z0Z
M03520:605:000000000-LVNKY:1:1106:16658:7340,sd7-2,matched_pair,2,RH.B9EF730EBE6C436Z0Z,RH.B9EF730EBE6C436Z0Z
M03520:605:000000000-LVNKY:1:2105:17578:17290,sd10-3,matched_pair,1,RH.69CEA0AC39F4445Z0Z,RH.69CEA0AC39F4445Z0Z
M03520:605:000000000-LVNKY:1:2103:7481:4727,as25-2,matched_pair,1,RH.F4E2313A8B92492Z0Z,RH.F4E2313A8B92492Z0Z
M03520:605:000000000-LVNKY:1:1113:7110:16430,sd3-2,matched_pair,1,RH.0BA5504E4959438Z0Z,RH.0BA5504E4959438Z0Z
M03520:605:000000000-LVNKY:1:1106:14757:8307,sd10-2,matched_pair,1,RH.185D4E36BBF74FEZ0Z,RH.185D4E36BBF74FEZ0Z
M03520:605:000000000-LVNKY:1:2101:20183:10567,as10-3,matched_pair,2,RH.2091F326F74640CZ0Z,RH.2091F326F74640CZ0Z
M03520:605:000000000-LVNKY:1:1101:7699:7372,sd20-1,matched_pair,4,RH.0BD19D1A26A74EBZ0Z,RH.0BD19D1A26A74EBZ0Z
M03520:605:000000000-LVNKY:1:1101:21067:7163,as30-3,matched_pair,1,RH.E253263309B742FZ0Z,RH.E253263309B742FZ0Z
M03520:605:000000000-LVNKY:1:1114:11793:17932,sd10-2,matched_pair,1,RH.DDB83AFF97C94C6Z0Z,RH.DDB83AFF97C94C6Z0Z
M03520:605:000000000-LVNKY:1:1110:11732:14597,as20-1,matched_pair,2,RH.DB98783D89B9417Z0Z,RH.DB98783D89B9417Z0Z
M03520:605:000000000-LVNKY:1:1102:2824:18584,as3-3,matched_pair,1,RH.DDB83AFF97C94C6Z0Z,RH.DDB83AFF97C94C6Z0Z
M03520:605:000000000-LVNKY:1:1107:16969:9354,as25-1,matched_pair,2,RH.E253263309B742FZ0Z,RH.E253263309B742FZ0Z
M03520:605:000000000-LVNKY:1:1111:28518:16834,as20-3,matched_pair,1,RH.2A8AD21024974C0Z0Z,RH.2A8AD21024974C0Z0Z
M03520:605:000000000-LVNKY:1:1107:5603:5987,sd15-2,matched_pair,1,RH.8B25A056ABC1444Z0Z,RH.8B25A056ABC1444Z0Z
M03520:605:000000000-LVNKY:1:2111:8608:5985,as15-3,matched_pair,1,RH.27578A9A85FA4A3Z0Z,RH.27578A9A85FA4A3Z0Z
M03520:605:000000000-LVNKY:1:2102:20389:24279,as25-3,matched_pair,1,RH.B9EF730EBE6C436Z0Z,RH.B9EF730EBE6C436Z0Z
M03520:605:000000000-LVNKY:1:1114:2045:17066,sd10-3,matched_pair,1,RH.DDB83AFF97C94C6Z0Z,RH.DDB83AFF97C94C6Z0Z
M03520:605:000000000-LVNKY:1:1105:26449:9445,as15-2,matched_pair,1,RH.0550AF0F57084ADZ0Z,RH.0550AF0F57084ADZ0Z
M03520:605:000000000-LVNKY:1:2105:9864:7290,sd25-1,matched_pair,1,RH.B9EF730EBE6C436Z0Z,RH.B9EF730EBE6C436Z0Z
M03520:605:000000000-LVNKY:1:2113:23243:13305,as30-3,matched_pair,1,RH.E253263309B742FZ0Z,RH.E253263309B742FZ0Z
M03520:605:000000000-LVNKY:1:2110:17671:15861,sd15-2,matched_pair,1,RH.DDB83AFF97C94C6Z0Z,RH.DDB83AFF97C94C6Z0Z
M03520:605:000000000-LVNKY:1:1109:15080:28141,sd20-2,matched_pair,1,RH.0550AF0F57084ADZ0Z,RH.0550AF0F57084ADZ0Z
M03520:605:000000000-LVNKY:1:1112:17274:18064,as3-2,matched_pair,2,RH.F2F19E4203944BDZ0Z,RH.F2F19E4203944BDZ0Z
M03520:605:000000000-LVNKY:1:1104:8154:22707,sd20-2,matched_pair,1,RH.0096A141894D447Z0Z,RH.0096A141894D447Z0Z
M03520:605:000000000-LVNKY:1:2111:21305:14894,sd25-1,matched_pair,1,RH.51338FA06EDB4F0Z0Z,RH.51338FA06EDB4F0Z0Z
M03520:605:000000000-LVNKY:1:1107:29422:14282,sd10-3,matched_pair,1,RH.B9EF730EBE6C436Z0Z,RH.B9EF730EBE6C436Z0Z
M03520:605:000000000-LVNKY:1:1106:6151:14234,as20-1,matched_pair,3,RH.DDB83AFF97C94C6Z0Z,RH.DDB83AFF97C94C6Z0Z
M03520:605:000000000-LVNKY:1:2113:20238:7488,as10-3,matched_pair,1,RH.6408CE975B5340AZ0Z,RH.6408CE975B5340AZ0Z
M03520:605:000000000-LVNKY:1:2111:26248:12091,as25-3,matched_pair,1,RH.E04EE94198274F7Z0Z,RH.E04EE94198274F7Z0Z
M03520:605:000000000-LVNKY:1:1107:21932:3596,sd20-2,matched_pair,1,RH.B9EF730EBE6C436Z0Z,RH.B9EF730EBE6C436Z0Z
M03520:605:000000000-LVNKY:1:2104:25493:8923,sd7-1,matched_pair,2,RH.27578A9A85FA4A3Z0Z,RH.27578A9A85FA4A3Z0Z
M03520:605:000000000-LVNKY:1:2108:12678:9414,sd7-2,matched_pair,1,RH.7CE39E25906745AZ0Z,RH.7CE39E25906745AZ0Z
M03520:605:000000000-LVNKY:1:1111:8280:16676,sd15-2,matched_pair,1,RH.0096A141894D447Z0Z,RH.0096A141894D447Z0Z
M03520:605:000000000-LVNKY:1:1106:18241:6875,sd10-1,matched_pair,4,RH.7CE39E25906745AZ0Z,RH.7CE39E25906745AZ0Z
M03520:605:000000000-LVNKY:1:2114:11145:6258,as25-2,matched_pair,1,RH.E253263309B742FZ0Z,RH.E253263309B742FZ0Z
M03520:605:000000000-LVNKY:1:2108:18599:6378,sd15-2,matched_pair,1,RH.7CE39E25906745AZ0Z,RH.7CE39E25906745AZ0Z
M03520:605:000000000-LVNKY:1:2109:12992:20249,as15-2,matched_pair,1,RH.0C6EF86AB29A422Z0Z,RH.0C6EF86AB29A422Z0Z
M03520:605:000000000-LVNKY:1:2114:26987:18542,as25-1,matched_pair,1,RH.DDB83AFF97C94C6Z0Z,RH.DDB83AFF97C94C6Z0Z
M03520:605:000000000-LVNKY:1:1102:29542:14047,sd20-2,matched_pair,1,RH.2AFFFBA0E81C482Z0Z,RH.2AFFFBA0E81C482Z0Z
M03520:605:000000000-LVNKY:1:2103:11006:27917,as10-2,matched_pair,1,RH.0096A141894D447Z0Z,RH.0096A141894D447Z0Z
M03520:605:000000000-LVNKY:1:1103:7709:23601,sd25-1,matched_pair,1,RH.BE09C1F6EE4B426Z0Z,RH.BE09C1F6EE4B426Z0Z
M03520:605:000000000-LVNKY:1:2109:26471:8601,as15-1,matched_pair,1,RH.40933F98BDDD40FZ0Z,RH.40933F98BDDD40FZ0Z
M03520:605:000000000-LVNKY:1:1109:14837:28446,as10-1,matched_pair,3,RH.7CE39E25906745AZ0Z,RH.7CE39E25906745AZ0Z
M03520:605:000000000-LVNKY:1:2108:26157:14067,as15-2,matched_pair,1,RH.27578A9A85FA4A3Z0Z,RH.27578A9A85FA4A3Z0Z
M03520:605:000000000-LVNKY:1:1113:14746:8161,sd30-2,matched_pair,4,RH.7CE39E25906745AZ0Z,RH.7CE39E25906745AZ0Z
M03520:605:000000000-LVNKY:1:2106:23117:19350,sd25-2,matched_pair,1,RH.0550AF0F57084ADZ0Z,RH.0550AF0F57084ADZ0Z
M03520:605:000000000-LVNKY:1:1107:17151:21712,as20-2,matched_pair,1,RH.27578A9A85FA4A3Z0Z,RH.27578A9A85FA4A3Z0Z
M03520:605:000000000-LVNKY:1:1101:12388:15233,sd10-2,matched_pair,1,RH.BE09C1F6EE4B426Z0Z,RH.BE09C1F6EE4B426Z0Z
M03520:605:000000000-LVNKY:1:2114:6198:25058,as10-1,matched_pair,1,RH.7CE39E25906745AZ0Z,RH.7CE39E25906745AZ0Z
M03520:605:000000000-LVNKY:1:2111:29458:15927,as3-1,matched_pair,1,RH.B9EF730EBE6C436Z0Z,RH.B9EF730EBE6C436Z0Z
M03520:605:000000000-LVNKY:1:1110:6559:25535,sd25-3,matched_pair,1,RH.27578A9A85FA4A3Z0Z,RH.27578A9A85FA4A3Z0Z
M03520:605:000000000-LVNKY:1:1102:2785:13549,as30-2,matched_pair,1,RH.25F43EF2A0F1421Z0Z,RH.25F43EF2A0F1421Z0Z
M03520:605:000000000-LVNKY:1:1102:18758:9264,as10-1,matched_pair,2,RH.E253263309B742FZ0Z,RH.E253263309B742FZ0Z
M03520:605:000000000-LVNKY:1:1101:9046:6371,sd30-1,matched_pair,4,RH.51338FA06EDB4F0Z0Z,RH.51338FA06EDB4F0Z0Z
M03520:605:000000000-LVNKY:1:2111:18688:11275,sd15-2,matched_pair,1,RH.9C70B4C9923B4A8Z0Z,RH.9C70B4C9923B4A8Z0Z
M03520:605:000000000-LVNKY:1:1109:7662:14213,as3-1,matched_pair,2,RH.7CE39E25906745AZ0Z,RH.7CE39E25906745AZ0Z
M03520:605:000000000-LVNKY:1:2105:19970:19697,sd20-2,matched_pair,1,RH.DDB83AFF97C94C6Z0Z,RH.DDB83AFF97C94C6Z0Z
M03520:605:000000000-LVNKY:1:1105:20573:17920,as25-3,matched_pair,4,RH.65A22C27EE034ECZ0Z,RH.65A22C27EE034ECZ0Z
M03520:605:000000000-LVNKY:1:2102:15717:5749,as20-2,matched_pair,1,RH.6408CE975B5340AZ0Z,RH.6408CE975B5340AZ0Z
M03520:605:000000000-LVNKY:1:1105:16840:8812,as10-1,matched_pair,4,RH.2AFFFBA0E81C482Z0Z,RH.2AFFFBA0E81C482Z0Z
M03520:605:000000000-LVNKY:1:1105:20751:27197,as10-1,matched_pair,1,RH.DDB83AFF97C94C6Z0Z,RH.DDB83AFF97C94C6Z0Z
M03520:605:000000000-LVNKY:1:2101:21108:27711,as3-3,matched_pair,1,RH.E04EE94198274F7Z0Z; RH.CA1E204B0C0842DZ0Z,RH.CA1E204B0C0842DZ0Z
M03520:605:000000000-LVNKY:1:1106:2343:13914,sd7-2,matched_pair,1,RH.3F0C3BDDC55E465Z0Z,RH.3F0C3BDDC55E465Z0Z
M03520:605:000000000-LVNKY:1:1107:6736:16131,sd10-1,matched_pair,1,RH.7CE39E25906745AZ0Z,RH.7CE39E25906745AZ0Z
M03520:605:000000000-LVNKY:1:1108:17989:13355,sd25-1,matched_pair,1,RH.6572108A164E48EZ0Z,RH.6572108A164E48EZ0Z
M03520:605:000000000-LVNKY:1:1114:24679:24351,as15-1,matched_pair,1,RH.0096A141894D447Z0Z,RH.0096A141894D447Z0Z
M03520:605:000000000-LVNKY:1:1113:17941:15530,sd7-1,matched_pair,1,RH.0550AF0F57084ADZ0Z,RH.0550AF0F57084ADZ0Z
M03520:605:000000000-LVNKY:1:1114:20811:24588,as15-3,chimera,1,RH.44333617E8F04C0Z0Z,RH.C597F0BA65D4481Z0Z
M03520:605:000000000-LVNKY:1:2109:17656:19023,as15-3,chimera,1,RH.44333617E8F04C0Z0Z,RH.C597F0BA65D4481Z0Z
M03520:605:000000000-LVNKY:1:2114:4691:11983,as7-2,chimera,1,RH.3B2B2BB86AB94D3Z0Z,RH.64613722763148BZ0Z
M03520:605:000000000-LVNKY:1:1111:3818:8457,as10-1,chimera,1,RH.44333617E8F04C0Z0Z,RH.C597F0BA65D4481Z0Z
M03520:605:000000000-LVNKY:1:2101:2388:18658,as25-1,chimera,1,RH.F4E2313A8B92492Z0Z,RH.78B83B8D6A224B1Z0Z
M03520:605:000000000-LVNKY:1:1105:24779:18529,as3-2,chimera,1,RH.44333617E8F04C0Z0Z,RH.C597F0BA65D4481Z0Z
M03520:605:000000000-LVNKY:1:1107:2285:14386,as15-2,chimera,1,RH.44333617E8F04C0Z0Z,RH.C597F0BA65D4481Z0Z
M03520:605:000000000-LVNKY:1:1102:20083:9794,as30-3,chimera,1,RH.17B3832C9C1D403Z0Z,RH.B3BF5B8B809244BZ0Z
M03520:605:000000000-LVNKY:1:1111:21480:18739,as25-1,chimera,1,RH.3B2B2BB86AB94D3Z0Z,RH.64613722763148BZ0Z
M03520:605:000000000-LVNKY:1:2114:5125:14989,as20-1,chimera,1,RH.44333617E8F04C0Z0Z,RH.C597F0BA65D4481Z0Z
M03520:605:000000000-LVNKY:1:1107:21292:17122,as20-3,chimera,1,RH.44333617E8F04C0Z0Z,RH.C597F0BA65D4481Z0Z
M03520:605:000000000-LVNKY:1:2111:19044:22550,as15-2,chimera,1,RH.44333617E8F04C0Z0Z,RH.C597F0BA65D4481Z0Z
M03520:605:000000000-LVNKY:1:1105:4170:17712,as25-3,chimera,1,RH.44333617E8F04C0Z0Z,RH.C597F0BA65D4481Z0Z
M03520:605:000000000-LVNKY:1:1106:20408:24165,as15-1,chimera,1,RH.44333617E8F04C0Z0Z,RH.C597F0BA65D4481Z0Z
M03520:605:000000000-LVNKY:1:1107:16617:4331,as10-3,chimera,1,RH.44333617E8F04C0Z0Z,RH.C597F0BA65D4481Z0Z
M03520:605:000000000-LVNKY:1:1101:25010:23879,as3-1,chimera,1,RH.3B2B2BB86AB94D3Z0Z,RH.64613722763148BZ0Z
M03520:605:000000000-LVNKY:1:2104:13785:4643,as15-3,chimera,1,RH.44333617E8F04C0Z0Z,RH.C597F0BA65D4481Z0Z
M03520:605:000000000-LVNKY:1:1102:20815:14016,as10-2,chimera,1,RH.3B2B2BB86AB94D3Z0Z,RH.64613722763148BZ0Z
M03520:605:000000000-LVNKY:1:2106:14934:24756,as25-2,chimera,1,RH.AD51C83F68EC43DZ0Z,RH.472FFF3FDAC74C3Z0Z
M03520:605:000000000-LVNKY:1:2102:20356:16468,as15-1,chimera,1,RH.44333617E8F04C0Z0Z,RH.C597F0BA65D4481Z0Z
M03520:605:000000000-LVNKY:1:1102:9856:6788,as7-3,chimera,1,RH.3B2B2BB86AB94D3Z0Z,RH.64613722763148BZ0Z
M03520:605:000000000-LVNKY:1:2110:15211:14610,as3-1,chimera,1,RH.3B2B2BB86AB94D3Z0Z,RH.64613722763148BZ0Z
M03520:605:000000000-LVNKY:1:2106:19640:6668,as7-3,chimera,1,RH.3B2B2BB86AB94D3Z0Z,RH.64613722763148BZ0Z
M03520:605:000000000-LVNKY:1:2114:21736:14322,as30-3,chimera,1,RH.3B2B2BB86AB94D3Z0Z,RH.64613722763148BZ0Z
M03520:605:000000000-LVNKY:1:1101:6992:22058,as7-2,chimera,1,RH.3B2B2BB86AB94D3Z0Z,RH.64613722763148BZ0Z
M03520:605:000000000-LVNKY:1:2113:22996:11326,as10-3,chimera,1,RH.3B2B2BB86AB94D3Z0Z,RH.64613722763148BZ0Z
M03520:605:000000000-LVNKY:1:2110:5286:21306,sd3-1,chimera,1,RH.3B2B2BB86AB94D3Z0Z,RH.64613722763148BZ0Z
M03520:605:000000000-LVNKY:1:1102:4529:13769,sd10-3,chimera,1,RH.3B2B2BB86AB94D3Z0Z,RH.64613722763148BZ0Z
M03520:605:000000000-LVNKY:1:2106:9535:22382,sd7-3,chimera,1,RH.3B2B2BB86AB94D3Z0Z,RH.64613722763148BZ0Z
M03520:605:000000000-LVNKY:1:2102:17382:14724,as10-3,chimera,1,RH.44333617E8F04C0Z0Z,RH.C597F0BA65D4481Z0Z
M03520:605:000000000-LVNKY:1:2102:19744:13393,as10-1,chimera,1,RH.44333617E8F04C0Z0Z,RH.C597F0BA65D4481Z0Z
M03520:605:000000000-LVNKY:1:2102:20058:6159,as3-1,chimera,1,RH.3B2B2BB86AB94D3Z0Z,RH.64613722763148BZ0Z
M03520:605:000000000-LVNKY:1:1114:15295:21560,as3-3,chimera,1,RH.3B2B2BB86AB94D3Z0Z,RH.64613722763148BZ0Z
M03520:605:000000000-LVNKY:1:1111:19666:15875,as15-3,chimera,1,RH.3B2B2BB86AB94D3Z0Z,RH.64613722763148BZ0Z
M03520:605:000000000-LVNKY:1:1106:14542:5169,sd30-1,chimera,1,RH.3B2B2BB86AB94D3Z0Z,RH.64613722763148BZ0Z
M03520:605:000000000-LVNKY:1:1111:19072:25393,as25-3,chimera,1,RH.44333617E8F04C0Z0Z,RH.C597F0BA65D4481Z0Z
M03520:605:000000000-LVNKY:1:1109:13845:8131,as25-3,chimera,1,RH.44333617E8F04C0Z0Z,RH.C597F0BA65D4481Z0Z
M03520:605:000000000-LVNKY:1:1101:22592:5346,sd3-1,chimera,1,RH.3B2B2BB86AB94D3Z0Z,RH.64613722763148BZ0Z
M03520:605:000000000-LVNKY:1:2103:6554:14176,as15-2,chimera,1,RH.44333617E8F04C0Z0Z,RH.C597F0BA65D4481Z0Z
M03520:605:000000000-LVNKY:1:2111:4099:20348,as3-3,chimera,1,RH.3B2B2BB86AB94D3Z0Z,RH.64613722763148BZ0Z
M03520:605:000000000-LVNKY:1:1112:4508:19523,as10-3,chimera,1,RH.44333617E8F04C0Z0Z,RH.C597F0BA65D4481Z0Z
M03520:605:000000000-LVNKY:1:1114:6966:25723,as20-2,chimera,1,RH.44333617E8F04C0Z0Z,RH.C597F0BA65D4481Z0Z
M03520:605:000000000-LVNKY:1:1112:3411:15746,as3-3,chimera,1,RH.44333617E8F04C0Z0Z,RH.C597F0BA65D4481Z0Z
M03520:605:000000000-LVNKY:1:1111:14295:4957,as30-2,chimera,1,RH.17B3832C9C1D403Z0Z,RH.B3BF5B8B809244BZ0Z
M03520:605:000000000-LVNKY:1:1103:23201:19656,as30-3,chimera,1,RH.3B2B2BB86AB94D3Z0Z,RH.64613722763148BZ0Z
M03520:605:000000000-LVNKY:1:1101:8840:8240,as20-2,chimera,1,RH.44333617E8F04C0Z0Z,RH.C597F0BA65D4481Z0Z
M03520:605:000000000-LVNKY:1:1114:27267:16066,as7-2,chimera,1,RH.3B2B2BB86AB94D3Z0Z,RH.64613722763148BZ0Z
M03520:605:000000000-LVNKY:1:2112:18504:5674,as3-3,chimera,1,RH.3B2B2BB86AB94D3Z0Z,RH.64613722763148BZ0Z
M03520:605:000000000-LVNKY:1:1102:18246:16368,sd20-2,chimera,1,RH.3B2B2BB86AB94D3Z0Z,RH.64613722763148BZ0Z
M03520:605:000000000-LVNKY:1:2112:20791:9273,as20-1,chimera,1,RH.44333617E8F04C0Z0Z,RH.C597F0BA65D4481Z0Z
M03520:605:000000000-LVNKY:1:1110:5612:9438,as15-3,chimera,1,RH.44333617E8F04C0Z0Z,RH.C597F0BA65D4481Z0Z
M03520:605:000000000-LVNKY:1:1113:24726:12488,sd7-1,chimera,1,RH.3B2B2BB86AB94D3Z0Z,RH.64613722763148BZ0Z
M03520:605:000000000-LVNKY:1:1109:21434:21147,as3-2,chimera,1,RH.3B2B2BB86AB94D3Z0Z,RH.64613722763148BZ0Z
M03520:605:000000000-LVNKY:1:2114:7384:20750,as7-2,chimera,1,RH.3B2B2BB86AB94D3Z0Z,RH.64613722763148BZ0Z
M03520:605:000000000-LVNKY:1:2110:4425:19268,as20-1,chimera,1,RH.44333617E8F04C0Z0Z,RH.C597F0BA65D4481Z0Z
M03520:605:000000000-LVNKY:1:1102:17754:9726,as20-2,chimera,1,RH.44333617E8F04C0Z0Z,RH.C597F0BA65D4481Z0Z
M03520:605:000000000-LVNKY:1:1103:25057:11050,as25-3,chimera,1,RH.44333617E8F04C0Z0Z,RH.C597F0BA65D4481Z0Z
M03520:605:000000000-LVNKY:1:2111:19726:11810,as7-3,chimera,1,RH.3B2B2BB86AB94D3Z0Z,RH.64613722763148BZ0Z
M03520:605:000000000-LVNKY:1:2107:11437:23901,as15-1,chimera,1,RH.44333617E8F04C0Z0Z,RH.C597F0BA65D4481Z0Z
M03520:605:000000000-LVNKY:1:1111:14561:12933,as3-3,chimera,1,RH.3B2B2BB86AB94D3Z0Z,RH.64613722763148BZ0Z
M03520:605:000000000-LVNKY:1:1101:24070:9349,as25-3,chimera,1,RH.3B2B2BB86AB94D3Z0Z,RH.64613722763148BZ0Z
M03520:605:000000000-LVNKY:1:1113:22925:22421,as7-1,chimera,1,RH.E04EE94198274F7Z0Z,RH.6E9725B3116643EZ0Z
M03520:605:000000000-LVNKY:1:2104:11492:14020,as3-2,chimera,1,RH.609947B6947F457Z0Z,RH.A12CDF2B5C80436Z0Z
M03520:605:000000000-LVNKY:1:1113:12109:9622,as7-3,chimera,1,RH.3B2B2BB86AB94D3Z0Z,RH.64613722763148BZ0Z
M03520:605:000000000-LVNKY:1:1105:10103:12650,as10-3,chimera,1,RH.44333617E8F04C0Z0Z,RH.C597F0BA65D4481Z0Z
M03520:605:000000000-LVNKY:1:2102:19219:3001,as20-2,chimera,1,RH.44333617E8F04C0Z0Z,RH.C597F0BA65D4481Z0Z
M03520:605:000000000-LVNKY:1:2101:25292:7110,as3-2,chimera,1,RH.3B2B2BB86AB94D3Z0Z,RH.64613722763148BZ0Z
M03520:605:000000000-LVNKY:1:2106:13411:24789,as10-2,chimera,1,RH.44333617E8F04C0Z0Z,RH.C597F0BA65D4481Z0Z
M03520:605:000000000-LVNKY:1:1114:8336:19075,as7-3,chimera,1,RH.3B2B2BB86AB94D3Z0Z,RH.64613722763148BZ0Z
M03520:605:000000000-LVNKY:1:2104:6002:13677,as25-1,chimera,1,RH.3B2B2BB86AB94D3Z0Z,RH.64613722763148BZ0Z
M03520:605:000000000-LVNKY:1:2112:23654:26351,as10-1,chimera,1,RH.44333617E8F04C0Z0Z,RH.C597F0BA65D4481Z0Z
M03520:605:000000000-LVNKY:1:1112:16389:3069,as15-1,chimera,1,RH.3B2B2BB86AB94D3Z0Z,RH.64613722763148BZ0Z
M03520:605:000000000-LVNKY:1:1101:20433:4574,as3-1,chimera,1,RH.44333617E8F04C0Z0Z,RH.C597F0BA65D4481Z0Z
M03520:605:000000000-LVNKY:1:1111:21338:21191,as25-2,chimera,1,RH.3B2B2BB86AB94D3Z0Z,RH.64613722763148BZ0Z
M03520:605:000000000-LVNKY:1:1112:7129:13019,as25-1,chimera,1,RH.44333617E8F04C0Z0Z,RH.C597F0BA65D4481Z0Z
M03520:605:000000000-LVNKY:1:1110:22169:9617,sd7-2,chimera,1,RH.3B2B2BB86AB94D3Z0Z,RH.64613722763148BZ0Z
M03520:605:000000000-LVNKY:1:1111:19976:7453,as15-2,chimera,1,RH.44333617E8F04C0Z0Z,RH.C597F0BA65D4481Z0Z
M03520:605:000000000-LVNKY:1:1103:5588:13719,as3-2,chimera,1,RH.3B2B2BB86AB94D3Z0Z,RH.64613722763148BZ0Z
M03520:605:000000000-LVNKY:1:1111:6220:16273,as30-3,chimera,1,RH.3B2B2BB86AB94D3Z0Z,RH.64613722763148BZ0Z
M03520:605:000000000-LVNKY:1:1104:24345:16757,as3-1,chimera,1,RH.44333617E8F04C0Z0Z,RH.C597F0BA65D4481Z0Z
M03520:605:000000000-LVNKY:1:1106:22204:25013,as3-2,chimera,1,RH.3B2B2BB86AB94D3Z0Z,RH.64613722763148BZ0Z
M03520:605:000000000-LVNKY:1:2113:18489:8576,as15-3,chimera,1,RH.44333617E8F04C0Z0Z,RH.C597F0BA65D4481Z0Z
M03520:605:000000000-LVNKY:1:1103:14974:4100,as3-2,chimera,1,RH.44333617E8F04C0Z0Z,RH.C597F0BA65D4481Z0Z
M03520:605:000000000-LVNKY:1:1110:5850:8854,as3-1,chimera,1,RH.3B2B2BB86AB94D3Z0Z,RH.64613722763148BZ0Z
M03520:605:000000000-LVNKY:1:2108:4566:18389,as3-2,chimera,1,RH.3B2B2BB86AB94D3Z0Z,RH.64613722763148BZ0Z
M03520:605:000000000-LVNKY:1:1109:8567:17611,as3-2,chimera,1,RH.3B2B2BB86AB94D3Z0Z,RH.64613722763148BZ0Z
M03520:605:000000000-LVNKY:1:2103:21734:2867,as10-1,chimera,1,RH.3B2B2BB86AB94D3Z0Z,RH.64613722763148BZ0Z
M03520:605:000000000-LVNKY:1:2112:20664:13704,as20-3,chimera,1,RH.44333617E8F04C0Z0Z,RH.C597F0BA65D4481Z0Z
M03520:605:000000000-LVNKY:1:2108:12292:18257,sd7-2,chimera,1,RH.3B2B2BB86AB94D3Z0Z,RH.64613722763148BZ0Z
M03520:605:000000000-LVNKY:1:2109:26398:14985,as20-1,chimera,1,RH.44333617E8F04C0Z0Z,RH.C597F0BA65D4481Z0Z
M03520:605:000000000-LVNKY:1:1104:21693:18361,sd15-2,chimera,1,RH.3B2B2BB86AB94D3Z0Z,RH.64613722763148BZ0Z
M03520:605:000000000-LVNKY:1:1103:24861:21649,as3-3,chimera,1,RH.17B3832C9C1D403Z0Z,RH.B3BF5B8B809244BZ0Z
M03520:605:000000000-LVNKY:1:1114:18215:19861,as15-3,chimera,1,RH.44333617E8F04C0Z0Z,RH.C597F0BA65D4481Z0Z
M03520:605:000000000-LVNKY:1:1103:5062:8490,as7-3,chimera,1,RH.609947B6947F457Z0Z,RH.A12CDF2B5C80436Z0Z
M03520:605:000000000-LVNKY:1:2103:19529:4275,as3-2,chimera,1,RH.F4E2313A8B92492Z0Z,RH.78B83B8D6A224B1Z0Z
M03520:605:000000000-LVNKY:1:1111:9582:24726,sd25-3,chimera,1,RH.3B2B2BB86AB94D3Z0Z,RH.64613722763148BZ0Z
M03520:605:000000000-LVNKY:1:1105:8670:12695,as3-3,chimera,1,RH.3B2B2BB86AB94D3Z0Z,RH.64613722763148BZ0Z
M03520:605:000000000-LVNKY:1:1105:5177:18549,as25-3,chimera,1,RH.44333617E8F04C0Z0Z,RH.C597F0BA65D4481Z0Z
M03520:605:000000000-LVNKY:1:2103:7181:4447,sd7-3,chimera,1,RH.3B2B2BB86AB94D3Z0Z,RH.64613722763148BZ0Z
M03520:605:000000000-LVNKY:1:2110:14662:18532,as15-1,chimera,1,RH.44333617E8F04C0Z0Z,RH.C597F0BA65D4481Z0Z
M03520:605:000000000-LVNKY:1:1113:7893:15008,as7-2,chimera,1,RH.44333617E8F04C0Z0Z,RH.C597F0BA65D4481Z0Z
M03520:605:000000000-LVNKY:1:2103:5762:11344,as3-1,chimera,1,RH.3B2B2BB86AB94D3Z0Z,RH.64613722763148BZ0Z
M03520:605:000000000-LVNKY:1:1108:14306:5949,as20-1,chimera,1,RH.44333617E8F04C0Z0Z,RH.C597F0BA65D4481Z0Z
M03520:605:000000000-LVNKY:1:1106:7676:3994,as3-1,chimera,1,RH.3B2B2BB86AB94D3Z0Z,RH.64613722763148BZ0Z
M03520:605:000000000-LVNKY:1:1104:11024:22109,as7-2,chimera,1,RH.3B2B2BB86AB94D3Z0Z,RH.64613722763148BZ0Z
M03520:605:000000000-LVNKY:1:1113:16886:16240,as10-1,chimera,1,RH.3B2B2BB86AB94D3Z0Z,RH.64613722763148BZ0Z
M03520:605:000000000-LVNKY:1:2107:7436:7333,sd15-2,chimera,1,RH.3B2B2BB86AB94D3Z0Z,RH.64613722763148BZ0Z
M03520:605:000000000-LVNKY:1:2112:14975:2087,as10-1,chimera,1,RH.3B2B2BB86AB94D3Z0Z,RH.64613722763148BZ0Z
M03520:605:000000000-LVNKY:1:1104:22107:15894,as10-3,chimera,1,RH.44333617E8F04C0Z0Z,RH.C597F0BA65D4481Z0Z
M03520:605:000000000-LVNKY:1:1107:20646:19434,as3-2,chimera,1,RH.609947B6947F457Z0Z,RH.A12CDF2B5C80436Z0Z
M03520:605:000000000-LVNKY:1:1105:16097:14771,as10-2,chimera,1,RH.44333617E8F04C0Z0Z,RH.C597F0BA65D4481Z0Z
M03520:605:000000000-LVNKY:1:2106:13076:11107,as7-1,chimera,1,RH.B6C550F63D054DEZ0Z,RH.6408CE975B5340AZ0Z
M03520:605:000000000-LVNKY:1:1109:8446:22459,as25-3,chimera,1,RH.3B2B2BB86AB94D3Z0Z,RH.64613722763148BZ0Z
M03520:605:000000000-LVNKY:1:2106:3558:9190,sd30-1,chimera,1,RH.44333617E8F04C0Z0Z,RH.C597F0BA65D4481Z0Z
M03520:605:000000000-LVNKY:1:2101:21405:21010,as7-1,chimera,1,RH.3B2B2BB86AB94D3Z0Z,RH.64613722763148BZ0Z
M03520:605:000000000-LVNKY:1:1107:17621:15043,as30-3,chimera,1,RH.3B2B2BB86AB94D3Z0Z,RH.0096A141894D447Z0Z; RH.64613722763148BZ0Z
M03520:605:000000000-LVNKY:1:1111:18671:22966,as30-3,chimera,1,RH.609947B6947F457Z0Z,RH.A12CDF2B5C80436Z0Z
M03520:605:000000000-LVNKY:1:1102:25153:15605,as15-3,chimera,1,RH.44333617E8F04C0Z0Z,RH.C597F0BA65D4481Z0Z
M03520:605:000000000-LVNKY:1:1102:3670:16443,as7-2,chimera,1,RH.44333617E8F04C0Z0Z,RH.C597F0BA65D4481Z0Z
M03520:605:000000000-LVNKY:1:1106:20310:11724,as30-3,chimera,1,RH.3B2B2BB86AB94D3Z0Z,RH.64613722763148BZ0Z
M03520:605:000000000-LVNKY:1:2114:4866:7723,as25-3,chimera,1,RH.3B2B2BB86AB94D3Z0Z,RH.0550AF0F57084ADZ0Z; RH.64613722763148BZ0Z
M03520:605:000000000-LVNKY:1:2111:8844:8664,as7-3,chimera,1,RH.3B2B2BB86AB94D3Z0Z,RH.64613722763148BZ0Z
M03520:605:000000000-LVNKY:1:2106:24714:18961,sd30-1,chimera,1,RH.3B2B2BB86AB94D3Z0Z,RH.64613722763148BZ0Z
M03520:605:000000000-LVNKY:1:2110:14058:24913,as3-3,chimera,1,RH.3B2B2BB86AB94D3Z0Z,RH.64613722763148BZ0Z
M03520:605:000000000-LVNKY:1:2102:23770:22364,as15-3,chimera,1,RH.44333617E8F04C0Z0Z,RH.C597F0BA65D4481Z0Z
M03520:605:000000000-LVNKY:1:2112:24271:12162,as3-2,chimera,1,RH.3B2B2BB86AB94D3Z0Z,RH.64613722763148BZ0Z
M03520:605:000000000-LVNKY:1:1105:22894:10597,as3-1,chimera,1,RH.3B2B2BB86AB94D3Z0Z,RH.64613722763148BZ0Z
M03520:605:000000000-LVNKY:1:2114:14558:13124,as7-3,chimera,1,RH.3B2B2BB86AB94D3Z0Z,RH.64613722763148BZ0Z
M03520:605:000000000-LVNKY:1:2107:24649:15524,as3-2,chimera,1,RH.3B2B2BB86AB94D3Z0Z,RH.64613722763148BZ0Z
M03520:605:000000000-LVNKY:1:1109:6196:19121,sd15-2,chimera,1,RH.3B2B2BB86AB94D3Z0Z,RH.64613722763148BZ0Z
M03520:605:000000000-LVNKY:1:2108:9552:19644,as25-1,chimera,1,RH.44333617E8F04C0Z0Z,RH.C597F0BA65D4481Z0Z
M03520:605:000000000-LVNKY:1:2106:17560:5820,as30-2,chimera,1,RH.3B2B2BB86AB94D3Z0Z,RH.64613722763148BZ0Z
M03520:605:000000000-LVNKY:1:2111:8815:19582,as25-1,chimera,1,RH.3B2B2BB86AB94D3Z0Z,RH.64613722763148BZ0Z
M03520:605:000000000-LVNKY:1:1107:25602:20371,as30-3,chimera,1,RH.3B2B2BB86AB94D3Z0Z,RH.64613722763148BZ0Z
M03520:605:000000000-LVNKY:1:1106:3608:18783,as3-2,chimera,1,RH.3B2B2BB86AB94D3Z0Z,RH.64613722763148BZ0Z
M03520:605:000000000-LVNKY:1:2103:22823:13235,as25-1,chimera,1,RH.609947B6947F457Z0Z,RH.A12CDF2B5C80436Z0Z
M03520:605:000000000-LVNKY:1:1101:3105:15197,sd25-1,chimera,1,RH.1C82717EB39B4ECZ0Z,RH.0550AF0F57084ADZ0Z
M03520:605:000000000-LVNKY:1:2101:25464:5912,as3-3,chimera,1,RH.44333617E8F04C0Z0Z,RH.C597F0BA65D4481Z0Z
M03520:605:000000000-LVNKY:1:1107:12836:21408,as30-2,chimera,1,RH.609947B6947F457Z0Z,RH.A12CDF2B5C80436Z0Z
M03520:605:000000000-LVNKY:1:1114:17238:8019,as20-2,chimera,1,RH.3B2B2BB86AB94D3Z0Z,RH.64613722763148BZ0Z
M03520:605:000000000-LVNKY:1:1101:22926:13783,as7-2,chimera,1,RH.3B2B2BB86AB94D3Z0Z,RH.64613722763148BZ0Z
M03520:605:000000000-LVNKY:1:2108:20622:9051,as30-3,chimera,1,RH.3B2B2BB86AB94D3Z0Z,RH.64613722763148BZ0Z
M03520:605:000000000-LVNKY:1:1108:3560:21215,as10-1,chimera,1,RH.44333617E8F04C0Z0Z,RH.C597F0BA65D4481Z0Z
M03520:605:000000000-LVNKY:1:1101:3551:13657,as3-3,chimera,1,RH.44333617E8F04C0Z0Z,RH.C597F0BA65D4481Z0Z
M03520:605:000000000-LVNKY:1:2104:15314:23523,sd25-3,chimera,1,RH.3B2B2BB86AB94D3Z0Z,RH.64613722763148BZ0Z
M03520:605:000000000-LVNKY:1:1101:26340:8078,as30-3,chimera,1,RH.3B2B2BB86AB94D3Z0Z,RH.64613722763148BZ0Z
M03520:605:000000000-LVNKY:1:2105:4533:13452,sd30-1,chimera,1,RH.7773AF531249470Z0Z,RH.50397DC8DC86419Z0Z
M03520:605:000000000-LVNKY:1:2103:21528:7406,as30-3,chimera,1,RH.3B2B2BB86AB94D3Z0Z,RH.64613722763148BZ0Z
M03520:605:000000000-LVNKY:1:1103:16219:18398,as3-2,chimera,1,RH.3B2B2BB86AB94D3Z0Z,RH.64613722763148BZ0Z
M03520:605:000000000-LVNKY:1:2102:6249:8108,as7-3,chimera,1,RH.3B2B2BB86AB94D3Z0Z,RH.64613722763148BZ0Z
M03520:605:000000000-LVNKY:1:1113:28842:15441,sd30-1,R_only,1,"",RH.78B83B8D6A224B1Z0Z
M03520:605:000000000-LVNKY:1:2102:15467:15288,as3-2,R_only,1,"",RH.1CC74B91718A42FZ0Z
M03520:605:000000000-LVNKY:1:2102:16138:15038,as7-2,R_only,1,"",RH.B9EF730EBE6C436Z0Z; RH.78B83B8D6A224B1Z0Z
M03520:605:000000000-LVNKY:1:1103:22602:9207,as25-2,R_only,1,"",RH.0C6EF86AB29A422Z0Z
M03520:605:000000000-LVNKY:1:2104:14597:16895,as7-1,R_only,1,"",RH.2467895ACA8347EZ0Z
M03520:605:000000000-LVNKY:1:1106:16330:19091,as25-1,R_only,1,"",RH.78B83B8D6A224B1Z0Z
M03520:605:000000000-LVNKY:1:2114:16336:13999,as20-1,R_only,1,"",RH.6408CE975B5340AZ0Z
M03520:605:000000000-LVNKY:1:1103:13150:20451,as7-1,R_only,2,"",RH.DDB83AFF97C94C6Z0Z
M03520:605:000000000-LVNKY:1:1108:24483:20394,as7-3,R_only,1,"",RH.51338FA06EDB4F0Z0Z
M03520:605:000000000-LVNKY:1:1102:11910:25942,as3-2,R_only,1,"",RH.1DD55C57FB3E459Z0Z
M03520:605:000000000-LVNKY:1:1106:13141:11179,as25-3,R_only,1,"",RH.185D4E36BBF74FEZ0Z
M03520:605:000000000-LVNKY:1:2109:21816:6929,sd25-1,R_only,1,"",RH.DE543226C201437Z0Z; RH.51338FA06EDB4F0Z0Z
M03520:605:000000000-LVNKY:1:1102:10492:10396,as7-1,R_only,1,"",RH.1DD55C57FB3E459Z0Z
M03520:605:000000000-LVNKY:1:2111:4842:19565,as3-3,R_only,1,"",RH.78B83B8D6A224B1Z0Z
M03520:605:000000000-LVNKY:1:1114:21326:23119,as10-3,R_only,1,"",RH.78B83B8D6A224B1Z0Z
M03520:605:000000000-LVNKY:1:1107:8767:21048,sd3-1,R_only,1,"",RH.B9EF730EBE6C436Z0Z
M03520:605:000000000-LVNKY:1:2113:11155:21987,as3-2,R_only,1,"",RH.6408CE975B5340AZ0Z
M03520:605:000000000-LVNKY:1:2110:14410:20461,as3-2,R_only,1,"",RH.3E15F0DCA8B741FZ0Z
M03520:605:000000000-LVNKY:1:1106:9553:11135,sd3-2,R_only,1,"",RH.DE543226C201437Z0Z
M03520:605:000000000-LVNKY:1:1112:23763:16120,as3-1,R_only,3,"",RH.8B25A056ABC1444Z0Z
M03520:605:000000000-LVNKY:1:1107:17118:9740,as30-3,R_only,1,"",RH.794AFFBE5ED5465Z0Z
M03520:605:000000000-LVNKY:1:1111:8060:19865,as3-2,R_only,1,"",RH.AB03371A973C4B1Z0Z
M03520:605:000000000-LVNKY:1:2107:16251:26238,as30-3,R_only,1,"",RH.A12CDF2B5C80436Z0Z
M03520:605:000000000-LVNKY:1:2113:29311:16647,as10-2,R_only,1,"",RH.6408CE975B5340AZ0Z
M03520:605:000000000-LVNKY:1:1112:13511:8373,as3-2,R_only,1,"",RH.0BD19D1A26A74EBZ0Z
M03520:605:000000000-LVNKY:1:1103:14408:9468,as25-3,R_only,1,"",RH.B9EF730EBE6C436Z0Z
M03520:605:000000000-LVNKY:1:2103:14012:5060,as7-1,R_only,1,"",RH.466B380E0FF243CZ0Z
M03520:605:000000000-LVNKY:1:1105:22742:6861,sd20-1,R_only,1,"",RH.DE543226C201437Z0Z; RH.51338FA06EDB4F0Z0Z
M03520:605:000000000-LVNKY:1:2103:9242:15789,as25-3,R_only,1,"",RH.6408CE975B5340AZ0Z
M03520:605:000000000-LVNKY:1:2108:16962:4485,as25-3,R_only,1,"",RH.517A9FBA2B494D5Z0Z
M03520:605:000000000-LVNKY:1:1106:5510:23652,as3-1,R_only,1,"",RH.A12CDF2B5C80436Z0Z
M03520:605:000000000-LVNKY:1:1105:24362:8058,as7-1,R_only,1,"",RH.2467895ACA8347EZ0Z
M03520:605:000000000-LVNKY:1:2104:20239:4894,as10-3,R_only,1,"",RH.9C70B4C9923B4A8Z0Z
M03520:605:000000000-LVNKY:1:2101:26176:16301,as15-3,R_only,1,"",RH.6408CE975B5340AZ0Z
M03520:605:000000000-LVNKY:1:1113:9516:17820,as3-2,R_only,1,"",RH.595FCA3D7BA7416Z0Z
M03520:605:000000000-LVNKY:1:2111:7026:16315,as3-2,R_only,1,"",RH.4A882F442BF8449Z0Z
M03520:605:000000000-LVNKY:1:2110:16302:16894,as7-1,R_only,1,"",RH.C2784A2F9F074BAZ0Z
M03520:605:000000000-LVNKY:1:1101:4613:18493,sd30-1,R_only,1,"",RH.B9EF730EBE6C436Z0Z
M03520:605:000000000-LVNKY:1:2104:9444:13797,as7-2,R_only,1,"",RH.0BD19D1A26A74EBZ0Z
M03520:605:000000000-LVNKY:1:1109:28133:19900,as3-2,R_only,1,"",RH.0550AF0F57084ADZ0Z
M03520:605:000000000-LVNKY:1:2109:12086:7791,sd20-2,R_only,1,"",RH.A12CDF2B5C80436Z0Z
M03520:605:000000000-LVNKY:1:2105:8111:3614,as20-2,R_only,1,"",RH.30AADA7B15FF458Z0Z
M03520:605:000000000-LVNKY:1:2110:15909:11746,as3-2,R_only,1,"",RH.FDEF34A308684D6Z0Z
M03520:605:000000000-LVNKY:1:1102:19102:11383,sd10-3,R_only,4,"",RH.27578A9A85FA4A3Z0Z
M03520:605:000000000-LVNKY:1:1103:8063:15869,as7-2,R_only,1,"",RH.78B83B8D6A224B1Z0Z
M03520:605:000000000-LVNKY:1:1105:25916:19697,sd7-2,R_only,1,"",RH.B9EF730EBE6C436Z0Z
M03520:605:000000000-LVNKY:1:1106:6835:23084,sd7-1,R_only,1,"",RH.CA1E204B0C0842DZ0Z
M03520:605:000000000-LVNKY:1:2104:14365:10795,as3-1,R_only,1,"",RH.CF953F27F5674E1Z0Z
M03520:605:000000000-LVNKY:1:2108:17452:3531,as20-2,R_only,1,"",RH.A12CDF2B5C80436Z0Z
M03520:605:000000000-LVNKY:1:1101:16908:21365,sd30-1,R_only,1,"",RH.8B25A056ABC1444Z0Z
M03520:605:000000000-LVNKY:1:2114:21538:9142,as3-2,R_only,1,"",RH.B9EF730EBE6C436Z0Z
M03520:605:000000000-LVNKY:1:2113:29064:15315,as7-1,R_only,1,"",RH.78B83B8D6A224B1Z0Z
M03520:605:000000000-LVNKY:1:1108:13562:9806,sd30-2,R_only,1,"",RH.6572108A164E48EZ0Z
M03520:605:000000000-LVNKY:1:1112:9510:26050,as30-3,R_only,1,"",RH.B9EF730EBE6C436Z0Z
M03520:605:000000000-LVNKY:1:2114:20779:2850,as7-1,R_only,1,"",RH.B9EF730EBE6C436Z0Z
M03520:605:000000000-LVNKY:1:2102:5372:8627,as20-2,R_only,1,"",RH.D63E64CD17AE473Z0Z
M03520:605:000000000-LVNKY:1:2108:15369:11338,as15-1,R_only,1,"",RH.7CE39E25906745AZ0Z
M03520:605:000000000-LVNKY:1:2101:9842:12676,as3-2,R_only,1,"",RH.C433CAC466034A5Z0Z
M03520:605:000000000-LVNKY:1:2110:7452:15956,sd15-1,R_only,1,"",RH.7CE39E25906745AZ0Z
M03520:605:000000000-LVNKY:1:1102:11192:16204,sd25-1,R_only,1,"",RH.27578A9A85FA4A3Z0Z
M03520:605:000000000-LVNKY:1:2104:2573:19557,as7-3,R_only,1,"",RH.0550AF0F57084ADZ0Z
M03520:605:000000000-LVNKY:1:2107:18803:17757,as7-1,R_only,1,"",RH.2467895ACA8347EZ0Z
M03520:605:000000000-LVNKY:1:1107:15295:19554,sd3-1,R_only,1,"",RH.85A5303CAAF54ADZ0Z
M03520:605:000000000-LVNKY:1:2103:26926:17418,as30-3,R_only,1,"",RH.51338FA06EDB4F0Z0Z
M03520:605:000000000-LVNKY:1:1104:8589:27349,sd20-1,R_only,1,"",RH.DE543226C201437Z0Z; RH.51338FA06EDB4F0Z0Z
M03520:605:000000000-LVNKY:1:1108:8562:26392,sd25-2,R_only,1,"",RH.44DCEC943BED412Z0Z
M03520:605:000000000-LVNKY:1:2103:10450:23705,as7-3,R_only,1,"",RH.78B83B8D6A224B1Z0Z
M03520:605:000000000-LVNKY:1:1105:14501:15397,as30-3,R_only,1,"",RH.78B83B8D6A224B1Z0Z
M03520:605:000000000-LVNKY:1:1111:16871:3616,sd7-3,R_only,1,"",RH.7CE39E25906745AZ0Z
M03520:605:000000000-LVNKY:1:1105:9228:16293,sd7-2,R_only,1,"",RH.72B9E3F522264B3Z0Z
M03520:605:000000000-LVNKY:1:2108:18808:15469,sd20-1,R_only,1,"",RH.04A0205BEA6C49EZ0Z
M03520:605:000000000-LVNKY:1:1104:4556:10656,as20-3,R_only,2,"",RH.DDB83AFF97C94C6Z0Z
M03520:605:000000000-LVNKY:1:1109:12179:20434,as3-1,R_only,1,"",RH.51338FA06EDB4F0Z0Z
M03520:605:000000000-LVNKY:1:2114:20349:12399,sd7-3,R_only,1,"",RH.63B83F05CDE5404Z0Z; RH.78B83B8D6A224B1Z0Z
M03520:605:000000000-LVNKY:1:1106:25047:12031,as20-2,R_only,1,"",RH.27578A9A85FA4A3Z0Z
M03520:605:000000000-LVNKY:1:1113:11733:6586,sd7-3,R_only,1,"",RH.6408CE975B5340AZ0Z
M03520:605:000000000-LVNKY:1:2110:9652:4370,as7-1,R_only,1,"",RH.72B9E3F522264B3Z0Z
M03520:605:000000000-LVNKY:1:1108:18339:9144,as7-1,R_only,1,"",RH.51338FA06EDB4F0Z0Z
M03520:605:000000000-LVNKY:1:1109:25527:15066,sd10-2,R_only,1,"",RH.0550AF0F57084ADZ0Z
M03520:605:000000000-LVNKY:1:1110:13473:7672,as7-1,R_only,1,"",RH.2467895ACA8347EZ0Z
M03520:605:000000000-LVNKY:1:2114:11535:10608,as20-1,R_only,1,"",RH.78B83B8D6A224B1Z0Z
M03520:605:000000000-LVNKY:1:2105:21765:7814,as10-1,R_only,1,"",RH.466B380E0FF243CZ0Z
M03520:605:000000000-LVNKY:1:1111:21009:21381,sd3-1,R_only,1,"",RH.6408CE975B5340AZ0Z
M03520:605:000000000-LVNKY:1:1109:11961:24082,sd7-1,R_only,1,"",RH.27578A9A85FA4A3Z0Z
M03520:605:000000000-LVNKY:1:1113:13964:15305,sd3-2,R_only,1,"",RH.B9EF730EBE6C436Z0Z
M03520:605:000000000-LVNKY:1:1105:24238:9011,sd30-2,R_only,1,"",RH.DE543226C201437Z0Z; RH.51338FA06EDB4F0Z0Z
M03520:605:000000000-LVNKY:1:1107:22259:17932,as15-1,R_only,1,"",RH.78B83B8D6A224B1Z0Z
M03520:605:000000000-LVNKY:1:2110:8424:16062,as7-2,R_only,1,"",RH.27578A9A85FA4A3Z0Z
M03520:605:000000000-LVNKY:1:2104:21292:4112,as30-2,R_only,1,"",RH.E253263309B742FZ0Z
M03520:605:000000000-LVNKY:1:1105:7331:7341,as30-3,R_only,1,"",RH.78B83B8D6A224B1Z0Z
M03520:605:000000000-LVNKY:1:1106:18258:7339,sd10-1,R_only,1,"",RH.0096A141894D447Z0Z
M03520:605:000000000-LVNKY:1:1106:6121:5667,sd20-2,R_only,2,"",RH.85A5303CAAF54ADZ0Z
M03520:605:000000000-LVNKY:1:2102:25830:17555,sd30-1,R_only,1,"",RH.27578A9A85FA4A3Z0Z
M03520:605:000000000-LVNKY:1:1101:19164:25512,sd3-2,R_only,1,"",RH.85A5303CAAF54ADZ0Z
M03520:605:000000000-LVNKY:1:1111:6004:19510,as10-2,R_only,1,"",RH.8B25A056ABC1444Z0Z
M03520:605:000000000-LVNKY:1:2108:22231:22750,as3-2,R_only,1,"",RH.FDEF34A308684D6Z0Z
M03520:605:000000000-LVNKY:1:1113:24169:17059,as30-2,R_only,2,"",RH.185D4E36BBF74FEZ0Z
M03520:605:000000000-LVNKY:1:2112:19744:3949,as25-2,R_only,1,"",RH.9C95B221AC5C4EAZ0Z
M03520:605:000000000-LVNKY:1:1103:14286:5537,as7-1,R_only,1,"",RH.09C100672A8B484Z0Z
M03520:605:000000000-LVNKY:1:2102:20247:9081,as3-1,R_only,1,"",RH.78B83B8D6A224B1Z0Z
M03520:605:000000000-LVNKY:1:1114:26156:20325,as7-1,R_only,1,"",RH.AB03371A973C4B1Z0Z
M03520:605:000000000-LVNKY:1:2109:19298:21025,as7-1,R_only,1,"",RH.595FCA3D7BA7416Z0Z
M03520:605:000000000-LVNKY:1:1112:11613:9137,as15-1,R_only,1,"",RH.6408CE975B5340AZ0Z
M03520:605:000000000-LVNKY:1:2106:26202:17439,as3-2,R_only,1,"",RH.1DD55C57FB3E459Z0Z
M03520:605:000000000-LVNKY:1:1102:6167:13154,as10-1,R_only,1,"",RH.7CE39E25906745AZ0Z
M03520:605:000000000-LVNKY:1:1114:27095:19150,as15-1,R_only,1,"",RH.2AFFFBA0E81C482Z0Z
M03520:605:000000000-LVNKY:1:1109:19630:6848,as3-2,R_only,1,"",RH.0550AF0F57084ADZ0Z
M03520:605:000000000-LVNKY:1:2114:11966:22192,as25-3,R_only,1,"",RH.2AFFFBA0E81C482Z0Z
M03520:605:000000000-LVNKY:1:2101:19508:9052,as3-2,R_only,1,"",RH.FDEF34A308684D6Z0Z
M03520:605:000000000-LVNKY:1:2108:20836:20501,as7-2,R_only,1,"",RH.DDB83AFF97C94C6Z0Z
M03520:605:000000000-LVNKY:1:1105:21849:25830,sd20-2,R_only,1,"",RH.DE543226C201437Z0Z; RH.51338FA06EDB4F0Z0Z
M03520:605:000000000-LVNKY:1:2109:18069:20432,sd20-2,R_only,1,"",RH.2A8AD21024974C0Z0Z
M03520:605:000000000-LVNKY:1:1109:19849:2171,as7-1,R_only,1,"",RH.30AADA7B15FF458Z0Z
M03520:605:000000000-LVNKY:1:1111:8842:17220,as7-2,R_only,1,"",RH.04A0205BEA6C49EZ0Z
M03520:605:000000000-LVNKY:1:2101:20156:19044,as30-3,R_only,1,"",RH.A12CDF2B5C80436Z0Z
M03520:605:000000000-LVNKY:1:1106:27617:12770,as25-1,R_only,1,"",RH.2A85EAE5DEAD471Z0Z
M03520:605:000000000-LVNKY:1:2104:8851:19173,as7-1,R_only,1,"",RH.2467895ACA8347EZ0Z
M03520:605:000000000-LVNKY:1:2114:20872:9377,sd20-1,R_only,1,"",RH.E28A489CA40644BZ0Z
M03520:605:000000000-LVNKY:1:2112:22018:10294,as7-1,R_only,1,"",RH.2A8AD21024974C0Z0Z
M03520:605:000000000-LVNKY:1:2105:9714:15617,sd15-2,R_only,1,"",RH.DDB83AFF97C94C6Z0Z
M03520:605:000000000-LVNKY:1:1110:24413:7732,sd30-1,R_only,1,"",RH.7CE39E25906745AZ0Z
M03520:605:000000000-LVNKY:1:2102:24072:13395,as10-3,R_only,1,"",RH.C597F0BA65D4481Z0Z
M03520:605:000000000-LVNKY:1:2101:22916:8006,sd7-1,R_only,1,"",RH.DDB83AFF97C94C6Z0Z
M03520:605:000000000-LVNKY:1:1104:21560:11951,sd7-1,R_only,1,"",RH.7CE39E25906745AZ0Z
M03520:605:000000000-LVNKY:1:1106:12620:14723,as3-2,R_only,1,"",RH.1CC74B91718A42FZ0Z; RH.69CEA0AC39F4445Z0Z
M03520:605:000000000-LVNKY:1:1113:21915:16487,sd3-2,R_only,2,"",RH.DE543226C201437Z0Z; RH.51338FA06EDB4F0Z0Z
M03520:605:000000000-LVNKY:1:2108:11597:2639,sd30-1,R_only,1,"",RH.8B25A056ABC1444Z0Z
M03520:605:000000000-LVNKY:1:2105:9655:3509,as3-2,R_only,1,"",RH.1DD55C57FB3E459Z0Z
M03520:605:000000000-LVNKY:1:1111:12196:21028,sd3-1,R_only,1,"",RH.78B83B8D6A224B1Z0Z; RH.0550AF0F57084ADZ0Z
M03520:605:000000000-LVNKY:1:1110:23053:14184,sd20-2,R_only,4,"",RH.8B25A056ABC1444Z0Z
M03520:605:000000000-LVNKY:1:2110:22993:17932,as3-2,R_only,1,"",RH.7CE39E25906745AZ0Z
M03520:605:000000000-LVNKY:1:1111:20149:5453,as3-2,R_only,1,"",RH.FDEF34A308684D6Z0Z
M03520:605:000000000-LVNKY:1:1105:20798:26147,as30-3,R_only,1,"",RH.C5286B9DCF0844BZ0Z
M03520:605:000000000-LVNKY:1:2104:6780:18873,as15-3,R_only,1,"",RH.7CE39E25906745AZ0Z
M03520:605:000000000-LVNKY:1:2112:20668:28068,sd20-1,R_only,1,"",RH.85A5303CAAF54ADZ0Z
M03520:605:000000000-LVNKY:1:2111:28621:10220,as10-3,R_only,1,"",RH.C325C496B39E492Z0Z
M03520:605:000000000-LVNKY:1:1109:12961:14895,as15-3,R_only,1,"",RH.51338FA06EDB4F0Z0Z
M03520:605:000000000-LVNKY:1:2104:21977:14853,as7-1,R_only,1,"",RH.FDEF34A308684D6Z0Z
M03520:605:000000000-LVNKY:1:1110:5647:23425,sd10-3,R_only,1,"",RH.DDB83AFF97C94C6Z0Z
M03520:605:000000000-LVNKY:1:1108:26023:16295,as25-3,R_only,1,"",RH.094E5466924B45EZ0Z
M03520:605:000000000-LVNKY:1:2113:17437:23189,as25-1,R_only,1,"",RH.30AADA7B15FF458Z0Z
M03520:605:000000000-LVNKY:1:1103:8586:10355,as3-2,R_only,1,"",RH.71CF7C04FA43438Z0Z
M03520:605:000000000-LVNKY:1:2103:2199:17084,as7-1,R_only,1,"",RH.78B83B8D6A224B1Z0Z
M03520:605:000000000-LVNKY:1:1112:27808:11146,as3-2,R_only,1,"",RH.25F43EF2A0F1421Z0Z
M03520:605:000000000-LVNKY:1:1106:13053:26937,as7-2,R_only,1,"",RH.78B83B8D6A224B1Z0Z
M03520:605:000000000-LVNKY:1:1111:5601:11267,as3-3,R_only,1,"",RH.2467895ACA8347EZ0Z; RH.27578A9A85FA4A3Z0Z
M03520:605:000000000-LVNKY:1:1108:16341:1403,as25-1,R_only,1,"",RH.8F107B8442F24A3Z0Z; RH.2E7645315FAF4F2Z0Z
M03520:605:000000000-LVNKY:1:2109:13302:9874,as30-3,R_only,1,"",RH.021A507BE6D04ABZ0Z
M03520:605:000000000-LVNKY:1:1108:10527:17735,sd20-1,R_only,1,"",RH.DDB83AFF97C94C6Z0Z
M03520:605:000000000-LVNKY:1:2103:20071:16721,sd7-1,R_only,1,"",RH.78B83B8D6A224B1Z0Z
