reverse_name,reverse_sequence,forward_name ,forward_sequence 
RH.003F79FEC922409Z0Z.R,/rhSeq-r/ACGCTGGTAGTGCGTCrGGGTG/GT3/, RH.003F79FEC922409Z0Z.F , /rhSeq-f/TCGTCGTATTCGGACGGrCGAGC/GT1/ 
RH.0096A141894D447Z0Z.R,/rhSeq-r/GATTTCGTCCATCGCATTGTrCATGC/GT4/, RH.0096A141894D447Z0Z.F , /rhSeq-f/ATATCGTGCTGTTGATCCGrGCTGC/GT1/ 
RH.00E4B296DCE74BCZ0Z.R,/rhSeq-r/GCCCCTGATAGACGAAATCrCTCGA/GT3/, RH.00E4B296DCE74BCZ0Z.F , /rhSeq-f/ACGTGTTCATGCGCAATCrCGGAA/GT3/ 
RH.01448F03BE284B7Z0Z.R,/rhSeq-r/CTGGTGCAAAGGCAAGATrCTTCG/GT4/, RH.01448F03BE284B7Z0Z.F , /rhSeq-f/GTCCATCACTGCATCGGrCCACT/GT1/ 
RH.0180E4AB5822472Z0Z.R,/rhSeq-r/TCGCGGTTCGCTGAATTATArCCAGA/GT2/, RH.0180E4AB5822472Z0Z.F , /rhSeq-f/TTGCAAACCCCGATCTGTrCACAT/GT2/ 
RH.0217D7856D1B4F3Z0Z.R,/rhSeq-r/GATCAGCCAGGGACTGATrGGTGA/GT3/, RH.0217D7856D1B4F3Z0Z.F , /rhSeq-f/ATCGGTGCTGTTCGAGArCCCTG/GT3/ 
RH.021A507BE6D04ABZ0Z.R,/rhSeq-r/GATCTGATCGTCGAGCArCCTCG/GT2/, RH.021A507BE6D04ABZ0Z.F , /rhSeq-f/CTTCTCCACCCGCTTCrCTGCA/GT3/ 
RH.02ED2313668747CZ0Z.R,/rhSeq-r/GGTCGAACAAGCGCATAATTrGCGAT/GT3/, RH.02ED2313668747CZ0Z.F , /rhSeq-f/AGATATTCTCGGAACCGCArCCGCT/GT1/ 
RH.034C1A4941D644EZ0Z.R,/rhSeq-r/GCGCGGAAGTAGTCGTCrCATCT/GT3/, RH.034C1A4941D644EZ0Z.F , /rhSeq-f/TGATCGCCGAGATGCTCrGGCGT/GT2/ 
RH.04A0205BEA6C49EZ0Z.R,/rhSeq-r/CGTCGGTTATGCCTTTGAArGTACA/GT1/, RH.04A0205BEA6C49EZ0Z.F , /rhSeq-f/CTGAAGTTGACGCAGGAGrCTGTT/GT3/ 
RH.0550AF0F57084ADZ0Z.R,/rhSeq-r/TCATGTTCGAGAGCGGTrGTCTG/GT3/, RH.0550AF0F57084ADZ0Z.F , /rhSeq-f/CGAAATACGATGACCGGTTrCGATC/GT3/ 
RH.07345E4EB10540DZ0Z.R,/rhSeq-r/GAGAACGGCAGATACCCrCTCCC/GT1/, RH.07345E4EB10540DZ0Z.F , /rhSeq-f/GCACAGGTGGTGATCAGrCCCCT/GT2/ 
RH.07A081D839E34E7Z0Z.R,/rhSeq-r/TTTGGCCCGCTTCTCGrGCCAT/GT3/, RH.07A081D839E34E7Z0Z.F , /rhSeq-f/AAGCTCACCGAGACCATCrCACAC/GT2/ 
RH.09228C428F4848BZ0Z.R,/rhSeq-r/TCATCACCTTGAGCTTCGTrCTGCA/GT2/, RH.09228C428F4848BZ0Z.F , /rhSeq-f/GCTATCGCTTCAACAGCTTrCTACC/GT4/ 
RH.094E5466924B45EZ0Z.R,/rhSeq-r/ATGAAGGACGGAAGGAACTGrCGGAT/GT3/, RH.094E5466924B45EZ0Z.F , /rhSeq-f/CCAAACATAGCAACATCGAGGrCGATC/GT2/ 
RH.098C2C0732D843BZ0Z.R,/rhSeq-r/CGTCGCCCGCTTTCATrCACCT/GT2/, RH.098C2C0732D843BZ0Z.F , /rhSeq-f/ACGCGATCGAGGAATCGrCTGCG/GT2/ 
RH.09C100672A8B484Z0Z.R,/rhSeq-r/TCTTTTTCGAAGCCGTCGATrCAGCT/GT2/, RH.09C100672A8B484Z0Z.F , /rhSeq-f/GTCCGAATCCAAATCGCTGrCTGGA/GT2/ 
RH.09D312EAE0BE4BAZ0Z.R,/rhSeq-r/CATCAGGAACCCGATCGArCATCA/GT2/, RH.09D312EAE0BE4BAZ0Z.F , /rhSeq-f/CACAGACGATCCTCGGCrCATCT/GT3/ 
RH.0A5775703F42403Z0Z.R,/rhSeq-r/CTTCGAAGCGGGCACCrCAGAG/GT4/, RH.0A5775703F42403Z0Z.F , /rhSeq-f/CCGGCACGTCTCGTTCrGGTCT/GT1/ 
RH.0BA5504E4959438Z0Z.R,/rhSeq-r/CCGCGTCATATTCGACCTrGCAAT/GT2/, RH.0BA5504E4959438Z0Z.F , /rhSeq-f/AGGAACTGCGGATTGCArCTGTC/GT2/ 
RH.0BD19D1A26A74EBZ0Z.R,/rhSeq-r/ATATGGGTAACCGGCGATTrGCCAG/GT3/, RH.0BD19D1A26A74EBZ0Z.F , /rhSeq-f/AGGCATTCGACAAATATCCCrGGCGA/GT4/ 
RH.0C36971D26FA41BZ0Z.R,/rhSeq-r/GGAATGCCCAGCATGTCrGCAGA/GT1/, RH.0C36971D26FA41BZ0Z.F , /rhSeq-f/GCCCTCGGATCAAGGAArCTGGT/GT2/ 
RH.0C6EF86AB29A422Z0Z.R,/rhSeq-r/CGCCGTAGTACATGACGArCCTTC/GT1/, RH.0C6EF86AB29A422Z0Z.F , /rhSeq-f/GACGAGTTCATCCGCATGrGTCAG/GT3/ 
RH.0C7CF249E0964D1Z0Z.R,/rhSeq-r/CGTGGTCGAACGCCAGrCCACA/GT1/, RH.0C7CF249E0964D1Z0Z.F , /rhSeq-f/ACGACCTCGCTGACCTrGACCT/GT3/ 
RH.0D3AF526217546DZ0Z.R,/rhSeq-r/TCGAGCCCGTGATACGrCGTCC/GT2/, RH.0D3AF526217546DZ0Z.F , /rhSeq-f/GACTTCTTCGCCGAGCTrCACGA/GT1/ 
RH.0DD39F12EC344D0Z0Z.R,/rhSeq-r/TTCGGAGCCATCGTGAGrGTTCC/GT2/, RH.0DD39F12EC344D0Z0Z.F , /rhSeq-f/ACATGGAGCTGCGCATCrGTCCT/GT3/ 
RH.0DDF79B1BF9D4F5Z0Z.R,/rhSeq-r/CAACTGGCTGTAGATCGCrGGTGA/GT2/, RH.0DDF79B1BF9D4F5Z0Z.F , /rhSeq-f/GAGAAGTGGTTTCCCGATGrCACAG/GT4/ 
RH.0E12152EC5E54F0Z0Z.R,/rhSeq-r/GATTTCCTTGAGAGCGCCrCTGGA/GT1/, RH.0E12152EC5E54F0Z0Z.F , /rhSeq-f/CGTTCTTCAAGCTCACCATrCATGG/GT4/ 
RH.0F1724882B2C45AZ0Z.R,/rhSeq-r/GGTGAAGGCCTTCTCGrGTCAG/GT3/, RH.0F1724882B2C45AZ0Z.F , /rhSeq-f/TTCATCGACGAGTTCGCrCGCGA/GT1/ 
RH.0FDF85993DCD469Z0Z.R,/rhSeq-r/AGGATCAGATCGCCGTAGrCGGTC/GT3/, RH.0FDF85993DCD469Z0Z.F , /rhSeq-f/GGTGAAATGGCTGGACGrCCATG/GT3/ 
RH.1097C5D0DCCB430Z0Z.R,/rhSeq-r/CGATCAGATCGTTGGTGTTrCAGGT/GT1/, RH.1097C5D0DCCB430Z0Z.F , /rhSeq-f/CGAAGACGATCTGGTCAGrCGACA/GT1/ 
RH.116C818B1AAE419Z0Z.R,/rhSeq-r/CAGGCCTAAGTGGATGCrCGTAG/GT3/, RH.116C818B1AAE419Z0Z.F , /rhSeq-f/CAGCATCATCCTGCTCATrCAACG/GT3/ 
RH.1178978C1B124F7Z0Z.R,/rhSeq-r/GCACAGCTCCTCGAAGTrCCAAA/GT3/, RH.1178978C1B124F7Z0Z.F , /rhSeq-f/TGTTCGAGCGGTTCCCrGGACA/GT1/ 
RH.11C769AD1C4F472Z0Z.R,/rhSeq-r/CTGATCATGTCGTCCTGCrGGGTT/GT3/, RH.11C769AD1C4F472Z0Z.F , /rhSeq-f/AGCTCGAGTTCTCCGAACrGCAAC/GT4/ 
RH.130BAF3B1F444BDZ0Z.R,/rhSeq-r/TCACCATCTCGTCGAACArGGTCC/GT2/, RH.130BAF3B1F444BDZ0Z.F , /rhSeq-f/GTGTTTTCCCACCGCAArCGTTA/GT3/ 
RH.1341ABAC351043FZ0Z.R,/rhSeq-r/CAGCACCGAGAAGATCGrCCTTG/GT4/, RH.1341ABAC351043FZ0Z.F , /rhSeq-f/AGGAGGACCTGCAGAArCCGGT/GT2/ 
RH.137D545CFE1E432Z0Z.R,/rhSeq-r/ATGCTGAAATCCGACTGCArCCAAC/GT1/, RH.137D545CFE1E432Z0Z.F , /rhSeq-f/CGTTGTACTACAACAGGCGrCTACG/GT4/ 
RH.1481DAA5ED924AFZ0Z.R,/rhSeq-r/AGCAGCGTGTGGAACArCGATC/GT1/, RH.1481DAA5ED924AFZ0Z.F , /rhSeq-f/GAACCCGACAAACTCGACrCTCAC/GT3/ 
RH.159AE449CD74409Z0Z.R,/rhSeq-r/AGATGAAGTTCGACGCCArGCCAT/GT1/, RH.159AE449CD74409Z0Z.F , /rhSeq-f/AGCACATCGCCAGGATCrGAGAT/GT3/ 
RH.1765A17E5FDB418Z0Z.R,/rhSeq-r/ACATGCACGACGTCGAArCGCAT/GT1/, RH.1765A17E5FDB418Z0Z.F , /rhSeq-f/ACAGCCACGCCTATCTGrCCCTT/GT3/ 
RH.17B3832C9C1D403Z0Z.R,/rhSeq-r/TCGGAAGAAAGTAGTCCTTCTrCCCAA/GT4/, RH.17B3832C9C1D403Z0Z.F , /rhSeq-f/GTTTGCTACTCATCCTGATGTGrGCAAA/GT4/ 
RH.1800310D4F224E4Z0Z.R,/rhSeq-r/CGCTCGAACAACGCTCrCCAGT/GT2/, RH.1800310D4F224E4Z0Z.F , /rhSeq-f/ACGCTGCGAACCATCTrGCAGT/GT1/ 
RH.181C8554E44C463Z0Z.R,/rhSeq-r/CGATCTCTGGCCAGCGrGCTGA/GT3/, RH.181C8554E44C463Z0Z.F , /rhSeq-f/ACTGTCCGGGCATCCATrCTCGG/GT3/ 
RH.185D4E36BBF74FEZ0Z.R,/rhSeq-r/CGACGGTACATTTGACTGATCrGTCGA/GT3/, RH.185D4E36BBF74FEZ0Z.F , /rhSeq-f/GAGTCTCTTGGCAGCTATATTGrCCAAC/GT2/ 
RH.1953A480E99F470Z0Z.R,/rhSeq-r/GATGACGTTGAGCGTGATCrCGGTT/GT3/, RH.1953A480E99F470Z0Z.F , /rhSeq-f/CGCAACTACGAGAAGATCATrCGAAG/GT4/ 
RH.196160AABC82476Z0Z.R,/rhSeq-r/CCGACGAGCTCGAACTTrCCAAC/GT2/, RH.196160AABC82476Z0Z.F , /rhSeq-f/TTCCTGCCCTTTGGCGrCAGGT/GT3/ 
RH.19C64E69AB7E463Z0Z.R,/rhSeq-r/GAACGCTTTCGGATCGATrGTCGT/GT4/, RH.19C64E69AB7E463Z0Z.F , /rhSeq-f/TACGAGGTGATCGACCGrGCGTT/GT2/ 
RH.1A59AE22D9BF43FZ0Z.R,/rhSeq-r/CGTTCAGCTTGCTGGCrGTCCA/GT1/, RH.1A59AE22D9BF43FZ0Z.F , /rhSeq-f/CACATTCCCGACTTCCGrCATCG/GT3/ 
RH.1B7E66F8455D45AZ0Z.R,/rhSeq-r/CCGCAGTGCGGTAAAGrCCCAT/GT3/, RH.1B7E66F8455D45AZ0Z.F , /rhSeq-f/GCGAGGTGATGGTTTCGrCTGCA/GT2/ 
RH.1C17A84686A7401Z0Z.R,/rhSeq-r/GGCTCAACATCAGGTCGArCGAAT/GT1/, RH.1C17A84686A7401Z0Z.F , /rhSeq-f/ACTCCAACATGATCCGCAGrCTTGG/GT1/ 
RH.1C2CE323A1D14DDZ0Z.R,/rhSeq-r/CGGATCCTGGTTGAGCAGrGATCA/GT3/, RH.1C2CE323A1D14DDZ0Z.F , /rhSeq-f/GGTCTCCAAGGACAGCAArGAACT/GT2/ 
RH.1C82717EB39B4ECZ0Z.R,/rhSeq-r/TCCATCAGTTCGCGATAGrCGCGT/GT3/, RH.1C82717EB39B4ECZ0Z.F , /rhSeq-f/GTGATCGGCAAATATCGCrGGCCA/GT2/ 
RH.1CC74B91718A42FZ0Z.R,/rhSeq-r/CTTTTCCTTGCGGTCAATGTrCAAAC/GT3/, RH.1CC74B91718A42FZ0Z.F , /rhSeq-f/AAGATTATGAAGCGCACGGrCGTGT/GT3/ 
RH.1DB5008EB8D746AZ0Z.R,/rhSeq-r/GGGACAGGTCCAGGACrGTCGG/GT2/, RH.1DB5008EB8D746AZ0Z.F , /rhSeq-f/ACACAGAGATCGCCGGrCCAGC/GT3/ 
RH.1DD55C57FB3E459Z0Z.R,/rhSeq-r/CATGACATCGAGATTCTCGCrGATCG/GT4/, RH.1DD55C57FB3E459Z0Z.F , /rhSeq-f/GATTACGATGGCGTGATCATTrCCGAA/GT2/ 
RH.1ED162FCE898487Z0Z.R,/rhSeq-r/AATGATCCGCCCATCATAGGrCGAGG/GT1/, RH.1ED162FCE898487Z0Z.F , /rhSeq-f/ATCCGTACGTTGATGGATCATrCCCGA/GT2/ 
RH.1EF46063B168483Z0Z.R,/rhSeq-r/GCCAGCAGGATTTCCATrCTCCA/GT2/, RH.1EF46063B168483Z0Z.F , /rhSeq-f/CCGCTATACGAATCCGGArCGTCT/GT1/ 
RH.1F2473CDE693437Z0Z.R,/rhSeq-r/CAGTTCCTCTAGCGCAACrGCGAA/GT2/, RH.1F2473CDE693437Z0Z.F , /rhSeq-f/AGACAAAGTTCGAGAACGCrCGACC/GT4/ 
RH.1F2E4C6C9EF84A6Z0Z.R,/rhSeq-r/AAACAAGGTTTGGACCCCrCAGGC/GT3/, RH.1F2E4C6C9EF84A6Z0Z.F , /rhSeq-f/CTTCGGCTACGGCATGrCACTC/GT3/ 
RH.205D0BBB50B8471Z0Z.R,/rhSeq-r/ATGCCGTCGATCATTGCrCTGCG/GT4/, RH.205D0BBB50B8471Z0Z.F , /rhSeq-f/CATCCTCGACGATCTGGrCGCCT/GT3/ 
RH.2091F326F74640CZ0Z.R,/rhSeq-r/AAATTGCTCCGGGTCTTTrGGCAA/GT2/, RH.2091F326F74640CZ0Z.F , /rhSeq-f/CTATCCTTGCCAACGGTACrGATTG/GT4/ 
RH.228524764FCE499Z0Z.R,/rhSeq-r/CACCACGATTGAATCGCTCrCAGTC/GT3/, RH.228524764FCE499Z0Z.F , /rhSeq-f/ATGTCACCTTCGGTTTCGGrCATCC/GT4/ 
RH.23246278E0E74E6Z0Z.R,/rhSeq-r/GGACAGCTCGATCGAGACrCTTGT/GT3/, RH.23246278E0E74E6Z0Z.F , /rhSeq-f/AAGATGGTCGAGATGGAGCrGAGAG/GT4/ 
RH.23B59611E801433Z0Z.R,/rhSeq-r/CTTCTCGTCGATGACCTTCrGAACC/GT2/, RH.23B59611E801433Z0Z.F , /rhSeq-f/TACAAGCTGACCGAGATCATrCCACA/GT3/ 
RH.2467895ACA8347EZ0Z.R,/rhSeq-r/CGATTTGCTGATCCGTAGAGrCAGAA/GT2/, RH.2467895ACA8347EZ0Z.F , /rhSeq-f/CATGCCTATAACGAGATCCTGrCGAAT/GT3/ 
RH.256B9DD95E5E4EDZ0Z.R,/rhSeq-r/CTCGATGTCGGAGTAGCCrCTCGT/GT3/, RH.256B9DD95E5E4EDZ0Z.F , /rhSeq-f/TGCCGATCATCCGCTTCrCACCT/GT3/ 
RH.25F43EF2A0F1421Z0Z.R,/rhSeq-r/TATTTGTCTGGCGAGAGCrCGCGA/GT2/, RH.25F43EF2A0F1421Z0Z.F , /rhSeq-f/GGATTTCATCCGCAGCTTTrGCCTA/GT1/ 
RH.268AAC66C1AD454Z0Z.R,/rhSeq-r/TATTCGCTGTAGGCAACCGrGACAG/GT2/, RH.268AAC66C1AD454Z0Z.F , /rhSeq-f/AAAGAATCCGTCGTGGACGrCGTCT/GT1/ 
RH.274802561615427Z0Z.R,/rhSeq-r/TCGTCAGGATCTGCCGrCCGGA/GT1/, RH.274802561615427Z0Z.F , /rhSeq-f/GGATCTGAGGCTGGTCGrGTCCA/GT2/ 
RH.27578A9A85FA4A3Z0Z.R,/rhSeq-r/GGGAAGCGTTCGAACAGrCATCG/GT2/, RH.27578A9A85FA4A3Z0Z.F , /rhSeq-f/CCGAAATGAACACCGATCCrGCTGA/GT4/ 
RH.275C7CB29BEF47CZ0Z.R,/rhSeq-r/ATCCGCTCGGGAATGAGrGGTGG/GT3/, RH.275C7CB29BEF47CZ0Z.F , /rhSeq-f/CTGCTGGACTGGTCCTATrGCCAA/GT3/ 
RH.2797FDFE947C474Z0Z.R,/rhSeq-r/TGATGTCGAAGCGGAACrGGGTC/GT2/, RH.2797FDFE947C474Z0Z.F , /rhSeq-f/GGTGACGGTGTTCCAGrCGAAC/GT3/ 
RH.2800BB71D47E4F4Z0Z.R,/rhSeq-r/CTTGACTCCGTTGATCCArCGAGC/GT1/, RH.2800BB71D47E4F4Z0Z.F , /rhSeq-f/CTCGAGGTCGACCTCATrCTTCC/GT2/ 
RH.2A436673068741BZ0Z.R,/rhSeq-r/CGGGACTGGAAGAAGTCrGTGGT/GT3/, RH.2A436673068741BZ0Z.F , /rhSeq-f/CTGATCGACGACATGGTGrGCCAA/GT2/ 
RH.2A85EAE5DEAD471Z0Z.R,/rhSeq-r/TGGCAACAATGCGATAACACrCCTCT/GT3/, RH.2A85EAE5DEAD471Z0Z.F , /rhSeq-f/TAAACGAGTTGCTGCGGTTTrCTCTC/GT2/ 
RH.2A8AD21024974C0Z0Z.R,/rhSeq-r/GCAATTGTTCGGCAAAGATGrCGGTT/GT3/, RH.2A8AD21024974C0Z0Z.F , /rhSeq-f/GTTGATGCTGATGGATTTCGArCCATC/GT4/ 
RH.2ACCD99CC8BC45AZ0Z.R,/rhSeq-r/AGCAATGCGTTGGTAATCATrCTGGA/GT1/, RH.2ACCD99CC8BC45AZ0Z.F , /rhSeq-f/CTGAGCGAGAATTCGATGTTCrGACAA/GT4/ 
RH.2AFFFBA0E81C482Z0Z.R,/rhSeq-r/GGTCAGATCGATGGTGAArCGGAT/GT3/, RH.2AFFFBA0E81C482Z0Z.F , /rhSeq-f/CGATTTCGAATTCCACGGrCAAGC/GT4/ 
RH.2B5DDF63455445EZ0Z.R,/rhSeq-r/GATGGAGAACAACCGCGrGCTTG/GT4/, RH.2B5DDF63455445EZ0Z.F , /rhSeq-f/TACAAAGCCAGCGTGCTrCGACA/GT4/ 
RH.2B857B0392E14BAZ0Z.R,/rhSeq-r/GGTTTCGAAGGGTCAGGrCAGGA/GT3/, RH.2B857B0392E14BAZ0Z.F , /rhSeq-f/ATGCTGTTGCGCAATGrCCGTG/GT3/ 
RH.2B9B6D0FCE4B419Z0Z.R,/rhSeq-r/CAGCGCGCATACTCCTrCGAAG/GT2/, RH.2B9B6D0FCE4B419Z0Z.F , /rhSeq-f/AACGTCAAGCTGGCCATrCAGCG/GT2/ 
RH.2D2620A15EBA447Z0Z.R,/rhSeq-r/GATCTCGGAGACGAAGTrCGCAC/GT1/, RH.2D2620A15EBA447Z0Z.F , /rhSeq-f/CTTCCGCAAGCTCATCrCGGGC/GT2/ 
RH.2E7645315FAF4F2Z0Z.R,/rhSeq-r/TGCCGTTGCCGAACACrCGCGA/GT4/, RH.2E7645315FAF4F2Z0Z.F , /rhSeq-f/ATCGTGGTGACCGCCTrCCTAC/GT2/ 
RH.2EA209621B43487Z0Z.R,/rhSeq-r/GATTTCGACTCGGAACGTTrCGAAA/GT2/, RH.2EA209621B43487Z0Z.F , /rhSeq-f/AAGCAGTGGTATTTCACCGrCCTCT/GT2/ 
RH.2ED307D537234FBZ0Z.R,/rhSeq-r/GTCGATGTACGCCTCGAArGATCG/GT4/, RH.2ED307D537234FBZ0Z.F , /rhSeq-f/ACCAGGAGAAGATCCGCrGACCA/GT3/ 
RH.2FA1E59DAE834CCZ0Z.R,/rhSeq-r/AACCATTCCTGCAATGTCACrGGTCA/GT3/, RH.2FA1E59DAE834CCZ0Z.F , /rhSeq-f/TTGATGAAACCAAGAACGCGrGATCC/GT4/ 
RH.2FAAAF0B6CBD407Z0Z.R,/rhSeq-r/TGGCCGAGATGTACCAAArGGATG/GT4/, RH.2FAAAF0B6CBD407Z0Z.F , /rhSeq-f/TTACGCCCGAAGTCCTGrCGCTG/GT2/ 
RH.300DF134D97F45BZ0Z.R,/rhSeq-r/TGCAGCGGATAAAGGAACrGCCAC/GT2/, RH.300DF134D97F45BZ0Z.F , /rhSeq-f/ACCGCAAGATCACTCAAGrGCTCG/GT3/ 
RH.30AADA7B15FF458Z0Z.R,/rhSeq-r/GGAAGCCGGAAAAGATCTTCrCAGCT/GT1/, RH.30AADA7B15FF458Z0Z.F , /rhSeq-f/CATGAAACAACAGCCCGAArCGATG/GT4/ 
RH.30C0C5AC5DE8497Z0Z.R,/rhSeq-r/GAAATGATCGACCGGCCrCCGTC/GT4/, RH.30C0C5AC5DE8497Z0Z.F , /rhSeq-f/CGACGCACCTGTCCTTrCGGAA/GT2/ 
RH.30D47E3F1879453Z0Z.R,/rhSeq-r/TTCAGGATCGCGAACCGrCTCCT/GT2/, RH.30D47E3F1879453Z0Z.F , /rhSeq-f/AGATCCTCGTGGAGTGCrGTCAC/GT3/ 
RH.316A64A79414400Z0Z.R,/rhSeq-r/TTTGTCCTGAATTCGCGCrGGTGC/GT2/, RH.316A64A79414400Z0Z.F , /rhSeq-f/CTCGCCAACAACGACACrCTTCG/GT3/ 
RH.31B600239583463Z0Z.R,/rhSeq-r/CACCAGCTCGTTGAAGAAGrCTGCT/GT2/, RH.31B600239583463Z0Z.F , /rhSeq-f/TTCCGCTTCGATATCGGCrCGAGA/GT3/ 
RH.321690A69B1C40DZ0Z.R,/rhSeq-r/GGAATGTAGGCGAAGCGrGTTGA/GT1/, RH.321690A69B1C40DZ0Z.F , /rhSeq-f/CGTCTCCTCCTGGGTCrCTTCA/GT3/ 
RH.33AEBDC95C5A43AZ0Z.R,/rhSeq-r/CCGAGATCACCCGGTTGrGTGAT/GT3/, RH.33AEBDC95C5A43AZ0Z.F , /rhSeq-f/GCTCAAGCACCCCGAGrGAACT/GT2/ 
RH.33C2DC3AD8EA448Z0Z.R,/rhSeq-r/AGGCCCAGACAAGTGCrGCTCC/GT3/, RH.33C2DC3AD8EA448Z0Z.F , /rhSeq-f/GTCGCGCTGTACTCGCrCGTAC/GT3/ 
RH.34555F00E56F4D9Z0Z.R,/rhSeq-r/GACGGAGAGGCTTTGCTTrGTAGA/GT2/, RH.34555F00E56F4D9Z0Z.F , /rhSeq-f/CATTTCTGCCTCGGCAACrCATCT/GT2/ 
RH.3529F00CE3D540EZ0Z.R,/rhSeq-r/TGTGAAGCATCGGTCGArCCACC/GT2/, RH.3529F00CE3D540EZ0Z.F , /rhSeq-f/ACGATCCGGTCACATTCArGCTCG/GT3/ 
RH.35D6316E8C8F4D3Z0Z.R,/rhSeq-r/GATCTGAACCCTTTCGGCrCACCA/GT2/, RH.35D6316E8C8F4D3Z0Z.F , /rhSeq-f/CCGAAGCATTTTCAGATCCTrGATCG/GT3/ 
RH.37215B247C57490Z0Z.R,/rhSeq-r/GCTGAAGCTCAGCAGTCrCGTTG/GT3/, RH.37215B247C57490Z0Z.F , /rhSeq-f/GGAAGATGCGCTGTCGrCACGA/GT3/ 
RH.376CC9689CE741BZ0Z.R,/rhSeq-r/ATCTGGCTGTTCAATCACCrCGCTC/GT2/, RH.376CC9689CE741BZ0Z.F , /rhSeq-f/CATCGCCAAGCAAGACATrCGAGA/GT1/ 
RH.37DAAD3412A94A0Z0Z.R,/rhSeq-r/CCTGCATCGAGGCGAGrCGTGA/GT1/, RH.37DAAD3412A94A0Z0Z.F , /rhSeq-f/CGAGCACACCCTGCTCrCTGCT/GT3/ 
RH.3852DF39B5CC420Z0Z.R,/rhSeq-r/CCATCGCCGAGATCGGrCGTGA/GT1/, RH.3852DF39B5CC420Z0Z.F , /rhSeq-f/TCGACCTGGATGCACGrGGCTC/GT2/ 
RH.38A1B8CF9D5C4D1Z0Z.R,/rhSeq-r/GATGAAGGGCTCGAGCACrCTTGT/GT4/, RH.38A1B8CF9D5C4D1Z0Z.F , /rhSeq-f/GAGGGTGAGTTCACCGCrCTACT/GT3/ 
RH.392E1D5C62B743FZ0Z.R,/rhSeq-r/CGACAGACTCGACGCGrCAGGC/GT3/, RH.392E1D5C62B743FZ0Z.F , /rhSeq-f/CGATGATCTCGGCCGGrCACAT/GT3/ 
RH.3B2B2BB86AB94D3Z0Z.R,/rhSeq-r/AGTATCCTCTGCCACTGTACrCCATG/GT4/, RH.3B2B2BB86AB94D3Z0Z.F , /rhSeq-f/GAAGGTTTACTTACCAGCGAArGGTGA/GT4/ 
RH.3C4181E04665462Z0Z.R,/rhSeq-r/CGAAGAAGTTGATCTGGAAGATrCGGTC/GT3/, RH.3C4181E04665462Z0Z.F , /rhSeq-f/GTTTGTTCTAGGAGAAACGCTCrGTGAC/GT3/ 
RH.3C81F3C4A9144FDZ0Z.R,/rhSeq-r/CCGGACCCAAAGGTCTCrGTGAT/GT3/, RH.3C81F3C4A9144FDZ0Z.F , /rhSeq-f/CCGATCCTTACGCACCGrCATGA/GT3/ 
RH.3CD8B40CE42F41EZ0Z.R,/rhSeq-r/TTCAGGCGCAGGATGTCrCTCGT/GT2/, RH.3CD8B40CE42F41EZ0Z.F , /rhSeq-f/CCAGCCACGACACCTTCrCTGAA/GT3/ 
RH.3D465DB261444C9Z0Z.R,/rhSeq-r/GTCTTCGACTGGCTTGTCrGGAAT/GT1/, RH.3D465DB261444C9Z0Z.F , /rhSeq-f/TGATCATGACGATCCTCGGrCGTAC/GT3/ 
RH.3E15F0DCA8B741FZ0Z.R,/rhSeq-r/AAGGTTGCTTTCGGTGAGGrCCGAT/GT2/, RH.3E15F0DCA8B741FZ0Z.F , /rhSeq-f/ACCTGATGGTGACGCAAAGrCGATG/GT3/ 
RH.3E6A642DF8FB454Z0Z.R,/rhSeq-r/AAATGAAGGCCTCCCAGTrCCTTC/GT4/, RH.3E6A642DF8FB454Z0Z.F , /rhSeq-f/GCGTTTCTTGCCGATCCrCTTCA/GT2/ 
RH.3E6DC13411C44C2Z0Z.R,/rhSeq-r/CAGCGACTCGATCATCGrCCTTG/GT4/, RH.3E6DC13411C44C2Z0Z.F , /rhSeq-f/ACGAGAACGTCATGCCrGGGCA/GT3/ 
RH.3E8787426B6747DZ0Z.R,/rhSeq-r/CGATCATGATGACCGGCrCATTG/GT3/, RH.3E8787426B6747DZ0Z.F , /rhSeq-f/CAGGTTTCCGGCTTTCTrCATCC/GT2/ 
RH.3EBEBCF3296E4B4Z0Z.R,/rhSeq-r/GATCTCTTCCAGCGTGGTrCTCGA/GT1/, RH.3EBEBCF3296E4B4Z0Z.F , /rhSeq-f/ATCACCACCTGCATCCTrGCTTC/GT1/ 
RH.3EC0E714D5CC4DEZ0Z.R,/rhSeq-r/GTCGCACGTCCTCATAGrCCCAT/GT3/, RH.3EC0E714D5CC4DEZ0Z.F , /rhSeq-f/TCCAACAGGATTTCGACGrCGCTC/GT2/ 
RH.3F0C3BDDC55E465Z0Z.R,/rhSeq-r/GATGATGAAATAAGAGATCAACGCrGCGAT/GT2/, RH.3F0C3BDDC55E465Z0Z.F , /rhSeq-f/GAGGAGTTCGAGAAATATTATCAGCrCGATG/GT4/ 
RH.3F91B71DB08E4AFZ0Z.R,/rhSeq-r/AGGCTTTATTGACCTTGTCGrGCTTC/GT3/, RH.3F91B71DB08E4AFZ0Z.F , /rhSeq-f/ATCGATGCATGGAAACCTGrGTAGC/GT3/ 
RH.40933F98BDDD40FZ0Z.R,/rhSeq-r/GATCATCCACATTGCGCTTrGTGAT/GT2/, RH.40933F98BDDD40FZ0Z.F , /rhSeq-f/ACAATCTGATTTCACGGCTGrGTCCA/GT1/ 
RH.44084ADC204D4F7Z0Z.R,/rhSeq-r/CCACGAACACGCTCTTCrGATCC/GT2/, RH.44084ADC204D4F7Z0Z.F , /rhSeq-f/TTCATCTCGGTCGATCCGrCCGAT/GT3/ 
RH.44333617E8F04C0Z0Z.R,/rhSeq-r/CCCATGTCCCGCATAGCrCACTT/GT3/, RH.44333617E8F04C0Z0Z.F , /rhSeq-f/GTTCGGCCCCTATTGGTCrGATCA/GT3/ 
RH.44B39C556A644BFZ0Z.R,/rhSeq-r/TGACGTACTCGGCCATGrCCGGT/GT3/, RH.44B39C556A644BFZ0Z.F , /rhSeq-f/ATCGGATGATGATCTGCGTrCTCCC/GT1/ 
RH.44DCEC943BED412Z0Z.R,/rhSeq-r/GCCCTGGAATTCGATGTCrCTCGA/GT2/, RH.44DCEC943BED412Z0Z.F , /rhSeq-f/CAGAACCCGGACCAGTACrCAGAA/GT2/ 
RH.45C170E90D964C6Z0Z.R,/rhSeq-r/GGCGATCACCTCGTCGrCCGGT/GT2/, RH.45C170E90D964C6Z0Z.F , /rhSeq-f/CACCCTGAGCTGGCTTGrCTTAC/GT2/ 
RH.466B380E0FF243CZ0Z.R,/rhSeq-r/TGGACCAACAGCACCGrCCTTC/GT1/, RH.466B380E0FF243CZ0Z.F , /rhSeq-f/GCGGAGAAGACCTTCGArCTTCA/GT1/ 
RH.4724986D74A641EZ0Z.R,/rhSeq-r/AGGTAGGGCAGCTTCGrCGAGC/GT1/, RH.4724986D74A641EZ0Z.F , /rhSeq-f/TGGTCACGAGACGACCrGCCCT/GT3/ 
RH.472FFF3FDAC74C3Z0Z.R,/rhSeq-r/ACGACCTCACGACGTCrCGAGG/GT1/, RH.472FFF3FDAC74C3Z0Z.F , /rhSeq-f/GGGACGAGGATGCCTACrGAGGA/GT3/ 
RH.474F3A6451E9448Z0Z.R,/rhSeq-r/TTGGTCGTGACGTCAAGrGAGCG/GT3/, RH.474F3A6451E9448Z0Z.F , /rhSeq-f/CGACCGCTTCGATCTGrCACAG/GT2/ 
RH.4771C7C510884E0Z0Z.R,/rhSeq-r/GCATCGAAGGTTTCGCGrCTGGA/GT2/, RH.4771C7C510884E0Z0Z.F , /rhSeq-f/GAAAGTGGCGAAAGCCTTrCTCCA/GT4/ 
RH.48F005A6D3DC4C0Z0Z.R,/rhSeq-r/GCGGGTATATCGTAACCGrCCAAA/GT2/, RH.48F005A6D3DC4C0Z0Z.F , /rhSeq-f/ATGGACCTGACCGAGATrGGCTT/GT1/ 
RH.48F2286640C04E9Z0Z.R,/rhSeq-r/AGCTGCGAACAGTAGCGrCTCGA/GT3/, RH.48F2286640C04E9Z0Z.F , /rhSeq-f/TCGTCGGTGTTCACCTCrCAGAG/GT3/ 
RH.48FD2D13A0A4414Z0Z.R,/rhSeq-r/GACCATCTTGTTGCCCCArCTTGA/GT1/, RH.48FD2D13A0A4414Z0Z.F , /rhSeq-f/ATTCGCCAAGCAGGAGTTrCGACT/GT1/ 
RH.49E9BC83DD0A4CFZ0Z.R,/rhSeq-r/CTGAACTCGTCGTGGTCrGGACT/GT3/, RH.49E9BC83DD0A4CFZ0Z.F , /rhSeq-f/CCAATTGGACGAGGTTCTrGGTCA/GT4/ 
RH.4A562DD0F2FF4CBZ0Z.R,/rhSeq-r/CGTGGCGTCAAACTTGrCGGGG/GT2/, RH.4A562DD0F2FF4CBZ0Z.F , /rhSeq-f/GTGCAGCACTTCATGCrGCACC/GT2/ 
RH.4A882F442BF8449Z0Z.R,/rhSeq-r/ACGGTGAAGAGCTGAGCrGCGGA/GT1/, RH.4A882F442BF8449Z0Z.F , /rhSeq-f/GGAGTTCGACGCGCTCrGTCGA/GT3/ 
RH.4BFC7FED0F6445DZ0Z.R,/rhSeq-r/GGCGAAGCGGTCGATCrCTTTC/GT2/, RH.4BFC7FED0F6445DZ0Z.F , /rhSeq-f/GCCGGGCACGATCATCrGTCAT/GT3/ 
RH.4C11BD2181F64A1Z0Z.R,/rhSeq-r/CAGTAGATGACCCGCCArGTCCT/GT3/, RH.4C11BD2181F64A1Z0Z.F , /rhSeq-f/CGCCAACCTGTTTCCGrGTGAC/GT2/ 
RH.4C693D1D17C348BZ0Z.R,/rhSeq-r/GGAACTCCTGGTGGTCGrGATTC/GT2/, RH.4C693D1D17C348BZ0Z.F , /rhSeq-f/AGCTCGACTCGTTCGTCrGCCAA/GT2/ 
RH.4D53736870F247FZ0Z.R,/rhSeq-r/GCTGCGTAAGAGAGGTAGATrGTTGT/GT3/, RH.4D53736870F247FZ0Z.F , /rhSeq-f/TTGACGAGGTGTTGCGATArCACCT/GT3/ 
RH.50397DC8DC86419Z0Z.R,/rhSeq-r/GAGACAGAAATGCACGCCrCGTTC/GT3/, RH.50397DC8DC86419Z0Z.F , /rhSeq-f/GACATGTTCGCCGCTTTTrCTCAG/GT3/ 
RH.507068DB7AE049AZ0Z.R,/rhSeq-r/CATCGAAGCGGAGAAACTCrCTCCA/GT3/, RH.507068DB7AE049AZ0Z.F , /rhSeq-f/GCGAACCTGATCGCAAATGrCCATT/GT3/ 
RH.5091B5EC1D774AEZ0Z.R,/rhSeq-r/CGGTTCGAGGAGACGTArCCACA/GT1/, RH.5091B5EC1D774AEZ0Z.F , /rhSeq-f/ATGTACCCGGCCTTCGrCGAAC/GT1/ 
RH.51338FA06EDB4F0Z0Z.R,/rhSeq-r/AAGGTAAAGGGATCCGGAAArGGCTT/GT3/, RH.51338FA06EDB4F0Z0Z.F , /rhSeq-f/GCCACGCAGGATTATGAAATrCAAAG/GT2/ 
RH.517A9FBA2B494D5Z0Z.R,/rhSeq-r/ATAGGCGCTCATCGAATTGrCGCGT/GT3/, RH.517A9FBA2B494D5Z0Z.F , /rhSeq-f/TCGATGATGATCCATTCCGArCGCGA/GT1/ 
RH.541A1C9A5856408Z0Z.R,/rhSeq-r/GCCCGACCATGAGATTGArGCATT/GT1/, RH.541A1C9A5856408Z0Z.F , /rhSeq-f/ATCAATGCTGCGACCGATGrCCATG/GT4/ 
RH.549A83596AF84C8Z0Z.R,/rhSeq-r/GAGATGCTGGCCGAGGrCAGCT/GT2/, RH.549A83596AF84C8Z0Z.F , /rhSeq-f/ATCGTGGTCGTCCTCCCrGGCCT/GT3/ 
RH.54DF8FBDC71E4F6Z0Z.R,/rhSeq-r/CGAGCTGGTCGGGATGrGGTGA/GT2/, RH.54DF8FBDC71E4F6Z0Z.F , /rhSeq-f/ACTGGGCCTCGAGGACrCTGGT/GT2/ 
RH.5600BF1B5AE248BZ0Z.R,/rhSeq-r/CGAACACCGCCTCATCrGCGAT/GT1/, RH.5600BF1B5AE248BZ0Z.F , /rhSeq-f/TCATCGAGGAAACCGCrCCGCT/GT2/ 
RH.57C46CA744924B4Z0Z.R,/rhSeq-r/CGCGATGAGGAAGGTCACrCATCT/GT2/, RH.57C46CA744924B4Z0Z.F , /rhSeq-f/AAGGGCGATCGGGATCTrCCTCT/GT3/ 
RH.57EBF0B62FE946DZ0Z.R,/rhSeq-r/GATTGAGATGGGCGTTGAGrCAGCT/GT2/, RH.57EBF0B62FE946DZ0Z.F , /rhSeq-f/CCCTGCAGGAAGTACAGTrCCGAT/GT3/ 
RH.591889F759494FEZ0Z.R,/rhSeq-r/GGAACCACACCTTGTAGAAATTrGATCA/GT1/, RH.591889F759494FEZ0Z.F , /rhSeq-f/GACAAGCTTAATCCCAATCCTrGAAAC/GT2/ 
RH.595FCA3D7BA7416Z0Z.R,/rhSeq-r/TCGAAGAGGTGCAGCGrGTGAG/GT1/, RH.595FCA3D7BA7416Z0Z.F , /rhSeq-f/TCAACGGCTTCGGCAACrGGTCT/GT3/ 
RH.59838CF1FB684F6Z0Z.R,/rhSeq-r/AAGGATCGGCCCTCAGrCCTGT/GT3/, RH.59838CF1FB684F6Z0Z.F , /rhSeq-f/AGCATGGCGATCTGTCCrGAGGA/GT3/ 
RH.5A2F8162D7C94F6Z0Z.R,/rhSeq-r/GATCCGAGATGCCCGGrCTCGC/GT3/, RH.5A2F8162D7C94F6Z0Z.F , /rhSeq-f/GCGACGAGATCCTGACCrCTGTT/GT3/ 
RH.5B899022B714456Z0Z.R,/rhSeq-r/CCAGCCGATCTGGAATTGrCGAAA/GT3/, RH.5B899022B714456Z0Z.F , /rhSeq-f/CCCACATTTCTGCATCGGrCATTC/GT4/ 
RH.5D415F04E73646CZ0Z.R,/rhSeq-r/CGGTTTCTTCATCCCTTGCrGTTCA/GT1/, RH.5D415F04E73646CZ0Z.F , /rhSeq-f/CCAACGGGTAAGAACAACGrCCTTT/GT3/ 
RH.5DA12402580148DZ0Z.R,/rhSeq-r/ACCATAGTCGAACATCTCCTrGGACG/GT2/, RH.5DA12402580148DZ0Z.F , /rhSeq-f/GATGCACTTCCTGGAGTTGrGCCAA/GT3/ 
RH.5DBAADE440924D1Z0Z.R,/rhSeq-r/TCGGTCACGAGCTCCTrGGTAG/GT3/, RH.5DBAADE440924D1Z0Z.F , /rhSeq-f/AACTCCATCCTCGGCCrCGATC/GT4/ 
RH.5E11F1E594664EAZ0Z.R,/rhSeq-r/ACCATGTCCTGGTAGTAGCrCGACC/GT4/, RH.5E11F1E594664EAZ0Z.F , /rhSeq-f/TCATCTCCGAGATGATGGGrCGTCC/GT3/ 
RH.5E7680D410AF47EZ0Z.R,/rhSeq-r/CAGCATTTCGAGATACTGCGrCAAAG/GT2/, RH.5E7680D410AF47EZ0Z.F , /rhSeq-f/GCGGCGATCTTTATCGTAGrCGAGA/GT1/ 
RH.5F6424ABBC3C47BZ0Z.R,/rhSeq-r/CCAAAGTCGTGATCTTCGArCGGTA/GT1/, RH.5F6424ABBC3C47BZ0Z.F , /rhSeq-f/CTTAACGCCGAACTAGACACrGGTAC/GT1/ 
RH.606B5F6208E1492Z0Z.R,/rhSeq-r/ATCACAGGAAGGCTTGTGTArGCCTT/GT1/, RH.606B5F6208E1492Z0Z.F , /rhSeq-f/CGAAATGCAGCTTCGTGTGrCTTTG/GT2/ 
RH.6077703A136843CZ0Z.R,/rhSeq-r/TGGCGTTGCAGGTAGTCrGCTGA/GT4/, RH.6077703A136843CZ0Z.F , /rhSeq-f/CGAAGACACCGGGCAArCTGCT/GT2/ 
RH.609266AB695645AZ0Z.R,/rhSeq-r/AAGATGGCCGTGGAGAArCGCGA/GT2/, RH.609266AB695645AZ0Z.F , /rhSeq-f/GTGGGCCTTCGATCTCrCTCGC/GT2/ 
RH.609947B6947F457Z0Z.R,/rhSeq-r/ATCGCGTTCGACCAGTGrCAGCA/GT2/, RH.609947B6947F457Z0Z.F , /rhSeq-f/GACCGAACTGGCCGAGrGCCAT/GT2/ 
RH.610B38BED86C4FCZ0Z.R,/rhSeq-r/GAGGAAGAGCGTGACGAGrCTGAT/GT3/, RH.610B38BED86C4FCZ0Z.F , /rhSeq-f/AAGAATCCGCCTTCGGATrCTCCT/GT3/ 
RH.61181F89884D47EZ0Z.R,/rhSeq-r/AAACTTTCTGAGCACACCGArGACCT/GT3/, RH.61181F89884D47EZ0Z.F , /rhSeq-f/GATTTTGCCAAGGATGTCGArCGATC/GT1/ 
RH.6303F48D568E473Z0Z.R,/rhSeq-r/AGGATCTCCTCATTGCCGrGTGAA/GT4/, RH.6303F48D568E473Z0Z.F , /rhSeq-f/AGATCGTGAGCATCCTGCrGTAAC/GT1/ 
RH.63B83F05CDE5404Z0Z.R,/rhSeq-r/GCGAAACGGATGGGAACrGCATG/GT1/, RH.63B83F05CDE5404Z0Z.F , /rhSeq-f/GCATCTGGCGATGCTTrGTCGG/GT2/ 
RH.6403441BB3B54F9Z0Z.R,/rhSeq-r/GCTCATCAGGTGCAGGATrCTGTC/GT2/, RH.6403441BB3B54F9Z0Z.F , /rhSeq-f/TTTTACGACGCGGTTCATGrCCGCT/GT1/ 
RH.6408CE975B5340AZ0Z.R,/rhSeq-r/ACGATCATGATGAGGAAGAACrCCGTC/GT3/, RH.6408CE975B5340AZ0Z.F , /rhSeq-f/TGCAGATCTTCGATTATGGTCrGCTGG/GT2/ 
RH.64613722763148BZ0Z.R,/rhSeq-r/CGCTGGTAAGTAAACCTTCTrCCCAA/GT1/, RH.64613722763148BZ0Z.F , /rhSeq-f/GCCTGGTTACAATCACCAArGATTG/GT2/ 
RH.6490244771104FAZ0Z.R,/rhSeq-r/TGAGATGGCATGGGCCrGAAGG/GT3/, RH.6490244771104FAZ0Z.F , /rhSeq-f/GTGGAATGGGACCCGGrCACAG/GT4/ 
RH.64BDD915CFFA439Z0Z.R,/rhSeq-r/ACCTCGATCGTGGTTCCrCGGAA/GT3/, RH.64BDD915CFFA439Z0Z.F , /rhSeq-f/CAATGGCCTCGAGCGGrCAGTA/GT3/ 
RH.6572108A164E48EZ0Z.R,/rhSeq-r/CAGTTCAAACGAATCGAGCTrGATCG/GT2/, RH.6572108A164E48EZ0Z.F , /rhSeq-f/GTCGATGATCTGGTTGCTCrGCCAA/GT4/ 
RH.65A22C27EE034ECZ0Z.R,/rhSeq-r/AACGGAAAATACGCATAGCGrGTGCA/GT1/, RH.65A22C27EE034ECZ0Z.F , /rhSeq-f/GGCGACGCTATAGTATTAGCrCCCTT/GT4/ 
RH.65F7261D918B482Z0Z.R,/rhSeq-r/GGTTGATGAAACGCAGCArGCTCT/GT1/, RH.65F7261D918B482Z0Z.F , /rhSeq-f/CACGAGACCACGGTGAArCCTGA/GT1/ 
RH.66A8191403904A0Z0Z.R,/rhSeq-r/GCAAATCATCCAAAATCTCTTGTACrCCGAC/GT1/, RH.66A8191403904A0Z0Z.F , /rhSeq-f/TGGAAATGTTTATTGCAATGGATCrCGCCT/GT4/ 
RH.66DCE758E26843FZ0Z.R,/rhSeq-r/GGTCCCATTCCACCCArCAGTT/GT2/, RH.66DCE758E26843FZ0Z.F , /rhSeq-f/CAGATGCGCGTGTTTCTrGGAAG/GT4/ 
RH.6706FC5FE1C1408Z0Z.R,/rhSeq-r/GTTCGGAATGCGCGAGrCGGTC/GT3/, RH.6706FC5FE1C1408Z0Z.F , /rhSeq-f/GTGGCTTCGCAATGCTCrGATGC/GT1/ 
RH.6714930AF0C2407Z0Z.R,/rhSeq-r/CTCCTCGTCTTCCTCGATrGCGTA/GT1/, RH.6714930AF0C2407Z0Z.F , /rhSeq-f/CCAGTTCCATCGAAGTCGrCCCAT/GT3/ 
RH.6727CDD35586402Z0Z.R,/rhSeq-r/CGACACGATGACGAGGrCTGGC/GT3/, RH.6727CDD35586402Z0Z.F , /rhSeq-f/GACTATTGCCGTGCGATrCATCG/GT4/ 
RH.67ADC9DA0CC4464Z0Z.R,/rhSeq-r/CCTCCAGCGCGACATCrCATGC/GT2/, RH.67ADC9DA0CC4464Z0Z.F , /rhSeq-f/TTTCGCTGATCGCGCArGAAGG/GT1/ 
RH.69365D9D9A4F4BFZ0Z.R,/rhSeq-r/AGGTACTCGTCCATCTCGrGCGAA/GT2/, RH.69365D9D9A4F4BFZ0Z.F , /rhSeq-f/GGAACACAACCGCTTCTTrCTTCG/GT4/ 
RH.695584470B0A40FZ0Z.R,/rhSeq-r/AGTCATAGGTCTCGTGGATGrCGGTG/GT2/, RH.695584470B0A40FZ0Z.F , /rhSeq-f/AAGGAAAGAGCTGACGTAGCrGTCAC/GT1/ 
RH.69CEA0AC39F4445Z0Z.R,/rhSeq-r/CTCGTATCGGAGCGTTTCrCTCGA/GT3/, RH.69CEA0AC39F4445Z0Z.F , /rhSeq-f/GGAATCTTACGACGACCGArCCTCA/GT1/ 
RH.6A8DC54BEE5644AZ0Z.R,/rhSeq-r/AGCATGTTCTTCGCGAGrCAGGC/GT3/, RH.6A8DC54BEE5644AZ0Z.F , /rhSeq-f/GAACTCCTCAAGGACAGCrGAGCA/GT3/ 
RH.6B65DBB6FC3146DZ0Z.R,/rhSeq-r/AAGGGCAATCCGGCTTrCGCTG/GT2/, RH.6B65DBB6FC3146DZ0Z.F , /rhSeq-f/ATCATCTCGCCGTGTTCCrCGGTC/GT4/ 
RH.6C52B179ABE34FAZ0Z.R,/rhSeq-r/AGCACCATGTCCAGATGrGTCGG/GT2/, RH.6C52B179ABE34FAZ0Z.F , /rhSeq-f/CTCATCGAGGCCAAGATGrGTGCT/GT2/ 
RH.6CA921864485410Z0Z.R,/rhSeq-r/CCAGGCAGAAATGTGCGrCCTGT/GT2/, RH.6CA921864485410Z0Z.F , /rhSeq-f/GCTGATGATCTACGCATCGrGCCAA/GT1/ 
RH.6D324B1B4164459Z0Z.R,/rhSeq-r/GGTAGGCGTGGCGTTCrGATCC/GT2/, RH.6D324B1B4164459Z0Z.F , /rhSeq-f/TCAGGCTGATCCACCGrCATGC/GT4/ 
RH.6DE797B0D3F544DZ0Z.R,/rhSeq-r/AATGGTCCACCCGTCATAGTrCAAGG/GT1/, RH.6DE797B0D3F544DZ0Z.F , /rhSeq-f/ATCCGTACACTGATCGACAATrCCGGA/GT2/ 
RH.6E1AE0460C7E46BZ0Z.R,/rhSeq-r/CAGCGTACCTCACCATTrCTCGC/GT2/, RH.6E1AE0460C7E46BZ0Z.F , /rhSeq-f/ACATCACAAAGACGCGTCrCGCTG/GT3/ 
RH.6E9725B3116643EZ0Z.R,/rhSeq-r/GTTGGTGATCAGGTTCACGrGTCGT/GT3/, RH.6E9725B3116643EZ0Z.F , /rhSeq-f/ATTGATCAAGGAGAAGCGCrCGGGC/GT2/ 
RH.6ED317E1F29644AZ0Z.R,/rhSeq-r/ATCTCGTGATCGTCCAACrGAGCG/GT2/, RH.6ED317E1F29644AZ0Z.F , /rhSeq-f/GTGAAGGAAGCGGTAGTCrGAGGT/GT2/ 
RH.7065AAC04A2148EZ0Z.R,/rhSeq-r/TCATCTCTTCTTCCTCCTGGrCTGTC/GT1/, RH.7065AAC04A2148EZ0Z.F , /rhSeq-f/CTGACCTTCCGCTATGATGrCCTTT/GT2/ 
RH.70F7A1FF41FE4D2Z0Z.R,/rhSeq-r/CCGGATAAAGCAGACGAATrGAAGG/GT4/, RH.70F7A1FF41FE4D2Z0Z.F , /rhSeq-f/TATCTGCAGGTCATTCTCGArCAGGC/GT4/ 
RH.712410D526D7451Z0Z.R,/rhSeq-r/CGAAGGACAGGCTGGCrGACGT/GT3/, RH.712410D526D7451Z0Z.F , /rhSeq-f/CGACGAGATCGGCCTCrCTGCT/GT3/ 
RH.715844B7956B4B9Z0Z.R,/rhSeq-r/GGCATGAGCACAATAGGCrCAGGT/GT1/, RH.715844B7956B4B9Z0Z.F , /rhSeq-f/TTGACCGAGATGACAGACArCGGAC/GT1/ 
RH.718B57159C244F7Z0Z.R,/rhSeq-r/CATGGTTTGCCTTGGCrCTTCG/GT3/, RH.718B57159C244F7Z0Z.F , /rhSeq-f/TATGCAGAATCTCGGCCrCGGAG/GT2/ 
RH.71CF7C04FA43438Z0Z.R,/rhSeq-r/CACACCATGCTTCGGACrGAAGG/GT2/, RH.71CF7C04FA43438Z0Z.F , /rhSeq-f/GAACCACTTCGCCATCATrGGAGG/GT3/ 
RH.727FC58C77B2425Z0Z.R,/rhSeq-r/ATCGAATACCGCGTTCAGrCGGTC/GT3/, RH.727FC58C77B2425Z0Z.F , /rhSeq-f/CAATATCGACGCGGTAGCrCGATC/GT1/ 
RH.72B9E3F522264B3Z0Z.R,/rhSeq-r/GTTGGCCGACGCATAGAGrCATCA/GT2/, RH.72B9E3F522264B3Z0Z.F , /rhSeq-f/CGACCCGAGCCTGATACrCCAAT/GT2/ 
RH.7428754DAE7C4F9Z0Z.R,/rhSeq-r/AGCTCCTTCGCGATTTCGrCGGAT/GT2/, RH.7428754DAE7C4F9Z0Z.F , /rhSeq-f/CTGGCTGTCCGAAGTCTTrCATCA/GT1/ 
RH.747473D9B6BA490Z0Z.R,/rhSeq-r/GAAGAAGGGCAAAGTGCGrCCATT/GT1/, RH.747473D9B6BA490Z0Z.F , /rhSeq-f/ATATCTGCATTGGCGCCrCCCTT/GT2/ 
RH.74AF0AAD4769427Z0Z.R,/rhSeq-r/CCGTCGAGATCCTTCGArGAGCA/GT2/, RH.74AF0AAD4769427Z0Z.F , /rhSeq-f/AGATGGTCGACTGCACGrCAGGA/GT3/ 
RH.755C7FBFB3A0490Z0Z.R,/rhSeq-r/TACAGGAAGTCGACGTCAGrGCGCA/GT1/, RH.755C7FBFB3A0490Z0Z.F , /rhSeq-f/CGATGTTGATGATCGCCGrCAGGC/GT4/ 
RH.77300263E6F14F3Z0Z.R,/rhSeq-r/TATCAACTGGCGCTTGAGrCTCGG/GT2/, RH.77300263E6F14F3Z0Z.F , /rhSeq-f/GAATGCTCTCGGTCACTTTrCTTCG/GT2/ 
RH.775861CF08844EDZ0Z.R,/rhSeq-r/AACAGTTCGGCGACGATrGTCAC/GT3/, RH.775861CF08844EDZ0Z.F , /rhSeq-f/CACACCGAGTTTCGCAAGrCTGGT/GT2/ 
RH.7773AF531249470Z0Z.R,/rhSeq-r/GTTTGCATCAGCATCCAGrCGCAG/GT3/, RH.7773AF531249470Z0Z.F , /rhSeq-f/GTAACCTGCTCTACGGGrCGTGG/GT1/ 
RH.77AF146DFCE1428Z0Z.R,/rhSeq-r/CAACGATGTATTCCGAGGCrCGAAG/GT2/, RH.77AF146DFCE1428Z0Z.F , /rhSeq-f/GCAAATGGTGCTGCTCTCrCTTCC/GT3/ 
RH.787F706568934E8Z0Z.R,/rhSeq-r/GAGCGCGATCGAAGGGrCCGAG/GT2/, RH.787F706568934E8Z0Z.F , /rhSeq-f/ACGACCTCGTCGTGTACrCGCTC/GT2/ 
RH.78A6FF091458407Z0Z.R,/rhSeq-r/ATGCGGAACTCCATCCGrCGCCA/GT1/, RH.78A6FF091458407Z0Z.F , /rhSeq-f/CTCGCCTATGCCTCCGrCCAAC/GT3/ 
RH.78B83B8D6A224B1Z0Z.R,/rhSeq-r/GAAATAGCCCAGGCACTCrCAGCA/GT2/, RH.78B83B8D6A224B1Z0Z.F , /rhSeq-f/CTGTTCGACTTCCCCTGrGGAAG/GT4/ 
RH.794AFFBE5ED5465Z0Z.R,/rhSeq-r/GATCGAAGCGCAGGATTTCrCTCGA/GT3/, RH.794AFFBE5ED5465Z0Z.F , /rhSeq-f/ATCACCACCTGCATCCTCrCTGCT/GT2/ 
RH.7BE9BDD578FB4EEZ0Z.R,/rhSeq-r/GCAGACAACATCGTCGrCCCAG/GT3/, RH.7BE9BDD578FB4EEZ0Z.F , /rhSeq-f/CATCGACGACCTCGACrCAGCT/GT2/ 
RH.7C3D657FDC54468Z0Z.R,/rhSeq-r/ATTCCTCGATCGCGTCCrGGGAT/GT3/, RH.7C3D657FDC54468Z0Z.F , /rhSeq-f/CAGCTGACGGTTACCACGrCTGAT/GT3/ 
RH.7C700FEAE9894B4Z0Z.R,/rhSeq-r/GAAACCGAAGTTCGCCArGCCAT/GT1/, RH.7C700FEAE9894B4Z0Z.F , /rhSeq-f/GTGTGCATCGGCACACrGTCTC/GT2/ 
RH.7CBCD85163D1474Z0Z.R,/rhSeq-r/ATATTCACATCGACCGTGTCrGCCTG/GT1/, RH.7CBCD85163D1474Z0Z.F , /rhSeq-f/GCAGATGCTGCAGAAATTCrGTGTG/GT2/ 
RH.7CE39E25906745AZ0Z.R,/rhSeq-r/AATCTCGCCATCGGTCATATArCTGCC/GT3/, RH.7CE39E25906745AZ0Z.F , /rhSeq-f/TCTGATCAACTATTTCGGCCrCGCAG/GT4/ 
RH.7D1BB2EF566B4A0Z0Z.R,/rhSeq-r/GCAGGTTCGGATCAAGTCrCTGAC/GT1/, RH.7D1BB2EF566B4A0Z0Z.F , /rhSeq-f/GTGATCTCGAACTGCATCTTrCATCC/GT1/ 
RH.7E59D32B4EDB4C3Z0Z.R,/rhSeq-r/GGCGAGGAAAATATGGGTrCATGC/GT3/, RH.7E59D32B4EDB4C3Z0Z.F , /rhSeq-f/ACGCTGGAACTGAATGTGrGCGGT/GT3/ 
RH.7E60CD021E6342BZ0Z.R,/rhSeq-r/GATCAGGATGCTGAACGCrGAGCA/GT1/, RH.7E60CD021E6342BZ0Z.F , /rhSeq-f/ATCGACGACATGATCGCrCGACC/GT2/ 
RH.7F5150345F23437Z0Z.R,/rhSeq-r/GATCAGGTTCGCGATGAGrCTCGG/GT1/, RH.7F5150345F23437Z0Z.F , /rhSeq-f/CTCGTCGAGTACTTCGGrCACGC/GT1/ 
RH.813D3F99B98D47EZ0Z.R,/rhSeq-r/ATGAGGGAGTCGGACATrGACCG/GT3/, RH.813D3F99B98D47EZ0Z.F , /rhSeq-f/GAGCCGATCGTTCTGACrGTCCT/GT4/ 
RH.84CF40624DAA409Z0Z.R,/rhSeq-r/CGCATGTGGAATTCGTCCrGGCTT/GT2/, RH.84CF40624DAA409Z0Z.F , /rhSeq-f/TCGCCATCGCGATGATCrCTCCA/GT2/ 
RH.85A5303CAAF54ADZ0Z.R,/rhSeq-r/AAGTTGGGCAGCCATTCrCGGGT/GT2/, RH.85A5303CAAF54ADZ0Z.F , /rhSeq-f/GCCCATGTCTGCATCGrGTACC/GT3/ 
RH.85A5913CFD10436Z0Z.R,/rhSeq-r/GTGCGCGCCGTAGATCrGAGAG/GT3/, RH.85A5913CFD10436Z0Z.F , /rhSeq-f/TTTCCCCGCCCGTCTArCAACC/GT1/ 
RH.86A7449FE4924ABZ0Z.R,/rhSeq-r/GTAGGACATCACCACTCGrCTGGC/GT3/, RH.86A7449FE4924ABZ0Z.F , /rhSeq-f/CAGTGGGAGCTCTACAAGrCGCGA/GT2/ 
RH.890B81E97F0542FZ0Z.R,/rhSeq-r/GCACGAAATTGGTGATCTGATrGATCG/GT1/, RH.890B81E97F0542FZ0Z.F , /rhSeq-f/AGGCTTTCCAGGAACTCTATrGACCC/GT1/ 
RH.8AAE7DB8FCBE477Z0Z.R,/rhSeq-r/GGTTCGGAGTCCGACCrGACAT/GT3/, RH.8AAE7DB8FCBE477Z0Z.F , /rhSeq-f/CGCTGCCCAGGATGTCrGAAGT/GT2/ 
RH.8B25A056ABC1444Z0Z.R,/rhSeq-r/GCAAATGGTGCATGAACAGrCTTCA/GT1/, RH.8B25A056ABC1444Z0Z.F , /rhSeq-f/CGGAAGTCTTCGATCCAATGrCGTTT/GT3/ 
RH.8B31C1794529442Z0Z.R,/rhSeq-r/TTCAGCTTGGCCAGCTCrCTCTG/GT2/, RH.8B31C1794529442Z0Z.F , /rhSeq-f/TCCGACGAGGAGTTGCrGGATC/GT4/ 
RH.8BDD8BEDFC3B423Z0Z.R,/rhSeq-r/AGCATTTCGCGCACTGrCGTTC/GT2/, RH.8BDD8BEDFC3B423Z0Z.F , /rhSeq-f/GGACACGAAACCACGCrGCAAT/GT3/ 
RH.8D65BECC24DD40CZ0Z.R,/rhSeq-r/ACAGCATGCCCTCGTTrCCAGT/GT2/, RH.8D65BECC24DD40CZ0Z.F , /rhSeq-f/GTGAAGATCTGGGACGGrCAGCA/GT3/ 
RH.8E3C6C7E5581456Z0Z.R,/rhSeq-r/TGTTCCACCGGATGTCrCTCGG/GT2/, RH.8E3C6C7E5581456Z0Z.F , /rhSeq-f/ATCCCACACATGACGTTCrGGCTG/GT2/ 
RH.8F107B8442F24A3Z0Z.R,/rhSeq-r/ATCTCGTGATCGACGGTCrGCGGT/GT3/, RH.8F107B8442F24A3Z0Z.F , /rhSeq-f/TCGGTCTATGCGCTGAACrCGCAA/GT3/ 
RH.8F2EF03BF8184F0Z0Z.R,/rhSeq-r/AGGCGCCTTTGATTGTGrGTGCG/GT2/, RH.8F2EF03BF8184F0Z0Z.F , /rhSeq-f/GCGGGCTGCATCATTGrCCTGG/GT2/ 
RH.907BE43FC49F4D0Z0Z.R,/rhSeq-r/ACATCCTTGCTCGCGTCrCTCAG/GT2/, RH.907BE43FC49F4D0Z0Z.F , /rhSeq-f/TGGTGCGCTACACGACrGAACC/GT4/ 
RH.91032F4F1F0841CZ0Z.R,/rhSeq-r/CCCTTGCGCGAAATGTCrGAACT/GT3/, RH.91032F4F1F0841CZ0Z.F , /rhSeq-f/CTGCCCGATGAAACAGACrGCACA/GT2/ 
RH.9337EE035FF6443Z0Z.R,/rhSeq-r/ATGTCGACCGTGAACGCrGTCAC/GT3/, RH.9337EE035FF6443Z0Z.F , /rhSeq-f/AACCGACATGCCGACCrGCGAA/GT2/ 
RH.943B219FE254403Z0Z.R,/rhSeq-r/TGCTTCAGGACGAAGTGrCACGG/GT1/, RH.943B219FE254403Z0Z.F , /rhSeq-f/GACGTGCTCTCGATGTTGrCTCTC/GT2/ 
RH.9726AFF14C0D4B3Z0Z.R,/rhSeq-r/GTAGCCCGAAAGAACGATAGrCAACG/GT3/, RH.9726AFF14C0D4B3Z0Z.F , /rhSeq-f/GAAAACCTGCTTGACCTCArGTGCA/GT4/ 
RH.9895F5D4173940DZ0Z.R,/rhSeq-r/GAAGGCGAAGAATTCGCCrCATCA/GT3/, RH.9895F5D4173940DZ0Z.F , /rhSeq-f/CTCGGAGATGTGGAAGGACrCTCTA/GT3/ 
RH.99351027EFBF4BCZ0Z.R,/rhSeq-r/GGCAGGTGAAATGTTCGCrCGGTT/GT1/, RH.99351027EFBF4BCZ0Z.F , /rhSeq-f/ATCCACGACGTGTTCCGrCCCGA/GT1/ 
RH.9A66BF27C97B4E9Z0Z.R,/rhSeq-r/GATCATCCGTCGATAGACTGTrGTGTT/GT2/, RH.9A66BF27C97B4E9Z0Z.F , /rhSeq-f/GTTGCCTACAGCGAATATCTrCGGTT/GT2/ 
RH.9C200AD53EA84BCZ0Z.R,/rhSeq-r/AGCAGCACACCTTCGArCCATG/GT2/, RH.9C200AD53EA84BCZ0Z.F , /rhSeq-f/TGGGAGAACCCCGATGrCCTTC/GT2/ 
RH.9C70B4C9923B4A8Z0Z.R,/rhSeq-r/CCAAGGCAGAAATGCTGTrCCCTT/GT2/, RH.9C70B4C9923B4A8Z0Z.F , /rhSeq-f/GACAGCTGGCTGCTTTATrGGCAT/GT3/ 
RH.9C95B221AC5C4EAZ0Z.R,/rhSeq-r/ATTCCACAAAGGCGCGrGGCAT/GT3/, RH.9C95B221AC5C4EAZ0Z.F , /rhSeq-f/ATGAAGCCGTCGACCTCrGGCTA/GT3/ 
RH.9CE451C90696466Z0Z.R,/rhSeq-r/CGTTTCAGCCATTCTTCCArGTGTT/GT2/, RH.9CE451C90696466Z0Z.F , /rhSeq-f/TTGATGTCCGTAGACAGGGrCATTC/GT3/ 
RH.A09DFCFCA7DE4EDZ0Z.R,/rhSeq-r/GCGACCATCAGGTCGAArCAGAT/GT3/, RH.A09DFCFCA7DE4EDZ0Z.F , /rhSeq-f/CAGGATGTTTCGCGTGCrGTTCT/GT1/ 
RH.A0B412AE0E724B7Z0Z.R,/rhSeq-r/TCCGCATCTCGTACATCGrCGAAC/GT2/, RH.A0B412AE0E724B7Z0Z.F , /rhSeq-f/ATACCTTCCAGCCGGAGrCGCTT/GT3/ 
RH.A0CAD38B29E24F8Z0Z.R,/rhSeq-r/ATCTTGGTGAACGGCAGCrGGCTT/GT2/, RH.A0CAD38B29E24F8Z0Z.F , /rhSeq-f/TACGATGCGATCAAGGCGrCTGAC/GT2/ 
RH.A12CDF2B5C80436Z0Z.R,/rhSeq-r/GTAGAGACGGATGGCCTCrGGTCA/GT3/, RH.A12CDF2B5C80436Z0Z.F , /rhSeq-f/CTGAGCTTCACTCTGCACrCTGCT/GT2/ 
RH.A2C9012430E34ADZ0Z.R,/rhSeq-r/ATCTGCACATCCTCCAGTGrCGACA/GT3/, RH.A2C9012430E34ADZ0Z.F , /rhSeq-f/TGGAAAACCCCGATCAGAArGGATG/GT3/ 
RH.A35999D5E4B34E0Z0Z.R,/rhSeq-r/TGAAGACGTCCTCGTCGrCGGTT/GT2/, RH.A35999D5E4B34E0Z0Z.F , /rhSeq-f/AGGAGATCATCCGCTGGrGTCAC/GT2/ 
RH.A3F4C516885D401Z0Z.R,/rhSeq-r/TCGAAGTCTGTGCGGACrCGGAT/GT2/, RH.A3F4C516885D401Z0Z.F , /rhSeq-f/GCCTATCGCGACAGCTArCCATT/GT1/ 
RH.A53C366ACB83471Z0Z.R,/rhSeq-r/GTTAAGCGTCTCTTCGGCrCTCCA/GT1/, RH.A53C366ACB83471Z0Z.F , /rhSeq-f/AACCCGACCAGTTCGATATrCCATC/GT2/ 
RH.A7FBBE10E56A435Z0Z.R,/rhSeq-r/CAGGTAGTCCGTCGGCrCCGTA/GT2/, RH.A7FBBE10E56A435Z0Z.F , /rhSeq-f/ATCTCGAGATCCCGGCrCGGGA/GT1/ 
RH.A8C08AF39EA24A4Z0Z.R,/rhSeq-r/CGGCCTCGTTGAAATTCTCrCGGAT/GT3/, RH.A8C08AF39EA24A4Z0Z.F , /rhSeq-f/GATGACGAGTTGTGCGGrCCATC/GT2/ 
RH.A9EEDC62F48D4DAZ0Z.R,/rhSeq-r/ACCAGGTCCACCCAGTrCGAAG/GT1/, RH.A9EEDC62F48D4DAZ0Z.F , /rhSeq-f/ACGTGCAGCGCAAGACrGGTGA/GT2/ 
RH.AA4EBB957AD64E4Z0Z.R,/rhSeq-r/CAGCCCAATTCGTCACGrGGAAT/GT4/, RH.AA4EBB957AD64E4Z0Z.F , /rhSeq-f/TGTTGCCTACGACCCTGrCCCTA/GT4/ 
RH.AA81DC704BEC44FZ0Z.R,/rhSeq-r/CGACAGCACAGGAAACTTTrCGGAA/GT4/, RH.AA81DC704BEC44FZ0Z.F , /rhSeq-f/GATCATGCTGCACCAGTTrCCTAG/GT4/ 
RH.AB03371A973C4B1Z0Z.R,/rhSeq-r/TAGACCCACATGACGATCTrCGGTG/GT3/, RH.AB03371A973C4B1Z0Z.F , /rhSeq-f/GTCATCAAGGAGTCGATGCrGGATG/GT1/ 
RH.AB2BB1970395481Z0Z.R,/rhSeq-r/ATATGTCCGTCGAACTCAAGCrGCGAT/GT2/, RH.AB2BB1970395481Z0Z.F , /rhSeq-f/TATGCCGTCAGAATCCAGTGrCGGTT/GT1/ 
RH.AD2D485028694CFZ0Z.R,/rhSeq-r/GTTGATCCGGCCGTTCrCAGCG/GT3/, RH.AD2D485028694CFZ0Z.F , /rhSeq-f/CCAGCACGTATCGTTCArGCCTC/GT2/ 
RH.AD51C83F68EC43DZ0Z.R,/rhSeq-r/GGCTAGCTGATTGCCAACrGCAAA/GT4/, RH.AD51C83F68EC43DZ0Z.F , /rhSeq-f/AAGGACAGCACGATCGTCrCTGAG/GT3/ 
RH.B051A8F7971041FZ0Z.R,/rhSeq-r/GCTCATCGAACGGAAAGTrCCAGA/GT4/, RH.B051A8F7971041FZ0Z.F , /rhSeq-f/TGTCCTGGATTCCCTACCrGATCG/GT2/ 
RH.B12A6302B5254F5Z0Z.R,/rhSeq-r/TTCCAGCATGGAATGCGrCCTCG/GT4/, RH.B12A6302B5254F5Z0Z.F , /rhSeq-f/TGAACGCGATCTTCCGrCGACC/GT2/ 
RH.B1303E3AD8ED49FZ0Z.R,/rhSeq-r/GCTTGAACGCGATGGArCAAGG/GT3/, RH.B1303E3AD8ED49FZ0Z.F , /rhSeq-f/GATCGCGACAAGCTGTTrCTCGA/GT4/ 
RH.B16A4AF4C0BE4F3Z0Z.R,/rhSeq-r/CGAATAGCAGAGCGAGGCrGATCT/GT3/, RH.B16A4AF4C0BE4F3Z0Z.F , /rhSeq-f/GCTCGCAACCTTGTCGArGTACT/GT2/ 
RH.B16A6D0A95A24BEZ0Z.R,/rhSeq-r/CATCATGGCGAACGAATTGrCCAAT/GT2/, RH.B16A6D0A95A24BEZ0Z.F , /rhSeq-f/GATGCACCACTATCCACGrCTTCT/GT1/ 
RH.B2A7FEFE5F5C48AZ0Z.R,/rhSeq-r/CCTTCCAGGAACACAGTCrCTCGA/GT4/, RH.B2A7FEFE5F5C48AZ0Z.F , /rhSeq-f/GCTCCAGCAAACTTTGACTrGCTTT/GT2/ 
RH.B3BF5B8B809244BZ0Z.R,/rhSeq-r/CGGCATTCATGATCCACATrCAGGT/GT3/, RH.B3BF5B8B809244BZ0Z.F , /rhSeq-f/CTCACCACCGAATTGCTGrCGCTA/GT1/ 
RH.B42A994B2968466Z0Z.R,/rhSeq-r/AAGCGTTCGAACAGCCGrCACCA/GT2/, RH.B42A994B2968466Z0Z.F , /rhSeq-f/TTCGACATCACCCGCAAGrCACGT/GT2/ 
RH.B4409383C5ED471Z0Z.R,/rhSeq-r/TGTTCGGCATATTCGCCGrGTGAA/GT2/, RH.B4409383C5ED471Z0Z.F , /rhSeq-f/AGTTGCTCACTGCCCACrCTCAA/GT3/ 
RH.B5003D1DCFF64E4Z0Z.R,/rhSeq-r/ACAGCAGCACTTCCAGrCGCGA/GT3/, RH.B5003D1DCFF64E4Z0Z.F , /rhSeq-f/GGCCGAACATGAAAGATTCrGCTCG/GT3/ 
RH.B5A2E3C1CC8E44AZ0Z.R,/rhSeq-r/AGGTGCACGTTCACTTCrGCGGT/GT3/, RH.B5A2E3C1CC8E44AZ0Z.F , /rhSeq-f/ACGCACGATTGCGAATATrCGTGG/GT2/ 
RH.B653F449126B4A1Z0Z.R,/rhSeq-r/CCTCTTCGTTCCGCGCrCAGCA/GT2/, RH.B653F449126B4A1Z0Z.F , /rhSeq-f/TGCCGAGGACGAATTGACrCGCGA/GT4/ 
RH.B6C550F63D054DEZ0Z.R,/rhSeq-r/CACTTCTTCAGCGGGATGrCCCAT/GT3/, RH.B6C550F63D054DEZ0Z.F , /rhSeq-f/TGGAAGCCGTTCATCGArCGAGA/GT1/ 
RH.B8715239C402429Z0Z.R,/rhSeq-r/TGCAATTCCAGCCGGGrCAAGC/GT2/, RH.B8715239C402429Z0Z.F , /rhSeq-f/CTTCTCTTGGCCGCCGrCCAAC/GT3/ 
RH.B88414185D514FDZ0Z.R,/rhSeq-r/GCCTTGGTGATGAAATCCTrCGAGA/GT1/, RH.B88414185D514FDZ0Z.F , /rhSeq-f/GAAAGGCTTTCTCGCCACrCATCG/GT2/ 
RH.B8C0B1BA86DE4C2Z0Z.R,/rhSeq-r/ATCCCGTCGAAGGTCCrGGCGT/GT1/, RH.B8C0B1BA86DE4C2Z0Z.F , /rhSeq-f/CGTGCTCAATCGCGTGrCTTTC/GT2/ 
RH.B9EF730EBE6C436Z0Z.R,/rhSeq-r/GCAATATCGTCCGCAAAATCrGCATT/GT3/, RH.B9EF730EBE6C436Z0Z.F , /rhSeq-f/GAGCACCAGAAATATCGTGCrGGTTT/GT2/ 
RH.BA6FBF5690DA414Z0Z.R,/rhSeq-r/ATTCCATCTGGGCGTCGrGGCTC/GT2/, RH.BA6FBF5690DA414Z0Z.F , /rhSeq-f/GCACAAGCCGCATGTGrGCCTT/GT3/ 
RH.BB24C5C404164F1Z0Z.R,/rhSeq-r/TCGATCGCGAACGACTTCrCCACT/GT1/, RH.BB24C5C404164F1Z0Z.F , /rhSeq-f/GATGAGGCCGAGCGTATrCAACA/GT1/ 
RH.BB93C61565534C3Z0Z.R,/rhSeq-r/GCTCGTGGTCGGACAGrGTCGT/GT3/, RH.BB93C61565534C3Z0Z.F , /rhSeq-f/GCGCGATCTCCGAGTCrCATGG/GT4/ 
RH.BC5098DD1C484D4Z0Z.R,/rhSeq-r/AAGGGTGTCCAACTCCTCrGTCCA/GT2/, RH.BC5098DD1C484D4Z0Z.F , /rhSeq-f/GTGACGAAGCCATGACCrCTCGT/GT2/ 
RH.BC56E600B326437Z0Z.R,/rhSeq-r/CTCAATCATCATACCGGTAAGTTrCTTCC/GT4/, RH.BC56E600B326437Z0Z.F , /rhSeq-f/CCTGGCCTACGATATTTTAAAGATrGTTGC/GT1/ 
RH.BCDAADAE5A244DDZ0Z.R,/rhSeq-r/CCCAGATGATCTTGAGCTGrCAGCT/GT3/, RH.BCDAADAE5A244DDZ0Z.F , /rhSeq-f/AACCGAGACGAAGAGGTrCATCG/GT4/ 
RH.BE09C1F6EE4B426Z0Z.R,/rhSeq-r/ATCACCTTTGATCCGCACrCGGCA/GT2/, RH.BE09C1F6EE4B426Z0Z.F , /rhSeq-f/GAAGTTCTTGCCCGCAArCATGG/GT4/ 
RH.BF87F0813298401Z0Z.R,/rhSeq-r/CAGGGTGTCCAGCAGGrGCGTT/GT3/, RH.BF87F0813298401Z0Z.F , /rhSeq-f/CTGCAACCCATGATGCTrGTTCC/GT4/ 
RH.C06E6DE18FAF432Z0Z.R,/rhSeq-r/ACTTCAACGCGGTAGGAArCCCAT/GT1/, RH.C06E6DE18FAF432Z0Z.F , /rhSeq-f/GTTGCGCGAGTACGAATTrCGAGA/GT1/ 
RH.C13F1AB63C89484Z0Z.R,/rhSeq-r/TTCTGCATCTCGCTGCGrGTGAC/GT2/, RH.C13F1AB63C89484Z0Z.F , /rhSeq-f/CGTCCTGGCGACGATCrGTGCA/GT2/ 
RH.C1ACE4B665B3474Z0Z.R,/rhSeq-r/GGATTACCAAATGCGTTGGTrGCGAA/GT4/, RH.C1ACE4B665B3474Z0Z.F , /rhSeq-f/CACGAAGATTGGCGATTTGTrCCCAT/GT4/ 
RH.C22C084B95AF4DBZ0Z.R,/rhSeq-r/GGCGCTCGAGGATGTAGrCGAAA/GT3/, RH.C22C084B95AF4DBZ0Z.F , /rhSeq-f/CGTGCTCTCGATGCGGrCTCGA/GT1/ 
RH.C2784A2F9F074BAZ0Z.R,/rhSeq-r/CGAGATGAAGAGCTGACCrCTCGC/GT2/, RH.C2784A2F9F074BAZ0Z.F , /rhSeq-f/TGAGCATGAGCTGTTTCGrCGAGC/GT1/ 
RH.C2FBC8A97D1343AZ0Z.R,/rhSeq-r/GATTGTGCTCATCAGGTCATrCTCCC/GT1/, RH.C2FBC8A97D1343AZ0Z.F , /rhSeq-f/TTCAAAGAATGGTCCGATGCrGGTCG/GT1/ 
RH.C325C496B39E492Z0Z.R,/rhSeq-r/GGTAGGCGACTTCGAGCrGAACT/GT2/, RH.C325C496B39E492Z0Z.F , /rhSeq-f/CGCTGGTCATCTGCGAArCTGAT/GT2/ 
RH.C433CAC466034A5Z0Z.R,/rhSeq-r/CGGACTTGTTCATGTCCTCrGTCCT/GT2/, RH.C433CAC466034A5Z0Z.F , /rhSeq-f/TCCATGTCGTCATGCAAATrCCTCG/GT2/ 
RH.C48BC7E0B7F94A7Z0Z.R,/rhSeq-r/GCATCCACCCCGAGTCrCGAGA/GT2/, RH.C48BC7E0B7F94A7Z0Z.F , /rhSeq-f/ACCTCAGCGAGGACGAGrGCCAT/GT2/ 
RH.C5286B9DCF0844BZ0Z.R,/rhSeq-r/GTGATAGAGCGCATAGGCrCAGCA/GT1/, RH.C5286B9DCF0844BZ0Z.F , /rhSeq-f/ATCTCCTTCAGGTGATGCTrCACCA/GT3/ 
RH.C53F81653AE2426Z0Z.R,/rhSeq-r/GCGATCACCGTCATCTCrCAGCT/GT2/, RH.C53F81653AE2426Z0Z.F , /rhSeq-f/CTTCATGCCGTCCACCrCCCGA/GT3/ 
RH.C597F0BA65D4481Z0Z.R,/rhSeq-r/CCATGATGTCGTTGTAGCGrGGTGA/GT1/, RH.C597F0BA65D4481Z0Z.F , /rhSeq-f/ACTCTCACTGGCCCTATTTrCGAGC/GT2/ 
RH.C5A55810F4AE42CZ0Z.R,/rhSeq-r/CCAGTGCATGAGGATGCrCGATG/GT2/, RH.C5A55810F4AE42CZ0Z.F , /rhSeq-f/AACTGATGCACACCCGrCGTCG/GT4/ 
RH.C6CF5B6F8D7E492Z0Z.R,/rhSeq-r/AGTCATCAGGTTCCGAGCrGATGT/GT1/, RH.C6CF5B6F8D7E492Z0Z.F , /rhSeq-f/ATTTCCATGGTCTCGAAGGrCTCGA/GT3/ 
RH.C7339886A2AF4E2Z0Z.R,/rhSeq-r/AGAACAGCGGCGCAAArGTCGG/GT3/, RH.C7339886A2AF4E2Z0Z.F , /rhSeq-f/AACTACGAAAAGCCGCCCrCTCGT/GT3/ 
RH.C8547CF1FC03409Z0Z.R,/rhSeq-r/TCAGCATCGACTTGAACACrCGTGC/GT2/, RH.C8547CF1FC03409Z0Z.F , /rhSeq-f/AGAAGCCGAACGAGATCATrCCTGG/GT4/ 
RH.C8E7A755EDEB485Z0Z.R,/rhSeq-r/CATCGTCGACCGTGGGrCCACA/GT2/, RH.C8E7A755EDEB485Z0Z.F , /rhSeq-f/GACGTACCAGGCGGTGrCCCAC/GT2/ 
RH.CA09BC2756584CFZ0Z.R,/rhSeq-r/CCACCGGCTTCACCTGrGTCCT/GT2/, RH.CA09BC2756584CFZ0Z.F , /rhSeq-f/CTGTGGAGCTACGTGCCrCTTCT/GT3/ 
RH.CA1E204B0C0842DZ0Z.R,/rhSeq-r/GAAGTAGGAAATCAGCGCGrCGATG/GT3/, RH.CA1E204B0C0842DZ0Z.F , /rhSeq-f/TATTACACACCGATCATTGCCrGACCG/GT3/ 
RH.CA38C7C3C4784CDZ0Z.R,/rhSeq-r/ATAGAGGCTCCGCCCAGrCTCCA/GT2/, RH.CA38C7C3C4784CDZ0Z.F , /rhSeq-f/TCGACCTCGGACAGCTrGGCCA/GT3/ 
RH.CBC073037557482Z0Z.R,/rhSeq-r/ATCATCGAACCGAGGCArGGCAT/GT2/, RH.CBC073037557482Z0Z.F , /rhSeq-f/CGGTGATCCTTGCCTATGrGTTCC/GT2/ 
RH.CCB9E6DC92944CFZ0Z.R,/rhSeq-r/AGCTGCTTGTCGGTCATrGGGCT/GT2/, RH.CCB9E6DC92944CFZ0Z.F , /rhSeq-f/CATTCGCTATCGCAAGGGrCATCG/GT3/ 
RH.CD45D816FD644DBZ0Z.R,/rhSeq-r/ATCTTGCGCTCGCGTATrGTGTC/GT2/, RH.CD45D816FD644DBZ0Z.F , /rhSeq-f/ATCTTCACGACCGATCCCrGAGGA/GT2/ 
RH.CD599890796C4EFZ0Z.R,/rhSeq-r/GTGTAGAGCCGCAAGAATTCrCTCGA/GT3/, RH.CD599890796C4EFZ0Z.F , /rhSeq-f/CATCATTGCTCCGACCGTrCATGA/GT1/ 
RH.CF953F27F5674E1Z0Z.R,/rhSeq-r/TTGCGATATTCCTCCGGATTrCTGAT/GT1/, RH.CF953F27F5674E1Z0Z.F , /rhSeq-f/GGACATGCCCTTTCTTGAATTrCTTAG/GT2/ 
RH.CFB0E10B70B242FZ0Z.R,/rhSeq-r/GTCCATGTCGGCAAAACGrGACAT/GT1/, RH.CFB0E10B70B242FZ0Z.F , /rhSeq-f/ATTGCGATCGCATCCTCGrCCGAT/GT3/ 
RH.CFB366F097C448DZ0Z.R,/rhSeq-r/AATCACTTCCATGCGAGCAArGTCCT/GT2/, RH.CFB366F097C448DZ0Z.F , /rhSeq-f/ATCCGAAAAGCTTTTCTGCTCrCGGAG/GT2/ 
RH.D3A8CC23711D463Z0Z.R,/rhSeq-r/AGGAAGGTGATCGGCAGrCCACT/GT2/, RH.D3A8CC23711D463Z0Z.F , /rhSeq-f/CTACGGCTTCGGCGTGrCACTA/GT3/ 
RH.D47B22B5BEF544EZ0Z.R,/rhSeq-r/GATCGGGATTTCGACCGrGCACA/GT1/, RH.D47B22B5BEF544EZ0Z.F , /rhSeq-f/GAAGTTGGCTGGAACCCrGCTGA/GT1/ 
RH.D509FD74926C4E6Z0Z.R,/rhSeq-r/GACCTGGCTGATCTTGTCrGGAGA/GT1/, RH.D509FD74926C4E6Z0Z.F , /rhSeq-f/AAGGACGATCCCGACAArCATGC/GT1/ 
RH.D63E64CD17AE473Z0Z.R,/rhSeq-r/GCAGCGAATACTTCTCGGTrGAGAT/GT3/, RH.D63E64CD17AE473Z0Z.F , /rhSeq-f/TTTGCGGGCTTCAAGGAGrGTCAA/GT3/ 
RH.D78133F7DC3D4EBZ0Z.R,/rhSeq-r/GATCGGATGGCCCAGCrACCGT/GT2/, RH.D78133F7DC3D4EBZ0Z.F , /rhSeq-f/ACGACCTGAAGGCTTGGrCCGCT/GT2/ 
RH.D7C024A696B6476Z0Z.R,/rhSeq-r/ATTGTCGAGTTCATCGACGArCACCT/GT1/, RH.D7C024A696B6476Z0Z.F , /rhSeq-f/AATCACCGGGATGTTCATCTrCGATG/GT4/ 
RH.D887E11DFEEF490Z0Z.R,/rhSeq-r/GCAGGTAGTCGACCTGrCGCAT/GT3/, RH.D887E11DFEEF490Z0Z.F , /rhSeq-f/CTGACCATCGCAGTGATrCTTCG/GT4/ 
RH.DA379666BF9E43AZ0Z.R,/rhSeq-r/GCTGGCGATTTCTTCGArCCTCC/GT4/, RH.DA379666BF9E43AZ0Z.F , /rhSeq-f/ATCATCGACCCGGCTTTrCGAGG/GT2/ 
RH.DAD98D36FB004E0Z0Z.R,/rhSeq-r/GAGGGCATCGCAGTACArCGTAG/GT4/, RH.DAD98D36FB004E0Z0Z.F , /rhSeq-f/ATCTGCGAGCTGCTCGrGCGTT/GT3/ 
RH.DB98783D89B9417Z0Z.R,/rhSeq-r/TGGTAGGTCGAAAAGATCGArGTGGT/GT3/, RH.DB98783D89B9417Z0Z.F , /rhSeq-f/GAGATCTGGCACGATCTGrGTTCG/GT2/ 
RH.DC4B788FBB14440Z0Z.R,/rhSeq-r/ATTCCGGGTCTGGGAAAGrCCTCG/GT2/, RH.DC4B788FBB14440Z0Z.F , /rhSeq-f/TCTAAACCGCATTGTCAGCrGCCGA/GT3/ 
RH.DDB83AFF97C94C6Z0Z.R,/rhSeq-r/GATGGTGTAGCCCATGAATTrCGAAA/GT2/, RH.DDB83AFF97C94C6Z0Z.F , /rhSeq-f/TCGATGCGTTTGAACTGACrCGAAT/GT4/ 
RH.DE543226C201437Z0Z.R,/rhSeq-r/GATGATTTCCTTCCACAGCGrCGATC/GT4/, RH.DE543226C201437Z0Z.F , /rhSeq-f/CTTCACCTTCGATCACCGrCCGTT/GT3/ 
RH.DF5F79C0CC444E7Z0Z.R,/rhSeq-r/TCCGTCTCCTCGGTGArCGAAG/GT3/, RH.DF5F79C0CC444E7Z0Z.F , /rhSeq-f/TTGGTCTGCACTTCCGCrCACCT/GT2/ 
RH.DFDFC4BAE42E446Z0Z.R,/rhSeq-r/ACAGCCAGTGCGAGAGrCACGA/GT1/, RH.DFDFC4BAE42E446Z0Z.F , /rhSeq-f/AGAACTTCGACCCCGAGrGCCAA/GT2/ 
RH.E020E77A21C54CBZ0Z.R,/rhSeq-r/AACTCATCGGTGCTCAGCrGTCTC/GT2/, RH.E020E77A21C54CBZ0Z.F , /rhSeq-f/ACCGAGATCCTCGGGTACrGCCAT/GT2/ 
RH.E04EE94198274F7Z0Z.R,/rhSeq-r/TCAGATCGGGATAGGCTTTrCAAGT/GT3/, RH.E04EE94198274F7Z0Z.F , /rhSeq-f/ATTTCCTACTTCGTCATCGCrGTCGA/GT3/ 
RH.E1EC16E9830F4AFZ0Z.R,/rhSeq-r/ACGGATGGATCCATTACTGGrCGCAA/GT4/, RH.E1EC16E9830F4AFZ0Z.F , /rhSeq-f/TGCCTACCATCCATTTGCTArCAGGT/GT4/ 
RH.E253263309B742FZ0Z.R,/rhSeq-r/ATCTTCTTGTCGGAACTGAACrCGCTT/GT2/, RH.E253263309B742FZ0Z.F , /rhSeq-f/GATCCCTATCCGATGTATCACrCTGCT/GT2/ 
RH.E28A489CA40644BZ0Z.R,/rhSeq-r/GACGAAATCGCACTTCCCrGAGAG/GT2/, RH.E28A489CA40644BZ0Z.F , /rhSeq-f/GGTGATGAAGGGCCTGGrCTTCA/GT3/ 
RH.E33F7FBD66A243AZ0Z.R,/rhSeq-r/TTAGTCGGAACCGGACATTGrCGGTA/GT4/, RH.E33F7FBD66A243AZ0Z.F , /rhSeq-f/CCAGATAGACCGGTGTGTTTArCTTTC/GT3/ 
RH.E3CF498AA863497Z0Z.R,/rhSeq-r/GACGATTGACTCGTAGCGrCTCGT/GT3/, RH.E3CF498AA863497Z0Z.F , /rhSeq-f/ACTTTGCGTACCCATTACCrGGTCG/GT4/ 
RH.E3EB3EF115C245EZ0Z.R,/rhSeq-r/GGGATCGAGGTCCACGrCGAGG/GT3/, RH.E3EB3EF115C245EZ0Z.F , /rhSeq-f/CCAGCACTTCGCGATGrCTCGA/GT2/ 
RH.E47D41672D454FBZ0Z.R,/rhSeq-r/CAGGTTGCCGATGACCTrCGATC/GT2/, RH.E47D41672D454FBZ0Z.F , /rhSeq-f/GCCGGACCTGATCCAGrCTGGT/GT3/ 
RH.E4A8B94D0D174D9Z0Z.R,/rhSeq-r/CAGAAATGGATGCCTGTCCrCGAAA/GT2/, RH.E4A8B94D0D174D9Z0Z.F , /rhSeq-f/ACTATGAAGGCAGGGCAATrCGATC/GT3/ 
RH.E4C34C29ADFB490Z0Z.R,/rhSeq-r/GCTTGTAGACGTCTGTGCrGATGG/GT4/, RH.E4C34C29ADFB490Z0Z.F , /rhSeq-f/GACGTGGAAGTGCATGGrCGTGA/GT3/ 
RH.E50C44E6F0174B8Z0Z.R,/rhSeq-r/TCGCTGATCCCGATTCCrGGAGG/GT3/, RH.E50C44E6F0174B8Z0Z.F , /rhSeq-f/CAGAGAGCGAGTACGGCrGCGTA/GT3/ 
RH.E91874C901654F5Z0Z.R,/rhSeq-r/TCGAATTGGATCGCCTCCrGAAGG/GT2/, RH.E91874C901654F5Z0Z.F , /rhSeq-f/CTGCTCTACCCGGATGGrCGAAA/GT2/ 
RH.EC6296CB62D84DBZ0Z.R,/rhSeq-r/GTTCCATCGCGCGAATATrCCATG/GT3/, RH.EC6296CB62D84DBZ0Z.F , /rhSeq-f/CGAAAATTGGGCCAAGGTrGAAGG/GT3/ 
RH.ECA8449AE6BC4CBZ0Z.R,/rhSeq-r/ATCCTGATCTGCGTGGCrGTGGT/GT3/, RH.ECA8449AE6BC4CBZ0Z.F , /rhSeq-f/GTCGACAACGCCTTCTCrCTACG/GT2/ 
RH.EDD634332B6F407Z0Z.R,/rhSeq-r/CCGGTCTCGTCGAAGAAArCGGAT/GT2/, RH.EDD634332B6F407Z0Z.F , /rhSeq-f/GAGATCGGCTTCCGTGArGAACC/GT1/ 
RH.EEB3BF6ABAD64F2Z0Z.R,/rhSeq-r/ACGACGCCATCCTTCTCrCGCGT/GT2/, RH.EEB3BF6ABAD64F2Z0Z.F , /rhSeq-f/GAGCTGCTGGTCAACGArCGTCT/GT4/ 
RH.EF2B9D214ACE408Z0Z.R,/rhSeq-r/GCTTCCTCGATCACGTTGrCGCGT/GT3/, RH.EF2B9D214ACE408Z0Z.F , /rhSeq-f/TGCTCATCCGCTCCTTCrCTGCG/GT2/ 
RH.EF8D024B973445EZ0Z.R,/rhSeq-r/CAGCGTGAACAGCGTGrCCCTC/GT2/, RH.EF8D024B973445EZ0Z.F , /rhSeq-f/CGGACCATTTCGATCCGrGATCG/GT3/ 
RH.EFFEF4E014A748AZ0Z.R,/rhSeq-r/AGGAACATCGTCATGACCTrCGTCG/GT3/, RH.EFFEF4E014A748AZ0Z.F , /rhSeq-f/ATCGTGCTGGACATCATCrGAGCG/GT3/ 
RH.F011785668624C1Z0Z.R,/rhSeq-r/AACACCATCGAAACCAGCTrCGTCT/GT1/, RH.F011785668624C1Z0Z.F , /rhSeq-f/TCAACCGCTTCATTCGCrCGGTT/GT2/ 
RH.F14C1F934B604A6Z0Z.R,/rhSeq-r/CGATGTCCATCCGTTCCrGGATC/GT2/, RH.F14C1F934B604A6Z0Z.F , /rhSeq-f/TACGAAAGCTCGAACCAGrCTCGG/GT3/ 
RH.F28545A1CB75442Z0Z.R,/rhSeq-r/GCGCAGCATGTAGGAATCrGTAGG/GT1/, RH.F28545A1CB75442Z0Z.F , /rhSeq-f/TTTGGCATGCACACCTGrCCTTG/GT2/ 
RH.F2B66FCE51874C5Z0Z.R,/rhSeq-r/TCGCTCAGGATGACCGrCGAGG/GT2/, RH.F2B66FCE51874C5Z0Z.F , /rhSeq-f/TCACCGAGGACGAGATrCGTGG/GT3/ 
RH.F2F19E4203944BDZ0Z.R,/rhSeq-r/ATGCACAGCGTGACCAGrCGTGC/GT3/, RH.F2F19E4203944BDZ0Z.F , /rhSeq-f/CTGATCGAGGATCCCGGrCCTGA/GT1/ 
RH.F35BF61D4B344BCZ0Z.R,/rhSeq-r/AGAGGATCTTTGTACCCTCGrGCGAT/GT1/, RH.F35BF61D4B344BCZ0Z.F , /rhSeq-f/AATACGAGACACTGAAGGCTrGATCC/GT2/ 
RH.F3CB70E6BDD6435Z0Z.R,/rhSeq-r/TTTCGAGCTGGGACTTGTCrCCTGA/GT1/, RH.F3CB70E6BDD6435Z0Z.F , /rhSeq-f/GAGGCGATGAGCTACTACATrCATCG/GT1/ 
RH.F4E2313A8B92492Z0Z.R,/rhSeq-r/ATCAGAAGCACGAGGTTTCCrGTGAA/GT2/, RH.F4E2313A8B92492Z0Z.F , /rhSeq-f/TCAAGGTGATGCAGGAGTGrCTTCT/GT3/ 
RH.F537671F3A234DCZ0Z.R,/rhSeq-r/CAAATTTGCGCGGCTCTTrCAAAC/GT1/, RH.F537671F3A234DCZ0Z.F , /rhSeq-f/GAGGATGTCGAAATCGCAGrGTGTG/GT4/ 
RH.F6E740D7317D4C3Z0Z.R,/rhSeq-r/GCGAGGGACATCTTCATTTrCGTAC/GT4/, RH.F6E740D7317D4C3Z0Z.F , /rhSeq-f/CTTCCTCGAGCGCAAACrCTTCG/GT4/ 
RH.F79D60EC69C84EFZ0Z.R,/rhSeq-r/AATGCTCGACCGCCACrGAGGG/GT4/, RH.F79D60EC69C84EFZ0Z.F , /rhSeq-f/TTGCTCCATGACGGCCrGCGTC/GT2/ 
RH.F7E3D42951B44CCZ0Z.R,/rhSeq-r/GAGGAAATCGCACTTCCrGGCAG/GT2/, RH.F7E3D42951B44CCZ0Z.F , /rhSeq-f/GATCACCTCATCGGTCArCCTCG/GT4/ 
RH.F8075AAECB0140EZ0Z.R,/rhSeq-r/GATCAACTTGCCACCGArCTTCG/GT2/, RH.F8075AAECB0140EZ0Z.F , /rhSeq-f/CCCTGATCCCGTCGATrGGTCT/GT3/ 
RH.F9166FF54B7C46CZ0Z.R,/rhSeq-r/GAGATGCGCATCGTCTCrGTCGA/GT1/, RH.F9166FF54B7C46CZ0Z.F , /rhSeq-f/TGGGTGCTCGACTACGrCGCTG/GT3/ 
RH.F91D2AE6F36440BZ0Z.R,/rhSeq-r/AAACACCGCCGTCAGTTrCCATG/GT3/, RH.F91D2AE6F36440BZ0Z.F , /rhSeq-f/CCAGTTCGAAGAGCCTGArCACCT/GT1/ 
RH.F99FA62D61024B2Z0Z.R,/rhSeq-r/GTGATGATGGCGTCGAAGrCTCTC/GT2/, RH.F99FA62D61024B2Z0Z.F , /rhSeq-f/ATCGAGCAGGAACTGGTCrGACTG/GT2/ 
RH.FAB1816A7FCC489Z0Z.R,/rhSeq-r/CGGTAAGCCTGGTGTTCrCGGAT/GT1/, RH.FAB1816A7FCC489Z0Z.F , /rhSeq-f/ACCATGCCTTCACGAGrCCGCC/GT2/ 
RH.FB9325B19424480Z0Z.R,/rhSeq-r/GGCGCGTAGGTGTAGGrGAGTC/GT2/, RH.FB9325B19424480Z0Z.F , /rhSeq-f/TCGTCATCGTGTCGCCrCTGGC/GT1/ 
RH.FC24D81FC99C4CCZ0Z.R,/rhSeq-r/AGGACGATCAGGTACATCAArCAGCT/GT3/, RH.FC24D81FC99C4CCZ0Z.F , /rhSeq-f/GGTGTTCACCGAGTTCATCrGACTA/GT3/ 
RH.FC3FC8C7290A49DZ0Z.R,/rhSeq-r/ATCTTCGAACAGGGCACTrGGCAA/GT4/, RH.FC3FC8C7290A49DZ0Z.F , /rhSeq-f/GATCTTCACCGCTGGACrCGATG/GT3/ 
RH.FC6F61D0EAC847DZ0Z.R,/rhSeq-r/AAGAAAGCGGGCTGGACrGGAAG/GT2/, RH.FC6F61D0EAC847DZ0Z.F , /rhSeq-f/GTGCTGATGCTGGCACrGACAG/GT2/ 
RH.FD1C3767153D4F6Z0Z.R,/rhSeq-r/CACGATGTCGTCCTTGCrGCACA/GT1/, RH.FD1C3767153D4F6Z0Z.F , /rhSeq-f/GCGGTGATCCAGGAATCrGATGC/GT2/ 
RH.FDEF34A308684D6Z0Z.R,/rhSeq-r/GAGATCAGGTCCTTGCCGrGGATT/GT2/, RH.FDEF34A308684D6Z0Z.F , /rhSeq-f/ACAAGCTGACCTACTGGTCrCGACA/GT1/ 
RH.FF3971CC0B8D410Z0Z.R,/rhSeq-r/TTTCCATCAACAGGGTCGrCCACA/GT1/, RH.FF3971CC0B8D410Z0Z.F , /rhSeq-f/GACATGATGACCTTCATCGGrCAGTT/GT3/ 
RH.FF82DD01A9A84A3Z0Z.R,/rhSeq-r/GTGGATCGGCCTCCAGrGATCA/GT2/, RH.FF82DD01A9A84A3Z0Z.F , /rhSeq-f/GTGCTGAACGACCACACrCACCT/GT1/ 
RH.FF9409181391400Z0Z.R,/rhSeq-r/TAGTCGAGCACCAACGrCGAGC/GT2/, RH.FF9409181391400Z0Z.F , /rhSeq-f/CGACGTGCTATCGCTCrCTGCT/GT3/ 
