target_id,true_source_id,source_agrees
RH.003F79FEC922409Z0Z,A00405_539_HLLNCDSX3_4_1205_13919_19179_1_268_+_c92602dd81b2a7ebb51da66345373262,TRUE
RH.0096A141894D447Z0Z,A00405_539_HLLNCDSX3_4_1256_26341_12446_1_294_+_88ec1e8930915f6fd0f1d06309f6b07b,TRUE
RH.00E4B296DCE74BCZ0Z,A00405_539_HLLNCDSX3_4_1275_11505_13870_1_286_+_2e868f6a0f31b99b34f6f754ceac2b40,TRUE
RH.01448F03BE284B7Z0Z,A00405_539_HLLNCDSX3_4_2405_32633_24940_1_265_-_48fa9366cce168c8a7bc8af1c518213a,TRUE
RH.0180E4AB5822472Z0Z,A00405_539_HLLNCDSX3_4_1317_10113_16720_1_286_-_31d6140e2ec5a727161b80806ba9a666,TRUE
RH.0217D7856D1B4F3Z0Z,A00405_539_HLLNCDSX3_4_1172_6912_5979_1_294_+_72490401ce488a16c0eeef731c6b69e6,TRUE
RH.021A507BE6D04ABZ0Z,A00405_539_HLLNCDSX3_4_1112_28610_2315_1_258_+_38e489ea12b11c0cbbbe4adf8c3038a3,TRUE
RH.02ED2313668747CZ0Z,A00405_539_HLLNCDSX3_4_2235_19388_35133_1_234_-_31288c0e59cfb6a9734edd60496a75ad,FALSE
RH.034C1A4941D644EZ0Z,A00405_539_HLLNCDSX3_4_2560_7057_16438_1_270_+_b40b5520a1a8ce413c8948c8d1b0f1a2,TRUE
RH.04A0205BEA6C49EZ0Z,A00405_539_HLLNCDSX3_4_2434_5791_26678_1_293_+_4935421d650b2f8704a06e4772a37ebd,TRUE
RH.0550AF0F57084ADZ0Z,A00405_539_HLLNCDSX3_4_2375_18032_36793_1_294_+_5a260901400c54ea43f4ad67a663e52d,TRUE
RH.07345E4EB10540DZ0Z,A00405_539_HLLNCDSX3_4_1177_12409_21793_1_294_+_577a69df8e2fd4d39078cf6e6abcfa80,TRUE
RH.07A081D839E34E7Z0Z,A00405_539_HLLNCDSX3_4_2168_32398_16892_1_287_+_4c997fab1c95be3b1789ce6a18d49b68,TRUE
RH.09228C428F4848BZ0Z,A00405_539_HLLNCDSX3_4_2573_9697_12085_1_290_-_60cb3c445276161ef5e03f97005cc8f6,TRUE
RH.094E5466924B45EZ0Z,A00405_539_HLLNCDSX3_4_2254_17888_3975_1_290_+_288544c16fc112942b22763b2578b935,FALSE
RH.098C2C0732D843BZ0Z,A00405_539_HLLNCDSX3_4_2404_21866_12305_1_294_-_d12ecdfd989308314b78ff24afd249d9,FALSE
RH.09C100672A8B484Z0Z,A00405_539_HLLNCDSX3_4_2269_12192_25551_1_294_-_bd38f733c9534968855e10bd2460d2c5,TRUE
RH.09D312EAE0BE4BAZ0Z,A00405_539_HLLNCDSX3_4_1478_16432_31955_1_279_-_ed2fe94ee581f36fe748749ff4a1d588,TRUE
RH.0A5775703F42403Z0Z,A00405_539_HLLNCDSX3_4_2262_14687_25520_1_209_-_755fbfd4e2e79c333b2063bfba8f9fc1,TRUE
RH.0BA5504E4959438Z0Z,A00405_539_HLLNCDSX3_4_1359_17779_23672_1_197_+_463824133f7eb5b8f3c56841b215fd77,FALSE
RH.0BD19D1A26A74EBZ0Z,A00405_539_HLLNCDSX3_4_2576_29315_15749_1_293_+_81ef8281ba5891ff7b36aceec603003c,TRUE
RH.0C36971D26FA41BZ0Z,A00405_539_HLLNCDSX3_4_1376_32127_13041_1_265_-_8914d8be84f43f05a5e4db3ee0ff4b85,TRUE
RH.0C6EF86AB29A422Z0Z,A00405_539_HLLNCDSX3_4_1133_19199_19492_1_294_-_f696211bbf33e2824c01aee2ec50bcfe,TRUE
RH.0C7CF249E0964D1Z0Z,A00405_539_HLLNCDSX3_4_2354_25256_19116_1_264_+_7552e8ba061cd56877fd95d4e2c3015d,TRUE
RH.0D3AF526217546DZ0Z,A00405_539_HLLNCDSX3_4_1269_29026_15248_1_264_+_7f5c9bdbbeba597fe82f75a1061ae5b7,TRUE
RH.0DD39F12EC344D0Z0Z,A00405_539_HLLNCDSX3_4_2440_10547_31626_1_240_-_71f9a176d4d6d04625c59cc8ec055af9,TRUE
RH.0DDF79B1BF9D4F5Z0Z,A00405_539_HLLNCDSX3_4_1649_25066_14278_1_283_-_6bec5b5d474a16e9001698c227f6c1f1,TRUE
RH.0E12152EC5E54F0Z0Z,A00405_539_HLLNCDSX3_4_2627_4716_27352_1_231_+_a8bf78b5034e7ba2513511e221063fab,TRUE
RH.0F1724882B2C45AZ0Z,A00405_539_HLLNCDSX3_4_1332_24975_12524_1_213_-_9373b535c9d08578978ac42c90e41c23,TRUE
RH.0FDF85993DCD469Z0Z,A00405_539_HLLNCDSX3_4_1570_16062_30373_1_286_+_456c080c91cb9f032397ab0faa86bfea,TRUE
RH.1097C5D0DCCB430Z0Z,A00405_539_HLLNCDSX3_4_1127_9209_33004_1_289_-_882762913f0d022efa3757e9e6a52145,TRUE
RH.116C818B1AAE419Z0Z,A00405_539_HLLNCDSX3_4_1618_30427_36276_1_292_-_d3089f241c2dd3022eab2b10f1b56187,TRUE
RH.1178978C1B124F7Z0Z,A00405_539_HLLNCDSX3_4_2541_11713_30514_1_274_-_2c2a3b35643d8a4c21b4ba8e96d8f8fb,TRUE
RH.11C769AD1C4F472Z0Z,A00405_539_HLLNCDSX3_4_1550_30924_28401_1_246_+_06b2cdb160fc1b46bef417cc4459bd3c,TRUE
RH.130BAF3B1F444BDZ0Z,A00405_539_HLLNCDSX3_4_1575_6578_17550_1_293_-_b350d0dc59e12838f7a478ef18038f7a,TRUE
RH.1341ABAC351043FZ0Z,A00405_539_HLLNCDSX3_4_2509_16486_32111_1_236_+_1cc10797711bb7b73cbf30654a45fa96,TRUE
RH.137D545CFE1E432Z0Z,A00405_539_HLLNCDSX3_4_2178_18249_26929_1_282_+_91a64bf8c54fa82fe67ae2c5651a29a9,TRUE
RH.1481DAA5ED924AFZ0Z,A00405_539_HLLNCDSX3_4_2668_10122_3615_1_209_-_30ba335d4abe8a0b5508ef1376f25299,TRUE
RH.159AE449CD74409Z0Z,A00405_539_HLLNCDSX3_4_2550_29966_8547_1_260_+_48ef7bfdb57a0064b771a30d22b4a917,TRUE
RH.1765A17E5FDB418Z0Z,A00405_539_HLLNCDSX3_4_1348_10339_15045_1_234_+_385c46518fc0f0880c437f9434359ad9,TRUE
RH.17B3832C9C1D403Z0Z,A00405_539_HLLNCDSX3_4_1275_28999_6746_1_288_-_01746c8ccbff3ad2c4beef979ee1bde8,TRUE
RH.1800310D4F224E4Z0Z,A00405_539_HLLNCDSX3_4_1416_13187_24298_1_267_+_a42ba0d05ab52e8d887e19d2709cda0f,TRUE
RH.181C8554E44C463Z0Z,A00405_539_HLLNCDSX3_4_2637_17101_4836_1_253_+_14f116bdadec92cbebdfb993b902ebd1,FALSE
RH.185D4E36BBF74FEZ0Z,A00405_539_HLLNCDSX3_4_1412_10022_10770_1_291_+_16759ee50eb37c248e99815d17ac3c88,TRUE
RH.1953A480E99F470Z0Z,A00405_539_HLLNCDSX3_4_1461_7428_20870_1_209_-_cb14698cc6135ae469e33962e58bf546,TRUE
RH.196160AABC82476Z0Z,A00405_539_HLLNCDSX3_4_1263_24397_20666_1_283_+_72a116af44b0c5fb0f5c209ad19bcdae,TRUE
RH.19C64E69AB7E463Z0Z,A00405_539_HLLNCDSX3_4_2674_22372_11616_1_272_+_82e8984bdc87b569282d9989b037699a,TRUE
RH.1A59AE22D9BF43FZ0Z,A00405_539_HLLNCDSX3_4_2328_2790_13495_1_288_+_3f10aaa8eb2bce14a907704daa248b9a,TRUE
RH.1B7E66F8455D45AZ0Z,A00405_539_HLLNCDSX3_4_2268_21178_6010_1_244_+_a5c560dafc167d22580041a7b14d7136,TRUE
RH.1C17A84686A7401Z0Z,A00405_539_HLLNCDSX3_4_1621_24758_4257_1_289_+_2380a9c65a87b867d8775a867a4002df,TRUE
RH.1C2CE323A1D14DDZ0Z,A00405_539_HLLNCDSX3_4_2423_32823_11146_1_291_+_305613939189e95d9455c6746c6dc147,TRUE
RH.1C82717EB39B4ECZ0Z,A00405_539_HLLNCDSX3_4_1369_21106_12211_1_292_+_ae99503aaf38d50798189a92654519d0,TRUE
RH.1CC74B91718A42FZ0Z,A00405_539_HLLNCDSX3_4_1434_17553_6433_1_291_+_7a051464df892a132e7368b8e9d3c73a,TRUE
RH.1DB5008EB8D746AZ0Z,A00405_539_HLLNCDSX3_4_1376_6533_24893_1_250_+_5e735dddc9ed98f764e786e6c938d9b8,TRUE
RH.1DD55C57FB3E459Z0Z,A00405_539_HLLNCDSX3_4_2133_30065_8437_1_240_-_cf145df3df307d4a794c441091d1d16e,TRUE
RH.1ED162FCE898487Z0Z,A00405_539_HLLNCDSX3_4_2511_14299_36933_1_215_+_f916236eb69fd6c59ed3d41205d9c58b,FALSE
RH.1EF46063B168483Z0Z,A00405_539_HLLNCDSX3_4_1549_25952_20102_1_282_+_d5b3a4eda35909e5fb9825f2b27ce371,TRUE
RH.1F2473CDE693437Z0Z,A00405_539_HLLNCDSX3_4_1677_31901_1344_1_255_+_97446037a4e80b6fc2dd2cf01b92e4ae,TRUE
RH.1F2E4C6C9EF84A6Z0Z,A00405_539_HLLNCDSX3_4_2604_7771_35086_1_248_+_40400e222df638ee36abac574dceb991,TRUE
RH.205D0BBB50B8471Z0Z,A00405_539_HLLNCDSX3_4_2216_30861_11882_1_293_+_6e5f079b4cd03eeef76f6a23818b595a,TRUE
RH.2091F326F74640CZ0Z,A00405_539_HLLNCDSX3_4_2236_24614_29841_1_293_+_04ca48409a1ee33b09ee3f0431a9bece,TRUE
RH.228524764FCE499Z0Z,A00405_539_HLLNCDSX3_4_2551_12111_17769_1_219_+_098c6c33e8818da39a9487e619435839,TRUE
RH.23246278E0E74E6Z0Z,A00405_539_HLLNCDSX3_4_1167_19542_33426_1_292_+_a654a93c96c06f752f2d7c67d57f999a,TRUE
RH.23B59611E801433Z0Z,A00405_539_HLLNCDSX3_4_2517_4598_21919_1_282_-_bfd0bf4cb096d607f01912e4fea05c5f,TRUE
RH.2467895ACA8347EZ0Z,A00405_539_HLLNCDSX3_4_1531_8052_30968_1_247_-_5862c2786ef295ff686230ae3a4b65f9,TRUE
RH.256B9DD95E5E4EDZ0Z,A00405_539_HLLNCDSX3_4_2650_15429_12555_1_294_+_ae68f9ee0eef298c6908204fe8b711c8,TRUE
RH.25F43EF2A0F1421Z0Z,A00405_539_HLLNCDSX3_4_2536_7952_30984_1_279_+_0477fcf26c74fdea1d47fdaf9816091b,TRUE
RH.268AAC66C1AD454Z0Z,A00405_539_HLLNCDSX3_4_2166_12337_17190_1_267_+_95fc98e3a6f3e51658c32ba6fe82834e,TRUE
RH.274802561615427Z0Z,A00405_539_HLLNCDSX3_4_1336_1606_15890_1_280_+_258df2557235d7ad367cf04514540726,TRUE
RH.27578A9A85FA4A3Z0Z,A00405_539_HLLNCDSX3_4_2413_23728_18349_1_294_+_5c8cf276bfb8a016a1079c51251bc7d6,TRUE
RH.275C7CB29BEF47CZ0Z,A00405_539_HLLNCDSX3_4_1122_18927_9251_1_292_+_f02120d6af3e203b2da2f8a96329f860,TRUE
RH.2797FDFE947C474Z0Z,A00405_539_HLLNCDSX3_4_1661_14986_27508_1_289_-_a13bd7d3a8bd3a4ce8a50b46c7e88526,FALSE
RH.2800BB71D47E4F4Z0Z,A00405_539_HLLNCDSX3_4_2114_32732_20979_1_247_+_7badc1ad4994e5529931a625669f59c3,TRUE
RH.2A436673068741BZ0Z,A00405_539_HLLNCDSX3_4_1231_10511_28870_1_211_-_54829bb390c6e3caa47a9cd250c1347c,TRUE
RH.2A85EAE5DEAD471Z0Z,A00405_539_HLLNCDSX3_4_1451_30409_6715_1_231_+_018312b314ec0e3d7060fd278ef283f4,TRUE
RH.2A8AD21024974C0Z0Z,A00405_539_HLLNCDSX3_4_1334_11930_16266_1_258_+_048a394d3695a8abb0c425f7d9b7201d,TRUE
RH.2ACCD99CC8BC45AZ0Z,A00405_539_HLLNCDSX3_4_2663_31241_1454_1_242_+_3673954de96850fd4fb7d921e76297cc,TRUE
RH.2AFFFBA0E81C482Z0Z,A00405_539_HLLNCDSX3_4_1149_18701_36605_1_292_-_4a407c9c3375a6ad5003bdd88d91a484,TRUE
RH.2B5DDF63455445EZ0Z,A00405_539_HLLNCDSX3_4_1257_7238_15468_1_293_-_4b9f7510bc565ef366afece68801f7ed,TRUE
RH.2B857B0392E14BAZ0Z,A00405_539_HLLNCDSX3_4_2104_25437_25254_1_276_-_a2fa2fa19bf9e984835d2ed1770062d1,TRUE
RH.2B9B6D0FCE4B419Z0Z,A00405_539_HLLNCDSX3_4_1666_20347_28870_1_283_+_668ea5c5a9b6c4ecebccfdd09b1d3fad,TRUE
RH.2D2620A15EBA447Z0Z,A00405_539_HLLNCDSX3_4_1522_9968_33098_1_208_+_7d9293e94f94899dc4651f9a7c5dae08,TRUE
RH.2E7645315FAF4F2Z0Z,A00405_539_HLLNCDSX3_4_2366_2790_23046_1_292_-_7ed74b0e9bf339d51ed17236989cb78f,TRUE
RH.2EA209621B43487Z0Z,A00405_539_HLLNCDSX3_4_2269_1099_20870_1_294_-_1e025e49cee02f7f3b5be32c3fafa525,TRUE
RH.2ED307D537234FBZ0Z,A00405_539_HLLNCDSX3_4_2361_5656_22122_1_219_+_7431b3e52f6325abd714a6c0c31afb0c,TRUE
RH.2FA1E59DAE834CCZ0Z,A00405_539_HLLNCDSX3_4_2332_17336_20650_1_243_-_6264feb380e377b8d78faefc7f172c0c,TRUE
RH.2FAAAF0B6CBD407Z0Z,A00405_539_HLLNCDSX3_4_2457_26865_7560_1_239_-_cd41f267425258d99b916bd8a3f65d63,TRUE
RH.300DF134D97F45BZ0Z,A00405_539_HLLNCDSX3_4_1102_17635_21418_1_292_+_36122b27dfdc55ef17a9f8372e842c41,TRUE
RH.30AADA7B15FF458Z0Z,A00405_539_HLLNCDSX3_4_2323_11677_12038_1_289_+_abdb2bf29cb880a061f2da532538e0ad,TRUE
RH.30C0C5AC5DE8497Z0Z,A00405_539_HLLNCDSX3_4_2602_14913_33051_1_232_-_a541aa5b524793bb8df6a08a0eb23164,TRUE
RH.30D47E3F1879453Z0Z,A00405_539_HLLNCDSX3_4_2650_15429_12555_1_294_+_ae68f9ee0eef298c6908204fe8b711c8,FALSE
RH.316A64A79414400Z0Z,A00405_539_HLLNCDSX3_4_1562_18756_29309_1_281_-_c73e3422efc708651276888d8a1d0ff6,TRUE
RH.31B600239583463Z0Z,A00405_539_HLLNCDSX3_4_1423_7346_32252_1_248_-_eba36dc08066c127d643d80dca1f8bc7,TRUE
RH.321690A69B1C40DZ0Z,A00405_539_HLLNCDSX3_4_1527_29008_1407_1_289_-_7e40f414d5222c9429fd023b0ee11c53,TRUE
RH.33AEBDC95C5A43AZ0Z,A00405_539_HLLNCDSX3_4_1254_32298_33317_1_277_-_25ab9f6fb42b76b6696166c77393b14a,TRUE
RH.33C2DC3AD8EA448Z0Z,A00405_539_HLLNCDSX3_4_1433_31765_14794_1_263_-_88f970a1f651a11a988e6e439c855c59,TRUE
RH.34555F00E56F4D9Z0Z,A00405_539_HLLNCDSX3_4_2678_15266_16595_1_275_-_b07602adb6cc70221a4e365ca0e45755,TRUE
RH.3529F00CE3D540EZ0Z,A00405_539_HLLNCDSX3_4_2148_16803_20854_1_271_+_b89fef3052fc74636233fddd6e0d4403,TRUE
RH.35D6316E8C8F4D3Z0Z,A00405_539_HLLNCDSX3_4_1131_5837_6684_1_286_+_f07bc62af3c810190ea8e7d652273cb7,TRUE
RH.37215B247C57490Z0Z,A00405_539_HLLNCDSX3_4_1256_22923_23594_1_262_-_e0e3d41a072f4594db61a13c53dbc99a,TRUE
RH.376CC9689CE741BZ0Z,A00405_539_HLLNCDSX3_4_2537_19497_22169_1_290_+_461bb81fecbac4b96fb764c1cea3d13c,TRUE
RH.37DAAD3412A94A0Z0Z,A00405_539_HLLNCDSX3_4_2636_29261_24799_1_273_-_c9daaae47ee130316f010db702e3a62f,TRUE
RH.3852DF39B5CC420Z0Z,A00405_539_HLLNCDSX3_4_2262_3848_10191_1_294_+_2bcb7bbcbfbc8334ff78ff227ddb33e0,TRUE
RH.38A1B8CF9D5C4D1Z0Z,A00405_539_HLLNCDSX3_4_2340_16233_5149_1_290_-_2e9af077cc2e44d0061263a1e63020c2,TRUE
RH.392E1D5C62B743FZ0Z,A00405_539_HLLNCDSX3_4_2367_32479_14810_1_223_+_cfc5458dcb13b75218e9ed9ca72d1de8,FALSE
RH.3B2B2BB86AB94D3Z0Z,A00405_539_HLLNCDSX3_4_2273_12391_14716_1_280_+_dc9ad065389b151656592223aedc10ba,FALSE
RH.3C4181E04665462Z0Z,A00405_539_HLLNCDSX3_4_2341_27814_36793_1_290_-_85d9147d27dd7f524cde8abec7878ee0,TRUE
RH.3C81F3C4A9144FDZ0Z,A00405_539_HLLNCDSX3_4_2518_1172_35994_1_258_-_729ae5b93f1dc12e094173c16574f266,TRUE
RH.3CD8B40CE42F41EZ0Z,A00405_539_HLLNCDSX3_4_2165_5927_29951_1_248_-_bbb486b6ad1c5680426b3f9dee60a9c6,TRUE
RH.3D465DB261444C9Z0Z,A00405_539_HLLNCDSX3_4_2268_14886_27085_1_238_+_af57dae47de7221d3e3110279d6be918,TRUE
RH.3E15F0DCA8B741FZ0Z,A00405_539_HLLNCDSX3_4_1609_9751_17660_1_291_-_4cfb93bb104d56e8d86f62b6e4a37d94,TRUE
RH.3E6A642DF8FB454Z0Z,A00405_539_HLLNCDSX3_4_1467_3432_3521_1_280_+_1a375cf90313e36372a443770882b9f0,TRUE
RH.3E6DC13411C44C2Z0Z,A00405_539_HLLNCDSX3_4_1407_10800_29340_1_282_+_03949bb2b61b8cd1053bed2cf16588c9,TRUE
RH.3E8787426B6747DZ0Z,A00405_539_HLLNCDSX3_4_1477_7952_14638_1_293_-_3a3e64a43f2760542cdc4082dbc30f36,TRUE
RH.3EBEBCF3296E4B4Z0Z,A00405_539_HLLNCDSX3_4_2133_28067_12493_1_292_+_577b4267e49e4b4231cd97225f4724f3,TRUE
RH.3EC0E714D5CC4DEZ0Z,A00405_539_HLLNCDSX3_4_1318_19488_16110_1_291_+_9ac170667e595661f28980e6ef8bc1e2,TRUE
RH.3F0C3BDDC55E465Z0Z,A00405_539_HLLNCDSX3_4_2467_17951_7560_1_293_+_af757d9c5e35c4dffc5ad6337375b76c,TRUE
RH.3F91B71DB08E4AFZ0Z,A00405_539_HLLNCDSX3_4_2605_7247_35274_1_266_-_2a68e1dbe90fe1fbc9938b2f7859fcfe,TRUE
RH.40933F98BDDD40FZ0Z,A00405_539_HLLNCDSX3_4_1239_8956_26584_1_215_+_5f74270a96d85094cc3112e09a3d186a,TRUE
RH.44084ADC204D4F7Z0Z,A00405_539_HLLNCDSX3_4_1232_17400_33536_1_217_+_d562d340dc73f512883a728536d3ab46,TRUE
RH.44333617E8F04C0Z0Z,A00405_539_HLLNCDSX3_4_2362_27326_33004_1_286_-_08920e28984ffda7ff0f37d186246d68,TRUE
RH.44B39C556A644BFZ0Z,A00405_539_HLLNCDSX3_4_1419_29044_23109_1_243_+_fa9685375db460459ce78f9d27adc523,TRUE
RH.44DCEC943BED412Z0Z,A00405_539_HLLNCDSX3_4_1144_21875_1705_1_289_-_2e38050b7207e66297542401e31b9aa3,TRUE
RH.45C170E90D964C6Z0Z,A00405_539_HLLNCDSX3_4_1363_24288_34757_1_290_-_550189e1ac2df6fb5675f3dbf9533dfe,TRUE
RH.466B380E0FF243CZ0Z,A00405_539_HLLNCDSX3_4_1222_19470_5995_1_292_+_b56ddda57dee1339a5d8861f185b3568,TRUE
RH.4724986D74A641EZ0Z,A00405_539_HLLNCDSX3_4_1119_30192_33489_1_214_+_c5cafe3b617bdd654c4cc08d9534669c,TRUE
RH.472FFF3FDAC74C3Z0Z,A00405_539_HLLNCDSX3_4_2230_8576_25801_1_211_+_ad6f47d1591ae38712e5f64fe960145a,TRUE
RH.474F3A6451E9448Z0Z,A00405_539_HLLNCDSX3_4_1530_10149_32690_1_244_-_f669d32b98795e4d6a1a92e9c72ce362,TRUE
RH.4771C7C510884E0Z0Z,A00405_539_HLLNCDSX3_4_1508_12671_27946_1_284_-_a98475547362863558aa00251783218c,TRUE
RH.48F005A6D3DC4C0Z0Z,A00405_539_HLLNCDSX3_4_1275_28013_9424_1_294_-_1c07ff1aa1f37ce0d2ad4e7ebcf2a0cf,TRUE
RH.48F2286640C04E9Z0Z,A00405_539_HLLNCDSX3_4_1273_13241_27712_1_206_+_24b83a9da6f3944b6692c90d859d93ef,TRUE
RH.48FD2D13A0A4414Z0Z,A00405_539_HLLNCDSX3_4_2332_31756_9893_1_275_+_3a9649f453a54e105000be507ea283bd,TRUE
RH.49E9BC83DD0A4CFZ0Z,A00405_539_HLLNCDSX3_4_1306_24587_2738_1_227_-_53b8ed63db5a5fe3d0dab4bd860e2bda,TRUE
RH.4A562DD0F2FF4CBZ0Z,A00405_539_HLLNCDSX3_4_1234_27308_26209_1_294_-_f21b09ad2e6e96e59f0300f8df454ed1,TRUE
RH.4A882F442BF8449Z0Z,A00405_539_HLLNCDSX3_4_2409_1976_4131_1_288_+_e922ded99a3e87a268cfd1c59e9f9f47,TRUE
RH.4BFC7FED0F6445DZ0Z,A00405_539_HLLNCDSX3_4_1238_8395_33880_1_294_+_06a3c8bb8d4bd243943d4fe8899a2a93,TRUE
RH.4C11BD2181F64A1Z0Z,A00405_539_HLLNCDSX3_4_1405_25536_25050_1_206_-_56fdb7df2e5156b7f541ec96754f052e,TRUE
RH.4C693D1D17C348BZ0Z,A00405_539_HLLNCDSX3_4_1621_17309_14998_1_226_-_d370f18133bc3606b8a23fe12fe5f253,TRUE
RH.4D53736870F247FZ0Z,A00405_539_HLLNCDSX3_4_1222_17743_20102_1_277_+_c4856d92f92be1e15e1ba6e25d90b4cc,TRUE
RH.50397DC8DC86419Z0Z,A00405_539_HLLNCDSX3_4_1102_14588_24251_1_279_-_f0527f3cfe055b71332c8f28b6e8cc45,TRUE
RH.507068DB7AE049AZ0Z,A00405_539_HLLNCDSX3_4_1135_23131_33567_1_267_+_b0cfbfabb12219d199fb6efdaebd78dc,TRUE
RH.5091B5EC1D774AEZ0Z,A00405_539_HLLNCDSX3_4_1576_13630_24283_1_283_-_314dec24cedb18fa45cc5c29879e4637,TRUE
RH.51338FA06EDB4F0Z0Z,A00405_539_HLLNCDSX3_4_2428_6090_14794_1_294_-_80eeeb5dde92ef47ef076603c990b2f7,TRUE
RH.517A9FBA2B494D5Z0Z,A00405_539_HLLNCDSX3_4_2144_25943_22498_1_291_+_b63a675850008016b91f6d9617d49ae1,TRUE
RH.541A1C9A5856408Z0Z,A00405_539_HLLNCDSX3_4_2108_20952_22122_1_292_+_981ebd79aebe6e1123d76ddb6bd4d3cf,TRUE
RH.549A83596AF84C8Z0Z,A00405_539_HLLNCDSX3_4_2304_14796_31344_1_294_-_4914f52c566a4151c7679bdfe6beb1c0,FALSE
RH.54DF8FBDC71E4F6Z0Z,A00405_539_HLLNCDSX3_4_2260_32425_17566_1_282_+_f5ca1e3165bedb34707a95d2c584c4bd,TRUE
RH.5600BF1B5AE248BZ0Z,A00405_539_HLLNCDSX3_4_2150_5891_10285_1_293_+_79068f96553bc0d2a987b3e146256d0a,TRUE
RH.57C46CA744924B4Z0Z,A00405_539_HLLNCDSX3_4_1345_28682_26052_1_278_-_32a36b27a2694b6105308a85799f958f,TRUE
RH.57EBF0B62FE946DZ0Z,A00405_539_HLLNCDSX3_4_1608_30472_28087_1_291_-_838aa221372e95dab993a70813eb05f8,TRUE
RH.591889F759494FEZ0Z,A00405_539_HLLNCDSX3_4_1342_3215_35399_1_285_+_e1bb23a6b64a1bf83fe2d7517ee7b01c,TRUE
RH.595FCA3D7BA7416Z0Z,A00405_539_HLLNCDSX3_4_1174_30825_27320_1_248_+_3e3a691fdd2d1a0302ca8dc72407a37a,TRUE
RH.59838CF1FB684F6Z0Z,A00405_539_HLLNCDSX3_4_2637_29125_28103_1_229_-_e88a6daaef834614178faea0a51eda09,TRUE
RH.5A2F8162D7C94F6Z0Z,A00405_539_HLLNCDSX3_4_1261_21088_32878_1_287_+_5db04e15d9482abe1c1daecd4320b9a6,TRUE
RH.5B899022B714456Z0Z,A00405_539_HLLNCDSX3_4_1335_14389_7592_1_242_+_91dd9ad9f848cf3c899b965c6cceab11,TRUE
RH.5D415F04E73646CZ0Z,A00405_539_HLLNCDSX3_4_1237_11044_13855_1_293_-_2de74507908f50b4ff2c051176378295,TRUE
RH.5DA12402580148DZ0Z,A00405_539_HLLNCDSX3_4_2408_27299_9220_1_289_+_a9710907c2e5b62ce7f1155c2aa30210,TRUE
RH.5DBAADE440924D1Z0Z,A00405_539_HLLNCDSX3_4_2663_11134_15734_1_289_-_29cf65d054b9a9bc3d8350313eb006f1,TRUE
RH.5E11F1E594664EAZ0Z,A00405_539_HLLNCDSX3_4_1573_1823_32017_1_274_+_a68705201977be0c0f966742bc99e8a0,TRUE
RH.5E7680D410AF47EZ0Z,A00405_539_HLLNCDSX3_4_2248_5846_6918_1_281_-_613715f81cdb1b45823f4934aa2754bf,TRUE
RH.5F6424ABBC3C47BZ0Z,A00405_539_HLLNCDSX3_4_2562_31548_9627_1_293_+_204cc0636a899ba3f5ce647fe945e729,TRUE
RH.606B5F6208E1492Z0Z,A00405_539_HLLNCDSX3_4_2245_26033_4241_1_292_-_0ed9cdf88a8be55d7e4569da5701e7bf,TRUE
RH.6077703A136843CZ0Z,A00405_539_HLLNCDSX3_4_1517_15203_18302_1_219_-_15e403067d8425f9e8a88487082f8d08,FALSE
RH.609266AB695645AZ0Z,A00405_539_HLLNCDSX3_4_1652_15673_4867_1_279_-_cd57bad3e3e6096a68a53c61b7667201,TRUE
RH.609947B6947F457Z0Z,A00405_539_HLLNCDSX3_4_2461_3947_20603_1_294_+_8fe128bc725ad345d4357d5a9d24cdb7,TRUE
RH.610B38BED86C4FCZ0Z,A00405_539_HLLNCDSX3_4_2222_29541_31548_1_233_-_87b60a868a6b42006c1a370e82f795ab,TRUE
RH.61181F89884D47EZ0Z,A00405_539_HLLNCDSX3_4_2461_18710_22153_1_294_+_8a54e32c1e96820e2f85ce94228e9da0,TRUE
RH.6303F48D568E473Z0Z,A00405_539_HLLNCDSX3_4_2636_20862_5869_1_257_-_de0edafbfa636fba1e8a65a48611519a,TRUE
RH.63B83F05CDE5404Z0Z,A00405_539_HLLNCDSX3_4_2521_19859_1908_57_278_-_21a9fa43bebd815a3020ec639cac92ce,TRUE
RH.6403441BB3B54F9Z0Z,A00405_539_HLLNCDSX3_4_1154_22092_2957_1_260_-_631aa624976f1793d6f025c968587d2a,TRUE
RH.6408CE975B5340AZ0Z,A00405_539_HLLNCDSX3_4_1418_8196_3505_1_290_-_1bf831b7d5cca66c11b01477482cf05f,TRUE
RH.64613722763148BZ0Z,A00405_539_HLLNCDSX3_4_2273_12391_14716_1_280_+_dc9ad065389b151656592223aedc10ba,TRUE
RH.6490244771104FAZ0Z,A00405_539_HLLNCDSX3_4_1507_9299_18349_1_293_+_5fadb07a9c8f138388cef4a82544f265,TRUE
RH.64BDD915CFFA439Z0Z,A00405_539_HLLNCDSX3_4_2541_17924_4069_1_286_-_6a57c64aedae72d924f8a40afa82c828,TRUE
RH.6572108A164E48EZ0Z,A00405_539_HLLNCDSX3_4_2170_22381_8938_1_289_-_5eaf02e2ec49222f3f23b439151ed5af,TRUE
RH.65A22C27EE034ECZ0Z,A00405_539_HLLNCDSX3_4_2134_29966_23202_1_288_+_8eca8314065b3dc0fbb5fe5fed019629,TRUE
RH.65F7261D918B482Z0Z,A00405_539_HLLNCDSX3_4_2542_8648_24893_1_278_+_369f224c551c207c18a322c4ff099264,TRUE
RH.66A8191403904A0Z0Z,A00405_539_HLLNCDSX3_4_1411_6433_29700_1_292_+_cb526164462d2e5f1aa9eb9a62b8e477,TRUE
RH.66DCE758E26843FZ0Z,A00405_539_HLLNCDSX3_4_1378_5204_33802_1_240_+_ddbffe92d4e6f92d848f3b606f972961,TRUE
RH.6706FC5FE1C1408Z0Z,A00405_539_HLLNCDSX3_4_1557_10022_2628_1_288_-_585fd375ac38da0de0bfd0488b7e408b,FALSE
RH.6714930AF0C2407Z0Z,A00405_539_HLLNCDSX3_4_2507_10637_5008_1_281_+_076035544e6afae43bde0b6c7e3fad5b,FALSE
RH.6727CDD35586402Z0Z,A00405_539_HLLNCDSX3_4_1135_23339_33802_1_294_-_c4a7f40a9063887638d86a513317851a,TRUE
RH.67ADC9DA0CC4464Z0Z,A00405_539_HLLNCDSX3_4_1435_14751_32894_1_254_+_7d60da4c937e0cb7df07ef82f7b7eace,TRUE
RH.69365D9D9A4F4BFZ0Z,A00405_539_HLLNCDSX3_4_1339_27028_3709_1_294_+_1b87d41d5639876fc289327d6dfcaa2d,TRUE
RH.695584470B0A40FZ0Z,A00405_539_HLLNCDSX3_4_1532_10013_14920_1_294_+_1c33ae540e47f1559cdc03524fb241d4,TRUE
RH.69CEA0AC39F4445Z0Z,A00405_539_HLLNCDSX3_4_1402_30318_9439_1_266_-_252b574501f4a55884860c129baf3fba,FALSE
RH.6A8DC54BEE5644AZ0Z,A00405_539_HLLNCDSX3_4_1475_21847_26459_1_269_+_59503999143a081525e5eea843881820,TRUE
RH.6B65DBB6FC3146DZ0Z,A00405_539_HLLNCDSX3_4_2546_11433_14497_1_292_+_fd7b73f63d823e02f266e64ee7f54f4f,TRUE
RH.6C52B179ABE34FAZ0Z,A00405_539_HLLNCDSX3_4_2358_29035_21057_1_232_-_00a9a0d1984483908642e02517dc01f2,TRUE
RH.6CA921864485410Z0Z,A00405_539_HLLNCDSX3_4_1378_29559_4648_1_293_-_0b99eee074e20cc7666e8aebfafdd85d,TRUE
RH.6D324B1B4164459Z0Z,A00405_539_HLLNCDSX3_4_2125_28320_31532_1_265_+_2b6907e9654dfa193507240b96a92523,TRUE
RH.6DE797B0D3F544DZ0Z,A00405_539_HLLNCDSX3_4_2246_19542_23093_1_284_+_799e6302ac4e85a4bfed99e2353db265,TRUE
RH.6E1AE0460C7E46BZ0Z,A00405_539_HLLNCDSX3_4_1534_11189_22905_1_286_+_27eebcdf2aa6738d332fa81863056abe,TRUE
RH.6E9725B3116643EZ0Z,A00405_539_HLLNCDSX3_4_2520_15953_17973_1_268_+_5cd12d365b755ea6627f140221b1b378,TRUE
RH.6ED317E1F29644AZ0Z,A00405_539_HLLNCDSX3_4_2471_30120_26193_1_285_-_ab4501bdebc635f7f426fdbcfc3b8099,TRUE
RH.7065AAC04A2148EZ0Z,A00405_539_HLLNCDSX3_4_2547_19072_11412_1_292_-_43588294d6faa6a278af013c54662bc2,TRUE
RH.70F7A1FF41FE4D2Z0Z,A00405_539_HLLNCDSX3_4_1559_27670_10426_1_275_-_9603a4109f746ac04943f9bea7c36bc9,TRUE
RH.712410D526D7451Z0Z,A00405_539_HLLNCDSX3_4_2540_27389_22373_1_294_+_c6a076f1ac082b547321a99ebb1bccf5,TRUE
RH.715844B7956B4B9Z0Z,A00405_539_HLLNCDSX3_4_1355_9200_14857_1_256_+_113e7d3f6268111157e0a2f190308442,TRUE
RH.718B57159C244F7Z0Z,A00405_539_HLLNCDSX3_4_1367_14525_25708_1_259_-_8bad7767f0b033a38d41a0d8b7c5912f,TRUE
RH.71CF7C04FA43438Z0Z,A00405_539_HLLNCDSX3_4_2575_22788_24518_1_270_-_deed470e7bffe2b232f5166c368f642f,TRUE
RH.727FC58C77B2425Z0Z,A00405_539_HLLNCDSX3_4_2444_13621_20290_1_286_-_58b0f575d0dd154da462ee034d99b7d8,TRUE
RH.72B9E3F522264B3Z0Z,A00405_539_HLLNCDSX3_4_1658_3323_32988_1_263_-_dc6ba1e1e16727c625cb7c8f20bbb582,TRUE
RH.7428754DAE7C4F9Z0Z,A00405_539_HLLNCDSX3_4_1276_31819_9095_1_294_+_893ef17d94482f9fd09e332b8de4b87f,TRUE
RH.747473D9B6BA490Z0Z,A00405_539_HLLNCDSX3_4_2366_27615_18537_1_288_-_28128b5d75ce982b02c02d564ee94118,TRUE
RH.74AF0AAD4769427Z0Z,A00405_539_HLLNCDSX3_4_1605_16884_12978_1_280_-_ce450c4ccb252ebbad7bae09856c6461,TRUE
RH.755C7FBFB3A0490Z0Z,A00405_539_HLLNCDSX3_4_2259_13214_22874_1_291_-_6388fad53e1cde669660241c2eeea4f1,TRUE
RH.77300263E6F14F3Z0Z,A00405_539_HLLNCDSX3_4_2633_32687_2550_1_213_-_733d30d25972308310143a09ef0da099,TRUE
RH.775861CF08844EDZ0Z,A00405_539_HLLNCDSX3_4_2318_14344_24079_1_257_+_90245bb835871c441a4ebfbcef476e8d,TRUE
RH.7773AF531249470Z0Z,A00405_539_HLLNCDSX3_4_1319_15383_4272_1_276_+_3e73b878418b7af42537eaf85324a432,TRUE
RH.77AF146DFCE1428Z0Z,A00405_539_HLLNCDSX3_4_1353_21630_28338_1_292_+_afe7c569d22cdfedfce676d28ed88de3,TRUE
RH.787F706568934E8Z0Z,A00405_539_HLLNCDSX3_4_2629_9607_11334_1_250_-_6325ce5d4f67c36118a81b3e54d85b94,TRUE
RH.78A6FF091458407Z0Z,A00405_539_HLLNCDSX3_4_2177_2555_35196_1_257_+_2dbdf5ebc5346270964bebd1dcdab876,TRUE
RH.78B83B8D6A224B1Z0Z,A00405_539_HLLNCDSX3_4_1104_22073_24408_1_293_+_4914a7ba4a2d99ed42b81efb3a62da2b,TRUE
RH.794AFFBE5ED5465Z0Z,A00405_539_HLLNCDSX3_4_1242_20528_33536_1_266_+_717968ae8563e572f374436dc0f86518,TRUE
RH.7BE9BDD578FB4EEZ0Z,A00405_539_HLLNCDSX3_4_1207_24162_14967_1_291_+_c8f505e71d49ac611efbadbc47124fde,TRUE
RH.7C3D657FDC54468Z0Z,A00405_539_HLLNCDSX3_4_2244_26422_7075_1_291_+_0ec1dc98f40d169d89ce97f2e7cfb1f5,FALSE
RH.7C700FEAE9894B4Z0Z,A00405_539_HLLNCDSX3_4_1342_8495_31297_1_234_+_04602ad84c851871c00d767b524f8509,TRUE
RH.7CBCD85163D1474Z0Z,A00405_539_HLLNCDSX3_4_2478_30789_1642_1_226_-_273596aa7e191e9ab56d3f5da7bf96f4,TRUE
RH.7CE39E25906745AZ0Z,A00405_539_HLLNCDSX3_4_1406_19262_13119_1_287_+_7e2b216f62b2af90b0db370fe85efc1c,TRUE
RH.7D1BB2EF566B4A0Z0Z,A00405_539_HLLNCDSX3_4_1561_3631_8061_1_243_-_ae78e25bb46ac9d19c550808ce0bc5ec,TRUE
RH.7E59D32B4EDB4C3Z0Z,A00405_539_HLLNCDSX3_4_2148_6063_23672_1_280_+_0abf9ac3cbfb291d9e67903365032cf3,TRUE
RH.7E60CD021E6342BZ0Z,A00405_539_HLLNCDSX3_4_1404_21965_28980_1_216_+_a76a120c4df9c6b196549da78da29e5b,TRUE
RH.7F5150345F23437Z0Z,A00405_539_HLLNCDSX3_4_2228_5936_8516_1_224_-_0acbcd86dee3af307fc0b30cd82b6694,TRUE
RH.813D3F99B98D47EZ0Z,A00405_539_HLLNCDSX3_4_1635_25979_9377_1_266_+_a086552a856fe7f4601d977fed903f04,TRUE
RH.84CF40624DAA409Z0Z,A00405_539_HLLNCDSX3_4_1166_29170_24674_1_238_-_acdb6d61df69591a4c4ba6f685af6d1f,TRUE
RH.85A5303CAAF54ADZ0Z,A00405_539_HLLNCDSX3_4_1154_13485_33489_5_274_-_d073362756742bb4412cb50ca2f1f2c4,TRUE
RH.85A5913CFD10436Z0Z,A00405_539_HLLNCDSX3_4_2538_1307_28119_1_283_-_6c211b54f522b616aecaa09d8ce11a7e,TRUE
RH.86A7449FE4924ABZ0Z,A00405_539_HLLNCDSX3_4_1466_5746_30358_1_275_-_5fb1cf2eda9adf4e483a565d7fe7f18d,TRUE
RH.890B81E97F0542FZ0Z,A00405_539_HLLNCDSX3_4_2162_19949_15092_1_287_+_adc41d8e1708615b9e10963102923b07,TRUE
RH.8AAE7DB8FCBE477Z0Z,A00405_539_HLLNCDSX3_4_1440_4887_23797_1_276_-_20553759d80b1f5b421eaf2a44d07da5,TRUE
RH.8B25A056ABC1444Z0Z,A00405_539_HLLNCDSX3_4_2316_28330_6527_1_279_+_d0519282208358367ba6d805c3abc895,FALSE
RH.8B31C1794529442Z0Z,A00405_539_HLLNCDSX3_4_1474_21875_32550_1_264_-_bb235ad859b2a1d4440b987da7c4c917,TRUE
RH.8BDD8BEDFC3B423Z0Z,A00405_539_HLLNCDSX3_4_1131_24903_23484_1_287_-_194705b354ffd65e4ad595a5b7449a9e,TRUE
RH.8D65BECC24DD40CZ0Z,A00405_539_HLLNCDSX3_4_2422_19126_11600_1_250_+_1a77bff0e5713e7ff838a38fd4f9ebe7,TRUE
RH.8E3C6C7E5581456Z0Z,A00405_539_HLLNCDSX3_4_2334_14109_31438_1_205_-_c531d9044ec646faa772ad7e8942bc26,TRUE
RH.8F107B8442F24A3Z0Z,A00405_539_HLLNCDSX3_4_2140_30463_36620_1_268_-_efd71567aa19975e277c347d16477d1d,TRUE
RH.8F2EF03BF8184F0Z0Z,A00405_539_HLLNCDSX3_4_1419_26964_23234_1_241_+_a133c2ddbd2736f56ea97759e52a34b7,TRUE
RH.907BE43FC49F4D0Z0Z,A00405_539_HLLNCDSX3_4_1175_3360_14262_1_234_-_90b277c25a351d8118b56495f1520ab8,TRUE
RH.91032F4F1F0841CZ0Z,A00405_539_HLLNCDSX3_4_2601_18493_24095_1_292_+_7c9a2d5b96ca421d65e78471f5d0d265,TRUE
RH.9337EE035FF6443Z0Z,A00405_539_HLLNCDSX3_4_1349_24912_29637_1_228_-_e6c7d0b023cd93326a788b10f73ee4bb,TRUE
RH.943B219FE254403Z0Z,A00405_539_HLLNCDSX3_4_2151_29668_23156_1_287_-_d65cd8a7fb79dbbb36bd2e99c6d8af73,TRUE
RH.9726AFF14C0D4B3Z0Z,A00405_539_HLLNCDSX3_4_2176_13277_15969_1_228_-_fa02245ea39709aa9e38896a5193a093,TRUE
RH.9895F5D4173940DZ0Z,A00405_539_HLLNCDSX3_4_1262_28718_16407_1_293_+_76f15c30d6a785466db6b51859350606,TRUE
RH.99351027EFBF4BCZ0Z,A00405_539_HLLNCDSX3_4_1232_11614_2785_1_285_-_ca5ba650a5fa216e7d07defd0296dbe0,TRUE
RH.9A66BF27C97B4E9Z0Z,A00405_539_HLLNCDSX3_4_2166_12337_17190_1_267_+_95fc98e3a6f3e51658c32ba6fe82834e,FALSE
RH.9C200AD53EA84BCZ0Z,A00405_539_HLLNCDSX3_4_2666_21414_16939_1_285_-_5a3c85933a88508c260c0e5c4481f3d6,TRUE
RH.9C70B4C9923B4A8Z0Z,A00405_539_HLLNCDSX3_4_1611_20591_31767_1_245_+_c85069129eccf841c09642fb1373ef77,TRUE
RH.9C95B221AC5C4EAZ0Z,A00405_539_HLLNCDSX3_4_2558_18973_29778_1_227_+_ce66439ab6443a1f6792688d464bc6c0,TRUE
RH.9CE451C90696466Z0Z,A00405_539_HLLNCDSX3_4_1375_12608_23015_1_286_+_4c40774dc4fd3de664d8acc8a812a323,TRUE
RH.A09DFCFCA7DE4EDZ0Z,A00405_539_HLLNCDSX3_4_1261_27208_31798_1_264_+_1deb70e080e78db94e47ec7e0b17e1cf,TRUE
RH.A0B412AE0E724B7Z0Z,A00405_539_HLLNCDSX3_4_1361_3929_29872_1_294_+_3f019a0f701dca320bce8bbac6831e42,TRUE
RH.A0CAD38B29E24F8Z0Z,A00405_539_HLLNCDSX3_4_1234_2320_12367_1_293_+_110acef9f59b8ef92f72122480f7b94b,TRUE
RH.A12CDF2B5C80436Z0Z,A00405_539_HLLNCDSX3_4_2563_32868_30138_1_275_-_c7a2dc8142d6cf6abfecf63974bbc06d,TRUE
RH.A2C9012430E34ADZ0Z,A00405_539_HLLNCDSX3_4_1147_15890_2895_1_210_-_65794de933ee2d8b0548b89e6f037740,TRUE
RH.A35999D5E4B34E0Z0Z,A00405_539_HLLNCDSX3_4_1508_13268_23625_1_213_-_6e0e52324ed08549616e343bd06c1012,TRUE
RH.A3F4C516885D401Z0Z,A00405_539_HLLNCDSX3_4_1604_8956_15405_1_272_+_d214010f5925acc2d9e3a0b52f7c513c,TRUE
RH.A53C366ACB83471Z0Z,A00405_539_HLLNCDSX3_4_1263_14425_11287_1_236_-_76bab49a7852d4bd7e0d9b66ccad07f1,TRUE
RH.A7FBBE10E56A435Z0Z,A00405_539_HLLNCDSX3_4_1247_21866_35164_1_250_-_de4b9a1a9e7b810ef3a7bb2cddcf788c,TRUE
RH.A8C08AF39EA24A4Z0Z,A00405_539_HLLNCDSX3_4_1376_18602_22561_1_285_-_2d508a9d1be6272ecec4baf81f4c83d9,TRUE
RH.A9EEDC62F48D4DAZ0Z,A00405_539_HLLNCDSX3_4_2274_5032_1407_1_281_-_55e0198a26039baf44b805bae07c848a,FALSE
RH.AA4EBB957AD64E4Z0Z,A00405_539_HLLNCDSX3_4_2665_24496_33332_1_260_-_2308f87708818ac07645e7ebd1ea253e,TRUE
RH.AA81DC704BEC44FZ0Z,A00405_539_HLLNCDSX3_4_2114_3477_31187_1_212_+_55e567b65c159a052e04d398c7909b59,TRUE
RH.AB03371A973C4B1Z0Z,A00405_539_HLLNCDSX3_4_2338_24804_12132_1_267_-_0fbcd3da4cdce3429a6d4ec16dbf96b3,TRUE
RH.AB2BB1970395481Z0Z,A00405_539_HLLNCDSX3_4_2670_7003_17221_1_257_+_306ec0e7bc6b6def5615d50ca4a3bb77,TRUE
RH.AD2D485028694CFZ0Z,A00405_539_HLLNCDSX3_4_1201_18683_23015_4_280_-_49f7f70346315af4b0af1ff0527a3b03,TRUE
RH.AD51C83F68EC43DZ0Z,A00405_539_HLLNCDSX3_4_1446_18982_4773_1_206_+_03c1919925d5f54a37235f03699e4e1e,TRUE
RH.B051A8F7971041FZ0Z,A00405_539_HLLNCDSX3_4_1463_3269_9846_1_291_+_f4196c2aadf93f794770175fddd6572d,TRUE
RH.B12A6302B5254F5Z0Z,A00405_539_HLLNCDSX3_4_1370_16523_7999_1_293_+_c2b021e2c624f333cc58ae59d7e82d9e,TRUE
RH.B1303E3AD8ED49FZ0Z,A00405_539_HLLNCDSX3_4_1360_24686_10645_1_293_+_61bf322ccd13612e032f193f8a90b17d,TRUE
RH.B16A4AF4C0BE4F3Z0Z,A00405_539_HLLNCDSX3_4_1537_17490_2284_1_291_-_cda9a8182bd44228728492fb78c053b0,TRUE
RH.B16A6D0A95A24BEZ0Z,A00405_539_HLLNCDSX3_4_2246_4788_34679_9_290_+_40fba1bd1fb1cd37865a0adb7e801750,TRUE
RH.B2A7FEFE5F5C48AZ0Z,A00405_539_HLLNCDSX3_4_2578_3269_9533_1_268_-_677acddf5d9bfad9984983fb86eccb40,TRUE
RH.B3BF5B8B809244BZ0Z,A00405_539_HLLNCDSX3_4_1664_16523_27101_1_264_-_3645ed6f02b5ac023bae1385c93611d5,TRUE
RH.B42A994B2968466Z0Z,A00405_539_HLLNCDSX3_4_2169_2329_2080_1_211_-_103ac51d91ab4ccdacf953a0f6cc38cf,TRUE
RH.B4409383C5ED471Z0Z,A00405_539_HLLNCDSX3_4_1559_1398_10864_1_293_-_b2ba3b084e1d5e5814a47697d1c566f1,TRUE
RH.B5003D1DCFF64E4Z0Z,A00405_539_HLLNCDSX3_4_2546_12174_26115_1_229_+_09ef7372075659acdb52555bb772de50,TRUE
RH.B5A2E3C1CC8E44AZ0Z,A00405_539_HLLNCDSX3_4_1552_13096_18098_1_254_-_5182f127b2cf4a4a6a0d11e3cd53ecdb,TRUE
RH.B653F449126B4A1Z0Z,A00405_539_HLLNCDSX3_4_1646_16848_22842_1_293_-_40be1efb6b8a07e5867562f61558c701,TRUE
RH.B6C550F63D054DEZ0Z,A00405_539_HLLNCDSX3_4_1429_7518_11945_1_209_-_e2b5743d0f4cbf85eece6f991842844f,TRUE
RH.B8715239C402429Z0Z,A00405_539_HLLNCDSX3_4_1335_16676_33348_1_290_+_26f8e38943e762f3b86c1da66bb9cf7c,TRUE
RH.B88414185D514FDZ0Z,A00405_539_HLLNCDSX3_4_2262_26250_11162_1_294_+_080bff62b0f1e488b5e618c2c5e6a75a,TRUE
RH.B8C0B1BA86DE4C2Z0Z,A00405_539_HLLNCDSX3_4_1666_28962_22968_1_294_-_562c4d0952f8009446524acbf3425517,TRUE
RH.B9EF730EBE6C436Z0Z,A00405_539_HLLNCDSX3_4_2354_31494_20306_1_293_+_9fc4ba7df13b38a1122bbfdc70b1bfa7,TRUE
RH.BA6FBF5690DA414Z0Z,A00405_539_HLLNCDSX3_4_1668_20338_5368_59_279_-_88e04a66b3e3f4d2a12fa1e7eea64431,TRUE
RH.BB24C5C404164F1Z0Z,A00405_539_HLLNCDSX3_4_1336_21558_1532_1_283_-_9c65ca1efaa250c583597d0b1dd5745c,TRUE
RH.BB93C61565534C3Z0Z,A00405_539_HLLNCDSX3_4_2231_23421_22200_1_247_-_39e02a057ad34c31457c9a13557dcb10,TRUE
RH.BC5098DD1C484D4Z0Z,A00405_539_HLLNCDSX3_4_1128_17011_35149_1_231_-_69da42b4295cc020411bda89c41e69b8,TRUE
RH.BC56E600B326437Z0Z,A00405_539_HLLNCDSX3_4_2559_5222_28855_1_281_+_d018e6be0562b948d905a6ea5eb08fa3,TRUE
RH.BCDAADAE5A244DDZ0Z,A00405_539_HLLNCDSX3_4_2556_14434_27305_1_294_-_6411a2206fd0819d9132a75664035768,TRUE
RH.BE09C1F6EE4B426Z0Z,A00405_539_HLLNCDSX3_4_2426_5430_12837_1_293_+_06ebbc4d1b33e24196b3fe5cc3323fcc,TRUE
RH.BF87F0813298401Z0Z,A00405_539_HLLNCDSX3_4_1372_31557_36511_1_213_-_e073fad57df4592a154456bbecb95744,TRUE
RH.C06E6DE18FAF432Z0Z,A00405_539_HLLNCDSX3_4_2324_26006_10426_1_281_+_1a7a5faa3f51b74ca307e50dd1ee270f,TRUE
RH.C13F1AB63C89484Z0Z,A00405_539_HLLNCDSX3_4_2316_26196_34021_1_293_+_2dcf734eadab1d9cd44225685a160b26,TRUE
RH.C1ACE4B665B3474Z0Z,A00405_539_HLLNCDSX3_4_1265_9182_6433_1_290_+_a54b71228a63ecb54424843978c2e814,TRUE
RH.C22C084B95AF4DBZ0Z,A00405_539_HLLNCDSX3_4_1312_14009_26349_1_274_+_98f7d8b933a0dc78e1067ed48437844e,FALSE
RH.C2784A2F9F074BAZ0Z,A00405_539_HLLNCDSX3_4_1676_11216_26741_1_294_+_fe7da332be871a0c9211abc969e9811a,TRUE
RH.C2FBC8A97D1343AZ0Z,A00405_539_HLLNCDSX3_4_1229_26711_3098_1_250_+_15db23b30c63affb3f100aa83a9701ba,TRUE
RH.C325C496B39E492Z0Z,A00405_539_HLLNCDSX3_4_1421_17607_22717_1_293_-_49cee1825c59858909212949975df0af,TRUE
RH.C433CAC466034A5Z0Z,A00405_539_HLLNCDSX3_4_2215_29559_35556_1_293_+_ebda81bd3e7258dfca4916822eac2c93,TRUE
RH.C48BC7E0B7F94A7Z0Z,A00405_539_HLLNCDSX3_4_2419_16776_29919_1_287_-_6c29feadfe9c8d3b81aa38e20585520d,TRUE
RH.C5286B9DCF0844BZ0Z,A00405_539_HLLNCDSX3_4_2426_10230_12038_1_275_-_ee1b62d663cea8be3ca2b0dbf0cab1e2,TRUE
RH.C53F81653AE2426Z0Z,A00405_539_HLLNCDSX3_4_1370_31385_24001_1_280_-_c17355c982fb7fc9b350b23698cf0c19,TRUE
RH.C597F0BA65D4481Z0Z,A00405_539_HLLNCDSX3_4_1253_5231_9204_1_291_+_5232c331b3893acf7a55118f4673f3d0,TRUE
RH.C5A55810F4AE42CZ0Z,A00405_539_HLLNCDSX3_4_2406_14326_18505_1_247_+_e40a51a4058b1cf8a09b51e6c581629e,TRUE
RH.C6CF5B6F8D7E492Z0Z,A00405_539_HLLNCDSX3_4_1246_26422_31720_1_274_-_c3a23667727820a8695f205fdabfb1fc,TRUE
RH.C7339886A2AF4E2Z0Z,A00405_539_HLLNCDSX3_4_2311_19343_3208_1_239_-_a2f6a677ba2b71e0076e06c75697d19e,TRUE
RH.C8547CF1FC03409Z0Z,A00405_539_HLLNCDSX3_4_1109_17707_25551_1_215_+_0d9ec9844f072bfd9ec272e64fa5192d,TRUE
RH.C8E7A755EDEB485Z0Z,A00405_539_HLLNCDSX3_4_2271_30779_36824_1_260_-_991dbdf6dbaf620accaa2ff21611fa5e,TRUE
RH.CA09BC2756584CFZ0Z,A00405_539_HLLNCDSX3_4_1269_12979_24846_1_220_+_5bf56befd2ea44a362905a6c5ad254cd,TRUE
RH.CA1E204B0C0842DZ0Z,A00405_539_HLLNCDSX3_4_2602_21052_24111_1_292_-_bd1b328e4ee7029fea4cbb06536b8f36,TRUE
RH.CA38C7C3C4784CDZ0Z,A00405_539_HLLNCDSX3_4_1537_24460_28134_1_252_-_e029e96bda36b9a621665cc462e61555,TRUE
RH.CBC073037557482Z0Z,A00405_539_HLLNCDSX3_4_1159_32533_23046_1_284_-_0ee1bb8c17a1ac24a1858ff4d0ea53b9,TRUE
RH.CCB9E6DC92944CFZ0Z,A00405_539_HLLNCDSX3_4_1277_24749_5462_1_283_+_b5b6cc1ebb0f660404f97f9da8a79f2d,TRUE
RH.CD45D816FD644DBZ0Z,A00405_539_HLLNCDSX3_4_2228_27670_27680_1_274_+_9a46f7785f3ba9f4e0348445a8d72ea8,TRUE
RH.CD599890796C4EFZ0Z,A00405_539_HLLNCDSX3_4_1444_28510_24032_1_289_-_c50030f2bc82f4fe490b900999a51c41,TRUE
RH.CF953F27F5674E1Z0Z,A00405_539_HLLNCDSX3_4_2428_25979_27508_1_293_+_ea053f94656145d4f38e54ebc41708ef,TRUE
RH.CFB0E10B70B242FZ0Z,A00405_539_HLLNCDSX3_4_2649_7482_26976_1_279_-_cc083cffa2be2f8eeb1f1af7b21d1fa0,TRUE
RH.CFB366F097C448DZ0Z,A00405_539_HLLNCDSX3_4_1125_12943_28510_1_287_+_263de8c044610d9306f19d37d8b7e462,TRUE
RH.D3A8CC23711D463Z0Z,A00405_539_HLLNCDSX3_4_1514_12174_5228_1_271_-_aa8b5f7ad6b8b5146e9d8984350b194f,TRUE
RH.D47B22B5BEF544EZ0Z,A00405_539_HLLNCDSX3_4_2440_15058_9721_1_294_-_4ae55eba3026755fbc0189991e45ec7d,TRUE
RH.D509FD74926C4E6Z0Z,A00405_539_HLLNCDSX3_4_2674_21694_17487_1_272_-_eb2e6cb8b62fb67486cfdb5a866bf52e,TRUE
RH.D63E64CD17AE473Z0Z,A00405_539_HLLNCDSX3_4_1642_17192_36401_1_279_-_9e2d8f1342d7d761321b3b19882299e1,TRUE
RH.D78133F7DC3D4EBZ0Z,A00405_539_HLLNCDSX3_4_1251_11180_16783_1_287_+_cd2c138eb95d5387f4f5f0bf4d81133f,TRUE
RH.D7C024A696B6476Z0Z,A00405_539_HLLNCDSX3_4_1267_2049_3818_1_245_-_172d224f7ffc80c818cf4bc6f88ee668,TRUE
RH.D887E11DFEEF490Z0Z,A00405_539_HLLNCDSX3_4_1225_23240_20478_1_281_+_455d4dde18824799799e2d6491c0ac08,TRUE
RH.DA379666BF9E43AZ0Z,A00405_539_HLLNCDSX3_4_2470_12906_2550_1_294_-_5b0d45111b11e53b549cb70404df6d4d,TRUE
RH.DAD98D36FB004E0Z0Z,A00405_539_HLLNCDSX3_4_1657_20862_11945_1_288_+_1141d9942599212f75d7455c94093dae,TRUE
RH.DB98783D89B9417Z0Z,A00405_539_HLLNCDSX3_4_1270_8531_32236_1_291_+_32dd2f413d14170786cfdf1c63a90888,TRUE
RH.DC4B788FBB14440Z0Z,A00405_539_HLLNCDSX3_4_1434_25970_15123_1_277_-_22da4f7dd50ed0d4d5b7fedbea270f42,TRUE
RH.DDB83AFF97C94C6Z0Z,A00405_539_HLLNCDSX3_4_2214_27434_30780_1_238_-_02586f3f6cd19c432ac8d02dc5b6f139,FALSE
RH.DE543226C201437Z0Z,A00405_539_HLLNCDSX3_4_2432_21287_25300_1_243_+_ba90b251dbb9fd9fef23b6cb965a7026,TRUE
RH.DF5F79C0CC444E7Z0Z,A00405_539_HLLNCDSX3_4_2672_23032_32049_1_283_+_41d77193218e92346aecb2caf8938882,TRUE
RH.DFDFC4BAE42E446Z0Z,A00405_539_HLLNCDSX3_4_1566_3206_3286_31_285_-_9240c17fdc3d48b79bff20ccd689a43e,TRUE
RH.E020E77A21C54CBZ0Z,A00405_539_HLLNCDSX3_4_2471_16206_29935_1_258_+_f8c19e8555d3fda7e581437b4cc5595a,TRUE
RH.E04EE94198274F7Z0Z,A00405_539_HLLNCDSX3_4_2602_21052_24111_1_292_-_bd1b328e4ee7029fea4cbb06536b8f36,FALSE
RH.E1EC16E9830F4AFZ0Z,A00405_539_HLLNCDSX3_4_2668_16468_24314_1_290_+_867b1e5052df66d1926e7d76a7cc40c2,TRUE
RH.E253263309B742FZ0Z,A00405_539_HLLNCDSX3_4_1667_3577_14481_1_279_+_5c2b589f92cd328dd27be08801c4b747,TRUE
RH.E28A489CA40644BZ0Z,A00405_539_HLLNCDSX3_4_2131_18620_13135_1_293_-_475f6489d6168626d7328349979e9cd2,TRUE
RH.E33F7FBD66A243AZ0Z,A00405_539_HLLNCDSX3_4_2354_13810_9032_1_291_-_a96837a446bb759e543d9f9afa7bbb86,TRUE
RH.E3CF498AA863497Z0Z,A00405_539_HLLNCDSX3_4_1647_21802_34491_1_271_-_94b51ce8a395da7a5960ec1a47b41fb2,TRUE
RH.E3EB3EF115C245EZ0Z,A00405_539_HLLNCDSX3_4_2255_23728_34788_1_209_+_38200373269a45c3ad9fa8d9d74995d9,TRUE
RH.E47D41672D454FBZ0Z,A00405_539_HLLNCDSX3_4_1627_22444_10739_1_235_-_a7ebee715aad8283e5fab9757dafc68e,TRUE
RH.E4A8B94D0D174D9Z0Z,A00405_539_HLLNCDSX3_4_1232_3604_16877_1_292_+_dd3f30c27c4a2324e33ffbc82b3ddaa9,TRUE
RH.E4C34C29ADFB490Z0Z,A00405_539_HLLNCDSX3_4_1470_21097_32330_1_253_-_639583a420db0546ee032ce1d9ee6bc5,TRUE
RH.E50C44E6F0174B8Z0Z,A00405_539_HLLNCDSX3_4_2274_5032_1407_1_281_-_55e0198a26039baf44b805bae07c848a,TRUE
RH.E91874C901654F5Z0Z,A00405_539_HLLNCDSX3_4_1638_4915_16955_1_241_-_41911b92bdd25acad56c3abecb788e96,TRUE
RH.EC6296CB62D84DBZ0Z,A00405_539_HLLNCDSX3_4_2142_21486_30686_1_266_-_77a744a9fc5cc226c193bb7f621a2143,TRUE
RH.ECA8449AE6BC4CBZ0Z,A00405_539_HLLNCDSX3_4_1123_17562_35164_1_294_+_f21b458909f63ca91e4b430b0a23c461,TRUE
RH.EDD634332B6F407Z0Z,A00405_539_HLLNCDSX3_4_1277_20437_27273_1_290_+_5597d4fb0d10788369eac335bbb4c3b0,TRUE
RH.EEB3BF6ABAD64F2Z0Z,A00405_539_HLLNCDSX3_4_2154_1334_11287_1_233_-_c4f7139db02550e0d7f5fd1d177283cc,TRUE
RH.EF2B9D214ACE408Z0Z,A00405_539_HLLNCDSX3_4_1133_4770_12101_1_280_-_15994038c63baccf1790d5ecc5b2f798,TRUE
RH.EF8D024B973445EZ0Z,A00405_539_HLLNCDSX3_4_2119_25120_2002_1_211_-_026996a07be12ba3c672bd9bc82fe122,TRUE
RH.EFFEF4E014A748AZ0Z,A00405_539_HLLNCDSX3_4_1665_7446_17237_1_293_-_bb5f5cfe1cdb993fc1575aab23952bd5,TRUE
RH.F011785668624C1Z0Z,A00405_539_HLLNCDSX3_4_2547_6822_21010_1_266_+_0087f2e01b12cda7fbfc8fc661f5cdc2,FALSE
RH.F14C1F934B604A6Z0Z,A00405_539_HLLNCDSX3_4_1462_27995_17879_1_244_-_a1198be2bcdc1dbfcd265eb47e41af64,TRUE
RH.F28545A1CB75442Z0Z,A00405_539_HLLNCDSX3_4_1377_13006_12493_1_257_+_26ad888af1ed22cefe24ee526b157265,TRUE
RH.F2B66FCE51874C5Z0Z,A00405_539_HLLNCDSX3_4_2359_2600_19460_1_234_-_037a2b9ab2f7f575a19043c40fa71d5d,TRUE
RH.F2F19E4203944BDZ0Z,A00405_539_HLLNCDSX3_4_1456_14714_11945_1_224_+_cd35089b9266a72f35460e2e07d8ad9f,TRUE
RH.F35BF61D4B344BCZ0Z,A00405_539_HLLNCDSX3_4_2315_29695_13432_1_290_-_37027084e1c3091977a5f12f7a0a1049,TRUE
RH.F3CB70E6BDD6435Z0Z,A00405_539_HLLNCDSX3_4_1441_20509_5885_1_280_-_9e91927f424160b1a69aa25641ad4024,FALSE
RH.F4E2313A8B92492Z0Z,A00405_539_HLLNCDSX3_4_2568_31955_35697_1_276_+_c92a035b3a55ad1b2109b6fea5d56592,TRUE
RH.F537671F3A234DCZ0Z,A00405_539_HLLNCDSX3_4_2664_9001_7028_1_287_+_cd90ca76b451cebd0495c3d2ec7d1308,TRUE
RH.F6E740D7317D4C3Z0Z,A00405_539_HLLNCDSX3_4_1676_18945_19523_1_236_+_cfa1c26b5d85a294cd88b7e58b0089e0,TRUE
RH.F79D60EC69C84EFZ0Z,A00405_539_HLLNCDSX3_4_2156_27561_23641_1_239_+_e2e3228cf41475a4c9685297d3b1a562,TRUE
RH.F7E3D42951B44CCZ0Z,A00405_539_HLLNCDSX3_4_2449_6958_10974_1_293_+_c6e11f7cebce69febd594c2d3d7bf1fb,TRUE
RH.F8075AAECB0140EZ0Z,A00405_539_HLLNCDSX3_4_1616_5159_7326_1_289_+_6c1a9a1433626a3ddaf6db824795c0c6,TRUE
RH.F9166FF54B7C46CZ0Z,A00405_539_HLLNCDSX3_4_2514_13919_24001_1_236_-_1bc29bf3fd5eb62674e0ce03585bab2d,TRUE
RH.F91D2AE6F36440BZ0Z,A00405_539_HLLNCDSX3_4_2519_18945_27602_1_291_+_cb887ee3cd5b8710da00092eb6f252e6,TRUE
RH.F99FA62D61024B2Z0Z,A00405_539_HLLNCDSX3_4_1368_5204_16016_1_291_+_f2596234fffaf7ddede5e7c1a612b436,TRUE
RH.FAB1816A7FCC489Z0Z,A00405_539_HLLNCDSX3_4_2403_19054_13260_1_285_-_20437897e60b11bba20225a0aad81486,TRUE
RH.FB9325B19424480Z0Z,A00405_539_HLLNCDSX3_4_1135_23339_33802_1_294_-_c4a7f40a9063887638d86a513317851a,FALSE
RH.FC24D81FC99C4CCZ0Z,A00405_539_HLLNCDSX3_4_1426_20003_34914_1_227_+_f9fb21576086bf400c73d14ac2280e66,TRUE
RH.FC3FC8C7290A49DZ0Z,A00405_539_HLLNCDSX3_4_1333_22146_31015_1_292_+_85adc7bc6b20159095128b3110d437b5,TRUE
RH.FC6F61D0EAC847DZ0Z,A00405_539_HLLNCDSX3_4_1369_14742_17284_1_285_-_76f6764f72f87a419d55c1ce84b95096,TRUE
RH.FD1C3767153D4F6Z0Z,A00405_539_HLLNCDSX3_4_2141_26738_1485_1_271_-_3e34855d0e64153f73a2148cb788bc43,TRUE
RH.FDEF34A308684D6Z0Z,A00405_539_HLLNCDSX3_4_1178_12373_36385_1_292_-_8b8f21f75f2bd01a9ad02d01e5ec2145,TRUE
RH.FF3971CC0B8D410Z0Z,A00405_539_HLLNCDSX3_4_2570_13078_12211_1_280_-_84d6a44770b4c7ddb1eb78d2be0bb8c6,TRUE
RH.FF82DD01A9A84A3Z0Z,A00405_539_HLLNCDSX3_4_1146_14145_17597_1_266_+_bc4a20dd2a5853e2272713acef28f6fa,TRUE
RH.FF9409181391400Z0Z,A00405_539_HLLNCDSX3_4_1306_32045_26303_1_272_-_905f0bfc1614104bae85fe4f54bc50fa,TRUE
