qseqid,qlen,hit_num,accession,title,sciname,taxid,pident,align_len,evalue,bitscore
A00405_539_HLLNCDSX3_4_1133_19199_19492_1_294_-_f696211bbf33e2824c01aee2ec50bcfe,291,1,WP_004620498,MULTISPECIES: cytochrome P450 [Caulobacter],Caulobacter,75,92.78,97,5.91E-57,192.2
A00405_539_HLLNCDSX3_4_1133_19199_19492_1_294_-_f696211bbf33e2824c01aee2ec50bcfe,291,3,WP_099580669,cytochrome P450 [Caulobacter sp. FWC2],Caulobacter sp. FWC2,69664,90.72,97,2.12E-53,182.956
A00405_539_HLLNCDSX3_4_1133_19199_19492_1_294_-_f696211bbf33e2824c01aee2ec50bcfe,291,4,WP_110120888,MULTISPECIES: cytochrome P450 [unclassified Caulobacter],unclassified Caulobacter,2648921,84.54,97,1.34E-51,178.333
A00405_539_HLLNCDSX3_4_1133_19199_19492_1_294_-_f696211bbf33e2824c01aee2ec50bcfe,291,2,MFT4251556,cytochrome P450 [Caulobacter sp.],Caulobacter sp.,78,83.51,97,4.91E-54,176.407
A00405_539_HLLNCDSX3_4_1133_19199_19492_1_294_-_f696211bbf33e2824c01aee2ec50bcfe,291,7,MBO9706905,cytochrome P450 [Caulobacter sp.],Caulobacter sp.,78,81.44,97,1.02E-48,170.629
A00405_539_HLLNCDSX3_4_1144_21875_1705_1_289_-_2e38050b7207e66297542401e31b9aa3,285,2,WP_111277238,cytochrome P450 [Phenylobacterium kunshanense],Phenylobacterium kunshanense,1445034,95.79,95,2.13E-57,192.586
A00405_539_HLLNCDSX3_4_1144_21875_1705_1_289_-_2e38050b7207e66297542401e31b9aa3,285,3,MFL5296530,cytochrome P450 [Phenylobacterium sp.],Phenylobacterium sp.,1871053,94.74,95,1.26E-56,190.66
A00405_539_HLLNCDSX3_4_1144_21875_1705_1_289_-_2e38050b7207e66297542401e31b9aa3,285,5,WP_331589806,cytochrome P450 [Phenylobacterium sp.],Phenylobacterium sp.,1871053,92.63,95,7.84E-56,188.734
A00405_539_HLLNCDSX3_4_1144_21875_1705_1_289_-_2e38050b7207e66297542401e31b9aa3,285,1,MBS0331248,cytochrome P450 [Pseudomonadota bacterium],Pseudomonadota bacterium,1977087,91.58,95,8.58E-58,186.037
A00405_539_HLLNCDSX3_4_1144_21875_1705_1_289_-_2e38050b7207e66297542401e31b9aa3,285,8,MFI4951035,cytochrome P450 [Caulobacterales bacterium],Caulobacterales bacterium,2282150,91.58,95,8.05E-55,186.037
A00405_539_HLLNCDSX3_4_1147_15890_2895_1_210_-_65794de933ee2d8b0548b89e6f037740,207,1,TXI04457,MAG: cytochrome P450 [Pseudorhodobacter sp.],Pseudorhodobacter sp.,1934400,100,69,2.39E-38,141.354
A00405_539_HLLNCDSX3_4_1147_15890_2895_1_210_-_65794de933ee2d8b0548b89e6f037740,207,2,WP_238986863,cytochrome P450 [Paracoccus sp. MKU1],Paracoccus sp. MKU1,1745182,88.41,69,4.23E-32,125.176
A00405_539_HLLNCDSX3_4_1147_15890_2895_1_210_-_65794de933ee2d8b0548b89e6f037740,207,4,WP_190418103,cytochrome P450 [Pseudomonas typographi],Pseudomonas typographi,2715964,79.71,69,5.51E-30,120.553
A00405_539_HLLNCDSX3_4_1147_15890_2895_1_210_-_65794de933ee2d8b0548b89e6f037740,207,3,WP_424067828,cytochrome P450 [Paraburkholderia sp.],Paraburkholderia sp.,1926495,82.61,69,2.51E-30,120.168
A00405_539_HLLNCDSX3_4_1147_15890_2895_1_210_-_65794de933ee2d8b0548b89e6f037740,207,6,WP_143488894,cytochrome P450 [Pseudomonas mangiferae],Pseudomonas mangiferae,2593654,81.16,69,1.11E-29,119.398
A00405_539_HLLNCDSX3_4_1149_18701_36605_1_292_-_4a407c9c3375a6ad5003bdd88d91a484,291,1,WP_295529727,cytochrome P450 [Novosphingobium sp. Chol11],Novosphingobium sp. Chol11,1385763,87.63,97,4.17E-56,189.889
A00405_539_HLLNCDSX3_4_1149_18701_36605_1_292_-_4a407c9c3375a6ad5003bdd88d91a484,291,2,WP_336446923,MULTISPECIES: cytochrome P450 [unclassified Sphingopyxis],unclassified Sphingopyxis,2614943,87.63,97,7.03E-55,186.037
A00405_539_HLLNCDSX3_4_1149_18701_36605_1_292_-_4a407c9c3375a6ad5003bdd88d91a484,291,3,WP_136957709,cytochrome P450 [Novosphingobium sp. EMRT-2],Novosphingobium sp. EMRT-2,2571749,84.54,97,3.23E-54,184.496
A00405_539_HLLNCDSX3_4_1149_18701_36605_1_292_-_4a407c9c3375a6ad5003bdd88d91a484,291,4,WP_481865660,cytochrome P450 [Sphingorhabdus sp.],Sphingorhabdus sp.,1902408,82.47,97,2.30E-53,182.57
A00405_539_HLLNCDSX3_4_1149_18701_36605_1_292_-_4a407c9c3375a6ad5003bdd88d91a484,291,5,MBJ7253459,cytochrome P450 [Sphingomonadaceae bacterium],Sphingomonadaceae bacterium,1930536,82.47,97,2.41E-52,179.489
A00405_539_HLLNCDSX3_4_1154_13485_33489_5_274_-_d073362756742bb4412cb50ca2f1f2c4,264,1,WP_008060652,cytochrome P450 [Methyloversatilis universalis],Methyloversatilis universalis,378211,98.86,88,1.12E-53,182.185
A00405_539_HLLNCDSX3_4_1154_13485_33489_5_274_-_d073362756742bb4412cb50ca2f1f2c4,264,3,WP_029143622,cytochrome P450 [Methyloversatilis discipulorum],Methyloversatilis discipulorum,1119528,71.59,88,2.68E-33,129.028
A00405_539_HLLNCDSX3_4_1154_13485_33489_5_274_-_d073362756742bb4412cb50ca2f1f2c4,264,2,MFZ5456240,cytochrome P450 [Pseudomonadota bacterium],Pseudomonadota bacterium,1977087,70.45,88,3.72E-34,127.102
A00405_539_HLLNCDSX3_4_1154_13485_33489_5_274_-_d073362756742bb4412cb50ca2f1f2c4,264,5,MBU0603929,cytochrome P450 [Gammaproteobacteria bacterium],Gammaproteobacteria bacterium,1913989,61.25,80,1.59E-24,105.916
A00405_539_HLLNCDSX3_4_1154_13485_33489_5_274_-_d073362756742bb4412cb50ca2f1f2c4,264,4,HMA33409,cytochrome P450 [Chloroflexia bacterium],Chloroflexia bacterium,2448782,59.49,79,6.81E-25,100.908
A00405_539_HLLNCDSX3_4_1239_8956_26584_1_215_+_5f74270a96d85094cc3112e09a3d186a,210,1,WP_084277342,cytochrome P450 [Novosphingobium sp. B1],Novosphingobium sp. B1,1938756,100,70,2.25E-38,141.739
A00405_539_HLLNCDSX3_4_1239_8956_26584_1_215_+_5f74270a96d85094cc3112e09a3d186a,210,2,WP_371388748,MULTISPECIES: cytochrome P450 [unclassified Sphingobium],unclassified Sphingobium,2611147,72.86,70,1.40E-26,110.538
A00405_539_HLLNCDSX3_4_1239_8956_26584_1_215_+_5f74270a96d85094cc3112e09a3d186a,210,3,KFL46286,putative cytochrome P450 [Sphingobium sp. ba1],Sphingobium sp. ba1,1522072,74.63,67,5.92E-26,108.227
A00405_539_HLLNCDSX3_4_1239_8956_26584_1_215_+_5f74270a96d85094cc3112e09a3d186a,210,4,WP_190287357,cytochrome P450 [Novosphingobium sp. LASN5T],Novosphingobium sp. LASN5T,2491021,78.12,64,3.24E-25,107.071
A00405_539_HLLNCDSX3_4_1239_8956_26584_1_215_+_5f74270a96d85094cc3112e09a3d186a,210,5,WP_150756975,cytochrome P450 [Pseudomonas fluorescens],Pseudomonas fluorescens,294,75.76,66,2.01E-20,93.9745
A00405_539_HLLNCDSX3_4_1256_26341_12446_1_294_+_88ec1e8930915f6fd0f1d06309f6b07b,291,1,MID1952695,cytochrome P450 [Sphingomonadales bacterium],Sphingomonadales bacterium,1978525,98.97,97,1.14E-58,191.815
A00405_539_HLLNCDSX3_4_1256_26341_12446_1_294_+_88ec1e8930915f6fd0f1d06309f6b07b,291,2,WP_374614872,cytochrome P450 [Sphingorhabdus sp.],Sphingorhabdus sp.,1902408,98.97,97,5.06E-57,191.815
A00405_539_HLLNCDSX3_4_1256_26341_12446_1_294_+_88ec1e8930915f6fd0f1d06309f6b07b,291,4,MFN5632878,cytochrome P450 [Sphingomonadales bacterium],Sphingomonadales bacterium,1978525,93.81,97,2.86E-47,162.54
A00405_539_HLLNCDSX3_4_1256_26341_12446_1_294_+_88ec1e8930915f6fd0f1d06309f6b07b,291,5,MEN9393092,hypothetical protein [Pseudomonadota bacterium],Pseudomonadota bacterium,1977087,93.81,97,9.16E-47,162.54
A00405_539_HLLNCDSX3_4_1256_26341_12446_1_294_+_88ec1e8930915f6fd0f1d06309f6b07b,291,3,MEY4869394,hypothetical protein [Pseudomonadota bacterium],Pseudomonadota bacterium,1977087,93.81,97,4.10E-48,162.155
A00405_539_HLLNCDSX3_4_1334_11930_16266_1_258_+_048a394d3695a8abb0c425f7d9b7201d,255,3,WP_298603505,cytochrome P450 [uncultured Sphingorhabdus sp.],uncultured Sphingorhabdus sp.,1686106,98.82,85,1.25E-50,175.252
A00405_539_HLLNCDSX3_4_1334_11930_16266_1_258_+_048a394d3695a8abb0c425f7d9b7201d,255,1,MFM2256253,hypothetical protein [Pseudomonadota bacterium],Pseudomonadota bacterium,1977087,97.65,85,5.72E-53,172.94
A00405_539_HLLNCDSX3_4_1334_11930_16266_1_258_+_048a394d3695a8abb0c425f7d9b7201d,255,2,HEX4873668,cytochrome P450 [Sphingorhabdus sp.],Sphingorhabdus sp.,1902408,96.47,85,1.88E-51,171.014
A00405_539_HLLNCDSX3_4_1334_11930_16266_1_258_+_048a394d3695a8abb0c425f7d9b7201d,255,6,WP_422250372,cytochrome P450 [Sphingorhabdus sp.],Sphingorhabdus sp.,1902408,91.76,85,5.24E-48,168.318
A00405_539_HLLNCDSX3_4_1334_11930_16266_1_258_+_048a394d3695a8abb0c425f7d9b7201d,255,7,WP_425232019,cytochrome P450 [Sphingorhabdus sp.],Sphingorhabdus sp.,1902408,91.76,85,7.69E-48,167.933
A00405_539_HLLNCDSX3_4_1402_30318_9439_1_266_-_252b574501f4a55884860c129baf3fba,264,1,WP_293676780,cytochrome P450 [uncultured Phenylobacterium sp.],uncultured Phenylobacterium sp.,349273,87.5,88,3.50E-44,157.532
A00405_539_HLLNCDSX3_4_1402_30318_9439_1_266_-_252b574501f4a55884860c129baf3fba,264,2,WP_377371426,cytochrome P450 [Phenylobacterium ferrooxidans],Phenylobacterium ferrooxidans,2982689,86.36,88,1.75E-43,155.992
A00405_539_HLLNCDSX3_4_1402_30318_9439_1_266_-_252b574501f4a55884860c129baf3fba,264,3,WP_374344446,cytochrome P450 [Phenylobacterium sp.],Phenylobacterium sp.,1871053,82.95,88,3.65E-41,149.828
A00405_539_HLLNCDSX3_4_1402_30318_9439_1_266_-_252b574501f4a55884860c129baf3fba,264,5,MES2086790,cytochrome P450 [Pseudomonadota bacterium],Pseudomonadota bacterium,1977087,79.55,88,9.03E-41,149.058
A00405_539_HLLNCDSX3_4_1402_30318_9439_1_266_-_252b574501f4a55884860c129baf3fba,264,6,WP_331504689,cytochrome P450 [Phenylobacterium sp.],Phenylobacterium sp.,1871053,82.95,88,1.30E-40,148.288
A00405_539_HLLNCDSX3_4_1406_19262_13119_1_287_+_7e2b216f62b2af90b0db370fe85efc1c,285,1,WP_298603505,cytochrome P450 [uncultured Sphingorhabdus sp.],uncultured Sphingorhabdus sp.,1686106,97.7,87,5.64E-54,184.496
A00405_539_HLLNCDSX3_4_1406_19262_13119_1_287_+_7e2b216f62b2af90b0db370fe85efc1c,285,2,MGL5837057,cytochrome P450 [Sphingorhabdus sp.],Sphingorhabdus sp.,1902408,91.95,87,1.55E-49,172.94
A00405_539_HLLNCDSX3_4_1406_19262_13119_1_287_+_7e2b216f62b2af90b0db370fe85efc1c,285,3,MFM6852787,cytochrome P450 [Sphingopyxis sp.],Sphingopyxis sp.,1908224,90.7,86,2.80E-49,169.859
A00405_539_HLLNCDSX3_4_1406_19262_13119_1_287_+_7e2b216f62b2af90b0db370fe85efc1c,285,4,MGB5076494,cytochrome P450 [Sphingorhabdus sp.],Sphingorhabdus sp.,1902408,90.7,86,1.92E-48,168.703
A00405_539_HLLNCDSX3_4_1406_19262_13119_1_287_+_7e2b216f62b2af90b0db370fe85efc1c,285,6,WP_425232019,cytochrome P450 [Sphingorhabdus sp.],Sphingorhabdus sp.,1902408,86.21,87,1.05E-47,168.318
A00405_539_HLLNCDSX3_4_1412_10022_10770_1_291_+_16759ee50eb37c248e99815d17ac3c88,288,1,WP_115548167,cytochrome P450 [Sphingorhabdus pulchriflava],Sphingorhabdus pulchriflava,2292257,100,96,1.37E-58,195.667
A00405_539_HLLNCDSX3_4_1412_10022_10770_1_291_+_16759ee50eb37c248e99815d17ac3c88,288,2,MEW6404176,cytochrome P450 [Chloroflexota bacterium],Chloroflexota bacterium,2026724,98.89,90,6.90E-56,182.185
A00405_539_HLLNCDSX3_4_1412_10022_10770_1_291_+_16759ee50eb37c248e99815d17ac3c88,288,3,NBU84939,cytochrome P450 [Sphingomonadaceae bacterium],Sphingomonadaceae bacterium,1930536,84.38,96,4.85E-48,168.318
A00405_539_HLLNCDSX3_4_1412_10022_10770_1_291_+_16759ee50eb37c248e99815d17ac3c88,288,4,WP_264425172,MULTISPECIES: cytochrome P450 [unclassified Novosphingobium],unclassified Novosphingobium,2644732,83.16,95,1.46E-46,164.466
A00405_539_HLLNCDSX3_4_1412_10022_10770_1_291_+_16759ee50eb37c248e99815d17ac3c88,288,5,WP_072383540,cytochrome P450 [Novosphingobium sp. NDB2Meth1],Novosphingobium sp. NDB2Meth1,1892847,81.25,96,1.53E-46,164.466
A00405_539_HLLNCDSX3_4_1418_8196_3505_1_290_-_1bf831b7d5cca66c11b01477482cf05f,288,1,WP_339967613,cytochrome P450 [Novosphingobium aquae],Novosphingobium aquae,3133435,89.58,96,2.77E-53,181.8
A00405_539_HLLNCDSX3_4_1418_8196_3505_1_290_-_1bf831b7d5cca66c11b01477482cf05f,288,2,MEN9728357,hypothetical protein [Pseudomonadota bacterium],Pseudomonadota bacterium,1977087,61.63,86,3.17E-28,116.316
A00405_539_HLLNCDSX3_4_1418_8196_3505_1_290_-_1bf831b7d5cca66c11b01477482cf05f,288,3,MEC7910175,cytochrome P450 [Pseudomonadota bacterium],Pseudomonadota bacterium,1977087,56.82,88,1.89E-27,110.923
A00405_539_HLLNCDSX3_4_1418_8196_3505_1_290_-_1bf831b7d5cca66c11b01477482cf05f,288,4,MDP6181119,cytochrome P450 [SAR86 cluster bacterium],SAR86 cluster bacterium,2030880,56.82,88,2.49E-26,110.923
A00405_539_HLLNCDSX3_4_1418_8196_3505_1_290_-_1bf831b7d5cca66c11b01477482cf05f,288,5,MCH2271780,cytochrome P450 [SAR86 cluster bacterium],SAR86 cluster bacterium,2030880,56.82,88,2.70E-26,110.923
A00405_539_HLLNCDSX3_4_1434_17553_6433_1_291_+_7a051464df892a132e7368b8e9d3c73a,288,1,WP_115547866,cytochrome P450 [Sphingorhabdus pulchriflava],Sphingorhabdus pulchriflava,2292257,100,96,1.99E-61,202.216
A00405_539_HLLNCDSX3_4_1434_17553_6433_1_291_+_7a051464df892a132e7368b8e9d3c73a,288,2,WP_484375748,cytochrome P450 [Sphingorhabdus sp.],Sphingorhabdus sp.,1902408,90.62,96,3.63E-55,186.422
A00405_539_HLLNCDSX3_4_1434_17553_6433_1_291_+_7a051464df892a132e7368b8e9d3c73a,288,3,WP_298291500,cytochrome P450 [Novosphingobium sp.],Novosphingobium sp.,1874826,82.11,95,4.64E-48,167.933
A00405_539_HLLNCDSX3_4_1434_17553_6433_1_291_+_7a051464df892a132e7368b8e9d3c73a,288,4,MHK8445800,cytochrome P450 [Pseudomonadota bacterium],Pseudomonadota bacterium,1977087,77.89,95,2.04E-45,160.999
A00405_539_HLLNCDSX3_4_1434_17553_6433_1_291_+_7a051464df892a132e7368b8e9d3c73a,288,5,WP_374283858,cytochrome P450 [Novosphingobium sp.],Novosphingobium sp.,1874826,77.89,95,1.64E-44,158.688
A00405_539_HLLNCDSX3_4_1451_30409_6715_1_231_+_018312b314ec0e3d7060fd278ef283f4,228,1,WP_028710496,cytochrome P450 [Paracoccus pantotrophus],Paracoccus pantotrophus,82367,73.33,75,3.08E-29,117.857
A00405_539_HLLNCDSX3_4_1451_30409_6715_1_231_+_018312b314ec0e3d7060fd278ef283f4,228,2,MFW6076644,cytochrome P450 [Hyphomicrobiales bacterium],Hyphomicrobiales bacterium,1909294,66.67,75,1.31E-23,102.834
A00405_539_HLLNCDSX3_4_1451_30409_6715_1_231_+_018312b314ec0e3d7060fd278ef283f4,228,4,MGE0501687,cytochrome P450 [Rhizobiaceae bacterium],Rhizobiaceae bacterium,1913961,58.9,73,3.82E-21,95.9005
A00405_539_HLLNCDSX3_4_1451_30409_6715_1_231_+_018312b314ec0e3d7060fd278ef283f4,228,5,WP_061126389,cytochrome P450 [Caballeronia catudaia],Caballeronia catudaia,1777136,60.81,74,7.02E-21,95.1301
A00405_539_HLLNCDSX3_4_1451_30409_6715_1_231_+_018312b314ec0e3d7060fd278ef283f4,228,3,MFW6077769,cytochrome P450 [Hyphomicrobiales bacterium],Hyphomicrobiales bacterium,1909294,63.01,73,2.21E-21,94.3597
A00405_539_HLLNCDSX3_4_1552_13096_18098_1_254_-_5182f127b2cf4a4a6a0d11e3cd53ecdb,249,1,WP_109798736,MULTISPECIES: cytochrome P450 [Novosphingobium],Novosphingobium,165696,96.39,83,1.23E-48,169.088
A00405_539_HLLNCDSX3_4_1552_13096_18098_1_254_-_5182f127b2cf4a4a6a0d11e3cd53ecdb,249,2,WP_011906925,cytochrome P450 [Novosphingobium aromaticivorans],Novosphingobium aromaticivorans,48935,89.16,83,2.64E-44,157.918
A00405_539_HLLNCDSX3_4_1552_13096_18098_1_254_-_5182f127b2cf4a4a6a0d11e3cd53ecdb,249,3,WP_168852109,cytochrome P450 [Novosphingobium sp. ERN07],Novosphingobium sp. ERN07,2726187,87.95,83,1.31E-43,155.992
A00405_539_HLLNCDSX3_4_1552_13096_18098_1_254_-_5182f127b2cf4a4a6a0d11e3cd53ecdb,249,4,HXD03178,cytochrome P450 [Novosphingobium sp.],Novosphingobium sp.,1874826,85.37,82,2.28E-42,152.91
A00405_539_HLLNCDSX3_4_1552_13096_18098_1_254_-_5182f127b2cf4a4a6a0d11e3cd53ecdb,249,5,WP_374285160,cytochrome P450 [Novosphingobium sp.],Novosphingobium sp.,1874826,85.37,82,7.74E-42,151.369
A00405_539_HLLNCDSX3_4_1667_3577_14481_1_279_+_5c2b589f92cd328dd27be08801c4b747,276,1,WP_409762215,cytochrome P450 [Ferrovibrio sp.],Ferrovibrio sp.,1917215,96.74,92,1.31E-55,188.348
A00405_539_HLLNCDSX3_4_1667_3577_14481_1_279_+_5c2b589f92cd328dd27be08801c4b747,276,2,WP_379729808,cytochrome P450 [Ferrovibrio xuzhouensis],Ferrovibrio xuzhouensis,1576914,93.48,92,1.14E-52,180.644
A00405_539_HLLNCDSX3_4_1667_3577_14481_1_279_+_5c2b589f92cd328dd27be08801c4b747,276,3,WP_341704967,cytochrome P450 [Ferrovibrio sp.],Ferrovibrio sp.,1917215,90.22,92,1.58E-50,175.252
A00405_539_HLLNCDSX3_4_1667_3577_14481_1_279_+_5c2b589f92cd328dd27be08801c4b747,276,4,MIB6108210,cytochrome P450 [Ferrovibrio sp. GW821-FHT12B10],Ferrovibrio sp. GW821-FHT12B10,3694582,86.96,92,3.05E-49,171.014
A00405_539_HLLNCDSX3_4_1667_3577_14481_1_279_+_5c2b589f92cd328dd27be08801c4b747,276,5,WP_330887457,cytochrome P450 [Ferrovibrio sp.],Ferrovibrio sp.,1917215,87.1,93,7.21E-49,170.629
A00405_539_HLLNCDSX3_4_2108_20952_22122_1_292_+_981ebd79aebe6e1123d76ddb6bd4d3cf,291,1,WP_422060752,cytochrome P450 [Sphingopyxis sp.],Sphingopyxis sp.,1908224,97.94,97,1.57E-58,194.897
A00405_539_HLLNCDSX3_4_2108_20952_22122_1_292_+_981ebd79aebe6e1123d76ddb6bd4d3cf,291,2,MHL4154267,cytochrome P450 [Pseudomonadota bacterium],Pseudomonadota bacterium,1977087,50,96,6.45E-24,103.219
A00405_539_HLLNCDSX3_4_2108_20952_22122_1_292_+_981ebd79aebe6e1123d76ddb6bd4d3cf,291,3,WP_198058446,cytochrome P450 [Bisbaumannia pacifica],Bisbaumannia pacifica,77098,52.04,98,2.09E-23,103.219
A00405_539_HLLNCDSX3_4_2108_20952_22122_1_292_+_981ebd79aebe6e1123d76ddb6bd4d3cf,291,4,MHL4586217,cytochrome P450 [Pseudomonadota bacterium],Pseudomonadota bacterium,1977087,49.48,97,3.32E-23,102.449
A00405_539_HLLNCDSX3_4_2108_20952_22122_1_292_+_981ebd79aebe6e1123d76ddb6bd4d3cf,291,5,MFN0219698,cytochrome P450 [Hyphomicrobium sp.],Hyphomicrobium sp.,82,52.69,93,3.88E-23,102.449
A00405_539_HLLNCDSX3_4_2134_29966_23202_1_288_+_8eca8314065b3dc0fbb5fe5fed019629,285,1,MCW5906775,cytochrome P450 [Chitinophagales bacterium],Chitinophagales bacterium,2448779,71.43,91,3.94E-41,150.984
A00405_539_HLLNCDSX3_4_2134_29966_23202_1_288_+_8eca8314065b3dc0fbb5fe5fed019629,285,2,MCX6199451,cytochrome P450 [Bacteroidota bacterium],Bacteroidota bacterium,1898104,65.93,91,1.76E-39,146.362
A00405_539_HLLNCDSX3_4_2134_29966_23202_1_288_+_8eca8314065b3dc0fbb5fe5fed019629,285,3,MDB5283901,cytochrome [Bacteroidota bacterium],Bacteroidota bacterium,1898104,66.67,93,3.59E-38,142.895
A00405_539_HLLNCDSX3_4_2134_29966_23202_1_288_+_8eca8314065b3dc0fbb5fe5fed019629,285,4,MBP6732044,cytochrome P450 [Chitinophagales bacterium],Chitinophagales bacterium,2448779,63.74,91,1.15E-37,141.739
A00405_539_HLLNCDSX3_4_2134_29966_23202_1_288_+_8eca8314065b3dc0fbb5fe5fed019629,285,5,MES2619779,cytochrome P450 [Bacteroidota bacterium],Bacteroidota bacterium,1898104,67.03,91,1.95E-37,140.969
A00405_539_HLLNCDSX3_4_2142_21486_30686_1_266_-_77a744a9fc5cc226c193bb7f621a2143,261,1,MFP5433904,cytochrome P450 [Alphaproteobacteria bacterium],Alphaproteobacteria bacterium,1913988,100,82,2.25E-53,175.637
A00405_539_HLLNCDSX3_4_2142_21486_30686_1_266_-_77a744a9fc5cc226c193bb7f621a2143,261,2,WP_037523180,cytochrome P450 [Sphingobium yanoikuyae],Sphingobium yanoikuyae,13690,96.34,82,1.26E-48,169.859
A00405_539_HLLNCDSX3_4_2142_21486_30686_1_266_-_77a744a9fc5cc226c193bb7f621a2143,261,3,MHK4618450,cytochrome P450 [Pseudomonadota bacterium],Pseudomonadota bacterium,1977087,84.15,82,1.71E-41,150.984
A00405_539_HLLNCDSX3_4_2142_21486_30686_1_266_-_77a744a9fc5cc226c193bb7f621a2143,261,4,MPT46965,cytochrome P450 [Sphingobium sp.],Sphingobium sp.,1912891,82.93,82,6.14E-41,149.828
A00405_539_HLLNCDSX3_4_2142_21486_30686_1_266_-_77a744a9fc5cc226c193bb7f621a2143,261,5,WP_169574409,cytochrome P450 [Sphingobium psychrophilum],Sphingobium psychrophilum,2728834,84.15,82,1.53E-40,148.673
A00405_539_HLLNCDSX3_4_2144_25943_22498_1_291_+_b63a675850008016b91f6d9617d49ae1,288,1,MFN4097559,cytochrome P450 [Sphingomonas sp.],Sphingomonas sp.,28214,94.79,96,2.85E-49,165.622
A00405_539_HLLNCDSX3_4_2144_25943_22498_1_291_+_b63a675850008016b91f6d9617d49ae1,288,2,WP_488275682,cytochrome P450 [Sphingomonas sp.],Sphingomonas sp.,28214,93.75,96,1.02E-45,162.155
A00405_539_HLLNCDSX3_4_2144_25943_22498_1_291_+_b63a675850008016b91f6d9617d49ae1,288,3,PKP94517,MAG: cytochrome P450 [Alphaproteobacteria bacterium HGW-Alphaproteobacteria-16],Alphaproteobacteria bacterium HGW-Alphaproteobacteria-16,2013662,91.67,96,4.89E-44,157.532
A00405_539_HLLNCDSX3_4_2144_25943_22498_1_291_+_b63a675850008016b91f6d9617d49ae1,288,4,WP_264938228,cytochrome P450 [Sphingomonas caeni],Sphingomonas caeni,2984949,90.62,96,5.15E-44,157.532
A00405_539_HLLNCDSX3_4_2144_25943_22498_1_291_+_b63a675850008016b91f6d9617d49ae1,288,5,MEG3180888,cytochrome P450 [Alteristakelama amylovorans],Alteristakelama amylovorans,3096166,90.62,96,1.35E-43,156.377
A00405_539_HLLNCDSX3_4_2170_22381_8938_1_289_-_5eaf02e2ec49222f3f23b439151ed5af,285,1,WP_298603505,cytochrome P450 [uncultured Sphingorhabdus sp.],uncultured Sphingorhabdus sp.,1686106,95.79,95,2.98E-57,192.971
A00405_539_HLLNCDSX3_4_2170_22381_8938_1_289_-_5eaf02e2ec49222f3f23b439151ed5af,285,2,MGB5076494,cytochrome P450 [Sphingorhabdus sp.],Sphingorhabdus sp.,1902408,88.42,95,2.33E-52,178.718
A00405_539_HLLNCDSX3_4_2170_22381_8938_1_289_-_5eaf02e2ec49222f3f23b439151ed5af,285,4,WP_425232019,cytochrome P450 [Sphingorhabdus sp.],Sphingorhabdus sp.,1902408,84.21,95,1.86E-50,175.252
A00405_539_HLLNCDSX3_4_2170_22381_8938_1_289_-_5eaf02e2ec49222f3f23b439151ed5af,285,3,MFM6852787,cytochrome P450 [Sphingopyxis sp.],Sphingopyxis sp.,1908224,85.26,95,6.42E-51,174.096
A00405_539_HLLNCDSX3_4_2170_22381_8938_1_289_-_5eaf02e2ec49222f3f23b439151ed5af,285,7,MEE9434497,cytochrome P450 [Sphingorhabdus sp.],Sphingorhabdus sp.,1902408,77.89,95,6.49E-48,168.703
A00405_539_HLLNCDSX3_4_2176_13277_15969_1_228_-_fa02245ea39709aa9e38896a5193a093,225,3,MGE0883994,bifunctional cytochrome P450/NADPH--P450 reductase [Blastocatellales bacterium],Blastocatellales bacterium,2835631,100,75,5.75E-41,153.295
A00405_539_HLLNCDSX3_4_2176_13277_15969_1_228_-_fa02245ea39709aa9e38896a5193a093,225,1,MBL8192081,cytochrome P450 [Acidobacteriota bacterium],Acidobacteriota bacterium,1978231,98.67,75,1.38E-43,152.91
A00405_539_HLLNCDSX3_4_2176_13277_15969_1_228_-_fa02245ea39709aa9e38896a5193a093,225,4,MHS1996879,bifunctional cytochrome P450/NADPH--P450 reductase [Blastocatellia bacterium],Blastocatellia bacterium,2052146,96,75,4.08E-40,150.984
A00405_539_HLLNCDSX3_4_2176_13277_15969_1_228_-_fa02245ea39709aa9e38896a5193a093,225,6,HQR31512,cytochrome P450 [Blastocatellia bacterium],Blastocatellia bacterium,2052146,96,75,1.09E-39,149.828
A00405_539_HLLNCDSX3_4_2176_13277_15969_1_228_-_fa02245ea39709aa9e38896a5193a093,225,5,MBP6824197,cytochrome P450 [Acidobacteriota bacterium],Acidobacteriota bacterium,1978231,97.33,75,9.43E-40,149.443
A00405_539_HLLNCDSX3_4_2214_27434_30780_1_238_-_02586f3f6cd19c432ac8d02dc5b6f139,237,2,WP_298603505,cytochrome P450 [uncultured Sphingorhabdus sp.],uncultured Sphingorhabdus sp.,1686106,98.73,79,1.22E-45,162.155
A00405_539_HLLNCDSX3_4_2214_27434_30780_1_238_-_02586f3f6cd19c432ac8d02dc5b6f139,237,1,MEW6575432,cytochrome P450 [Pseudomonadota bacterium],Pseudomonadota bacterium,1977087,94.94,79,4.05E-47,158.303
A00405_539_HLLNCDSX3_4_2214_27434_30780_1_238_-_02586f3f6cd19c432ac8d02dc5b6f139,237,3,WP_425232019,cytochrome P450 [Sphingorhabdus sp.],Sphingorhabdus sp.,1902408,75.95,79,1.13E-34,133.265
A00405_539_HLLNCDSX3_4_2214_27434_30780_1_238_-_02586f3f6cd19c432ac8d02dc5b6f139,237,5,MFM6852787,cytochrome P450 [Sphingopyxis sp.],Sphingopyxis sp.,1908224,76.62,77,4.86E-34,129.798
A00405_539_HLLNCDSX3_4_2214_27434_30780_1_238_-_02586f3f6cd19c432ac8d02dc5b6f139,237,4,MGH8335705,cytochrome P450 [Gammaproteobacteria bacterium],Gammaproteobacteria bacterium,1913989,80.26,76,3.99E-34,129.413
A00405_539_HLLNCDSX3_4_2236_24614_29841_1_293_+_04ca48409a1ee33b09ee3f0431a9bece,291,1,MBP6380673,cytochrome P450 [Sphingorhabdus sp.],Sphingorhabdus sp.,1902408,98.97,97,3.07E-60,197.208
A00405_539_HLLNCDSX3_4_2236_24614_29841_1_293_+_04ca48409a1ee33b09ee3f0431a9bece,291,2,HMU21302,cytochrome P450 [Sphingorhabdus sp.],Sphingorhabdus sp.,1902408,97.94,97,8.33E-60,196.052
A00405_539_HLLNCDSX3_4_2236_24614_29841_1_293_+_04ca48409a1ee33b09ee3f0431a9bece,291,3,WP_374612263,cytochrome P450 [Sphingorhabdus sp.],Sphingorhabdus sp.,1902408,97.94,97,5.55E-58,194.126
A00405_539_HLLNCDSX3_4_2236_24614_29841_1_293_+_04ca48409a1ee33b09ee3f0431a9bece,291,4,MEQ1539699,cytochrome P450 [Sphingorhabdus sp.],Sphingorhabdus sp.,1902408,90.72,97,2.84E-53,182.185
A00405_539_HLLNCDSX3_4_2236_24614_29841_1_293_+_04ca48409a1ee33b09ee3f0431a9bece,291,5,MIH7390121,cytochrome P450 [Sphingorhabdus sp.],Sphingorhabdus sp.,1902408,84.38,96,7.93E-49,170.629
A00405_539_HLLNCDSX3_4_2316_28330_6527_1_279_+_d0519282208358367ba6d805c3abc895,276,2,WP_298603505,cytochrome P450 [uncultured Sphingorhabdus sp.],uncultured Sphingorhabdus sp.,1686106,100,92,1.75E-60,201.06
A00405_539_HLLNCDSX3_4_2316_28330_6527_1_279_+_d0519282208358367ba6d805c3abc895,276,1,MEW6575432,cytochrome P450 [Pseudomonadota bacterium],Pseudomonadota bacterium,1977087,96.74,92,1.83E-61,195.282
A00405_539_HLLNCDSX3_4_2316_28330_6527_1_279_+_d0519282208358367ba6d805c3abc895,276,3,MEY4869710,hypothetical protein [Pseudomonadota bacterium],Pseudomonadota bacterium,1977087,92.39,92,7.68E-59,186.808
A00405_539_HLLNCDSX3_4_2316_28330_6527_1_279_+_d0519282208358367ba6d805c3abc895,276,5,MGL5837057,cytochrome P450 [Sphingorhabdus sp.],Sphingorhabdus sp.,1902408,89.13,92,5.37E-54,184.496
A00405_539_HLLNCDSX3_4_2316_28330_6527_1_279_+_d0519282208358367ba6d805c3abc895,276,4,MEQ1540552,cytochrome P450 [Sphingorhabdus sp.],Sphingorhabdus sp.,1902408,86.96,92,1.04E-55,181.415
A00405_539_HLLNCDSX3_4_2354_31494_20306_1_293_+_9fc4ba7df13b38a1122bbfdc70b1bfa7,291,1,WP_298602577,"cytochrome P450, partial [uncultured Sphingorhabdus sp.]",uncultured Sphingorhabdus sp.,1686106,97.94,97,2.20E-60,197.978
A00405_539_HLLNCDSX3_4_2354_31494_20306_1_293_+_9fc4ba7df13b38a1122bbfdc70b1bfa7,291,2,WP_324336981,cytochrome P450 [Sphingorhabdus sp.],Sphingorhabdus sp.,1902408,93.81,97,1.83E-57,192.971
A00405_539_HLLNCDSX3_4_2354_31494_20306_1_293_+_9fc4ba7df13b38a1122bbfdc70b1bfa7,291,3,MBK8629099,cytochrome P450 [Sphingomonadales bacterium],Sphingomonadales bacterium,1978525,84.54,97,3.32E-50,174.096
A00405_539_HLLNCDSX3_4_2354_31494_20306_1_293_+_9fc4ba7df13b38a1122bbfdc70b1bfa7,291,4,HMT44518,cytochrome P450 [Chakrabartia sp.],Chakrabartia sp.,2676860,78.35,97,5.15E-46,163.31
A00405_539_HLLNCDSX3_4_2354_31494_20306_1_293_+_9fc4ba7df13b38a1122bbfdc70b1bfa7,291,5,WP_169945274,cytochrome P450 [Sphingomonas lacunae],Sphingomonas lacunae,2698828,69.07,97,3.23E-37,140.584
A00405_539_HLLNCDSX3_4_2375_18032_36793_1_294_+_5a260901400c54ea43f4ad67a663e52d,291,1,CCO96852,"cytochrome P450 CYP153 alkane hydroxylase, partial [uncultured bacterium]",uncultured bacterium,77133,98.97,97,6.12E-51,170.629
A00405_539_HLLNCDSX3_4_2375_18032_36793_1_294_+_5a260901400c54ea43f4ad67a663e52d,291,3,WP_293365598,cytochrome P450 [Phenylobacterium sp.],Phenylobacterium sp.,1871053,93.81,97,5.36E-45,160.614
A00405_539_HLLNCDSX3_4_2375_18032_36793_1_294_+_5a260901400c54ea43f4ad67a663e52d,291,2,WP_304807592,"cytochrome P450, partial [Phenylobacterium sp.]",Phenylobacterium sp.,1871053,91.75,97,5.11E-46,157.532
A00405_539_HLLNCDSX3_4_2375_18032_36793_1_294_+_5a260901400c54ea43f4ad67a663e52d,291,5,WP_254834104,cytochrome P450 [Phenylobacterium sp. LH3H17],Phenylobacterium sp. LH3H17,2903901,86.6,97,1.44E-42,154.066
A00405_539_HLLNCDSX3_4_2375_18032_36793_1_294_+_5a260901400c54ea43f4ad67a663e52d,291,8,WP_421936088,cytochrome P450 [Phenylobacterium sp.],Phenylobacterium sp.,1871053,87.63,97,4.02E-42,152.91
A00405_539_HLLNCDSX3_4_2413_23728_18349_1_294_+_5c8cf276bfb8a016a1079c51251bc7d6,291,6,WP_374614872,cytochrome P450 [Sphingorhabdus sp.],Sphingorhabdus sp.,1902408,89.16,83,3.41E-48,169.088
A00405_539_HLLNCDSX3_4_2413_23728_18349_1_294_+_5c8cf276bfb8a016a1079c51251bc7d6,291,2,MID1952695,cytochrome P450 [Sphingomonadales bacterium],Sphingomonadales bacterium,1978525,91.57,83,2.32E-49,167.933
A00405_539_HLLNCDSX3_4_2413_23728_18349_1_294_+_5c8cf276bfb8a016a1079c51251bc7d6,291,8,MEN9393092,hypothetical protein [Pseudomonadota bacterium],Pseudomonadota bacterium,1977087,91.57,83,5.57E-48,165.622
A00405_539_HLLNCDSX3_4_2413_23728_18349_1_294_+_5c8cf276bfb8a016a1079c51251bc7d6,291,1,MBK7161286,cytochrome P450 [Sphingomonadales bacterium],Sphingomonadales bacterium,1978525,93.98,83,8.51E-51,165.236
A00405_539_HLLNCDSX3_4_2413_23728_18349_1_294_+_5c8cf276bfb8a016a1079c51251bc7d6,291,5,MFN5632878,cytochrome P450 [Sphingomonadales bacterium],Sphingomonadales bacterium,1978525,91.57,83,3.37E-48,164.851
A00405_539_HLLNCDSX3_4_2428_25979_27508_1_293_+_ea053f94656145d4f38e54ebc41708ef,291,1,WP_374613945,cytochrome P450 [Sphingorhabdus sp.],Sphingorhabdus sp.,1902408,100,97,8.49E-52,177.948
A00405_539_HLLNCDSX3_4_2428_25979_27508_1_293_+_ea053f94656145d4f38e54ebc41708ef,291,2,WP_305701778,cytochrome P450 [Novosphingobium sp.],Novosphingobium sp.,1874826,92.78,97,3.13E-47,164.466
A00405_539_HLLNCDSX3_4_2428_25979_27508_1_293_+_ea053f94656145d4f38e54ebc41708ef,291,3,MHO1873830,cytochrome P450 [Pseudomonadota bacterium],Pseudomonadota bacterium,1977087,91.75,97,4.09E-47,161.77
A00405_539_HLLNCDSX3_4_2428_25979_27508_1_293_+_ea053f94656145d4f38e54ebc41708ef,291,7,WP_455694725,cytochrome P450 [Tsuneonella sp. HG249],Tsuneonella sp. HG249,3473457,83.51,97,1.00E-41,152.14
A00405_539_HLLNCDSX3_4_2428_25979_27508_1_293_+_ea053f94656145d4f38e54ebc41708ef,291,5,HCE24340,cytochrome P450 [Hyphomonas sp.],Hyphomonas sp.,87,84.54,97,6.73E-42,150.984
A00405_539_HLLNCDSX3_4_2428_6090_14794_1_294_-_80eeeb5dde92ef47ef076603c990b2f7,291,1,WP_298602577,"cytochrome P450, partial [uncultured Sphingorhabdus sp.]",uncultured Sphingorhabdus sp.,1686106,97.94,97,7.22E-63,204.142
A00405_539_HLLNCDSX3_4_2428_6090_14794_1_294_-_80eeeb5dde92ef47ef076603c990b2f7,291,2,WP_324336981,cytochrome P450 [Sphingorhabdus sp.],Sphingorhabdus sp.,1902408,98.96,96,1.33E-61,203.756
A00405_539_HLLNCDSX3_4_2428_6090_14794_1_294_-_80eeeb5dde92ef47ef076603c990b2f7,291,3,MBK8629099,cytochrome P450 [Sphingomonadales bacterium],Sphingomonadales bacterium,1978525,94.79,96,1.81E-59,197.978
A00405_539_HLLNCDSX3_4_2428_6090_14794_1_294_-_80eeeb5dde92ef47ef076603c990b2f7,291,4,HMT44518,cytochrome P450 [Chakrabartia sp.],Chakrabartia sp.,2676860,89.58,96,3.98E-56,189.504
A00405_539_HLLNCDSX3_4_2428_6090_14794_1_294_-_80eeeb5dde92ef47ef076603c990b2f7,291,5,WP_169945274,cytochrome P450 [Sphingomonas lacunae],Sphingomonas lacunae,2698828,89.58,96,4.10E-53,181.8
A00405_539_HLLNCDSX3_4_2432_21287_25300_1_243_+_ba90b251dbb9fd9fef23b6cb965a7026,240,1,WP_324336981,cytochrome P450 [Sphingorhabdus sp.],Sphingorhabdus sp.,1902408,97.5,80,2.80E-49,171.014
A00405_539_HLLNCDSX3_4_2432_21287_25300_1_243_+_ba90b251dbb9fd9fef23b6cb965a7026,240,2,WP_298602577,"cytochrome P450, partial [uncultured Sphingorhabdus sp.]",uncultured Sphingorhabdus sp.,1686106,96.25,80,3.77E-49,168.318
A00405_539_HLLNCDSX3_4_2432_21287_25300_1_243_+_ba90b251dbb9fd9fef23b6cb965a7026,240,3,MBK8629099,cytochrome P450 [Sphingomonadales bacterium],Sphingomonadales bacterium,1978525,92.5,80,4.10E-46,162.54
A00405_539_HLLNCDSX3_4_2432_21287_25300_1_243_+_ba90b251dbb9fd9fef23b6cb965a7026,240,4,HMT44518,cytochrome P450 [Chakrabartia sp.],Chakrabartia sp.,2676860,85,80,4.83E-44,157.147
A00405_539_HLLNCDSX3_4_2432_21287_25300_1_243_+_ba90b251dbb9fd9fef23b6cb965a7026,240,5,WP_169945274,cytochrome P450 [Sphingomonas lacunae],Sphingomonas lacunae,2698828,86.25,80,5.51E-42,152.14
A00405_539_HLLNCDSX3_4_2434_5791_26678_1_293_+_4935421d650b2f8704a06e4772a37ebd,291,1,WP_271067205,cytochrome P450 [Caulobacter sp. NIBR1757],Caulobacter sp. NIBR1757,3016000,92.78,97,1.36E-56,190.66
A00405_539_HLLNCDSX3_4_2434_5791_26678_1_293_+_4935421d650b2f8704a06e4772a37ebd,291,2,RYF95249,"MAG: cytochrome P450, partial [Caulobacteraceae bacterium]",Caulobacteraceae bacterium,1978230,89.69,97,4.89E-55,182.57
A00405_539_HLLNCDSX3_4_2434_5791_26678_1_293_+_4935421d650b2f8704a06e4772a37ebd,291,3,MDQ0464898,cytochrome P450 [Caulobacter ginsengisoli],Caulobacter ginsengisoli,400775,82.47,97,1.17E-47,167.548
A00405_539_HLLNCDSX3_4_2434_5791_26678_1_293_+_4935421d650b2f8704a06e4772a37ebd,291,4,HYE46942,cytochrome P450 [Caulobacter sp.],Caulobacter sp.,78,80.41,97,3.95E-46,163.696
A00405_539_HLLNCDSX3_4_2434_5791_26678_1_293_+_4935421d650b2f8704a06e4772a37ebd,291,5,WP_099620219,cytochrome P450 [Caulobacter mirabilis],Caulobacter mirabilis,69666,79.38,97,1.01E-45,162.54
A00405_539_HLLNCDSX3_4_2536_7952_30984_1_279_+_0477fcf26c74fdea1d47fdaf9816091b,276,1,WP_374467089,cytochrome P450 [Ferrovibrio sp.],Ferrovibrio sp.,1917215,100,92,1.02E-55,187.578
A00405_539_HLLNCDSX3_4_2536_7952_30984_1_279_+_0477fcf26c74fdea1d47fdaf9816091b,276,2,WP_409764571,cytochrome P450 [Ferrovibrio sp.],Ferrovibrio sp.,1917215,86.96,92,2.68E-48,168.318
A00405_539_HLLNCDSX3_4_2536_7952_30984_1_279_+_0477fcf26c74fdea1d47fdaf9816091b,276,3,WP_324221647,cytochrome P450 [Ferrovibrio sp.],Ferrovibrio sp.,1917215,76.67,90,1.87E-38,142.895
A00405_539_HLLNCDSX3_4_2536_7952_30984_1_279_+_0477fcf26c74fdea1d47fdaf9816091b,276,4,WP_341909303,cytochrome P450 [Ferrovibrio terrae],Ferrovibrio terrae,2594003,71.74,92,5.56E-34,130.954
A00405_539_HLLNCDSX3_4_2536_7952_30984_1_279_+_0477fcf26c74fdea1d47fdaf9816091b,276,5,WP_297683736,cytochrome P450 [Ferrovibrio sp.],Ferrovibrio sp.,1917215,70.65,92,5.62E-34,130.954
A00405_539_HLLNCDSX3_4_2551_12111_17769_1_219_+_098c6c33e8818da39a9487e619435839,216,1,WP_374467089,cytochrome P450 [Ferrovibrio sp.],Ferrovibrio sp.,1917215,92.54,67,5.14E-33,127.487
A00405_539_HLLNCDSX3_4_2551_12111_17769_1_219_+_098c6c33e8818da39a9487e619435839,216,2,WP_409764571,cytochrome P450 [Ferrovibrio sp.],Ferrovibrio sp.,1917215,85.07,67,1.49E-30,120.939
A00405_539_HLLNCDSX3_4_2551_12111_17769_1_219_+_098c6c33e8818da39a9487e619435839,216,3,WP_297683736,cytochrome P450 [Ferrovibrio sp.],Ferrovibrio sp.,1917215,87.3,63,6.03E-28,114.005
A00405_539_HLLNCDSX3_4_2551_12111_17769_1_219_+_098c6c33e8818da39a9487e619435839,216,4,WP_341909303,cytochrome P450 [Ferrovibrio terrae],Ferrovibrio terrae,2594003,84.13,63,7.59E-27,111.309
A00405_539_HLLNCDSX3_4_2551_12111_17769_1_219_+_098c6c33e8818da39a9487e619435839,216,5,WP_324221647,cytochrome P450 [Ferrovibrio sp.],Ferrovibrio sp.,1917215,76.67,60,2.32E-23,102.064
A00405_539_HLLNCDSX3_4_2562_31548_9627_1_293_+_204cc0636a899ba3f5ce647fe945e729,291,1,MBX7054029,cytochrome P450 [Pyrinomonadaceae bacterium],Pyrinomonadaceae bacterium,2283092,75.27,93,9.33E-42,152.525
A00405_539_HLLNCDSX3_4_2562_31548_9627_1_293_+_204cc0636a899ba3f5ce647fe945e729,291,2,MEP6944560,cytochrome P450 [Acidobacteriota bacterium],Acidobacteriota bacterium,1978231,76.92,91,1.09E-41,152.525
A00405_539_HLLNCDSX3_4_2562_31548_9627_1_293_+_204cc0636a899ba3f5ce647fe945e729,291,3,MBK6723952,cytochrome P450 [Acidobacteriota bacterium],Acidobacteriota bacterium,1978231,74.73,91,4.20E-41,150.984
A00405_539_HLLNCDSX3_4_2562_31548_9627_1_293_+_204cc0636a899ba3f5ce647fe945e729,291,5,MEQ1641944,cytochrome P450 [Pyrinomonadaceae bacterium],Pyrinomonadaceae bacterium,2283092,62.62,107,1.36E-35,136.732
A00405_539_HLLNCDSX3_4_2562_31548_9627_1_293_+_204cc0636a899ba3f5ce647fe945e729,291,4,MBP9110652,cytochrome P450 [Pyrinomonadaceae bacterium],Pyrinomonadaceae bacterium,2283092,75,80,4.22E-38,135.576
A00405_539_HLLNCDSX3_4_2576_29315_15749_1_293_+_81ef8281ba5891ff7b36aceec603003c,291,1,WP_115547792,cytochrome P450 [Sphingorhabdus pulchriflava],Sphingorhabdus pulchriflava,2292257,98.97,97,2.54E-59,197.208
A00405_539_HLLNCDSX3_4_2576_29315_15749_1_293_+_81ef8281ba5891ff7b36aceec603003c,291,3,MDL2352242,cytochrome P450 [Pseudomonadota bacterium],Pseudomonadota bacterium,1977087,88.66,97,1.26E-54,184.882
A00405_539_HLLNCDSX3_4_2576_29315_15749_1_293_+_81ef8281ba5891ff7b36aceec603003c,291,4,MHK8446865,cytochrome P450 [Pseudomonadota bacterium],Pseudomonadota bacterium,1977087,89.69,97,1.54E-54,184.882
A00405_539_HLLNCDSX3_4_2576_29315_15749_1_293_+_81ef8281ba5891ff7b36aceec603003c,291,5,MHS5161883,cytochrome P450 [Novosphingobium sp.],Novosphingobium sp.,1874826,89.69,97,2.97E-54,184.111
A00405_539_HLLNCDSX3_4_2576_29315_15749_1_293_+_81ef8281ba5891ff7b36aceec603003c,291,6,MHS2659944,cytochrome P450 [Novosphingobium sp.],Novosphingobium sp.,1874826,89.69,97,3.52E-54,184.111
A00405_539_HLLNCDSX3_4_2602_21052_24111_1_292_-_bd1b328e4ee7029fea4cbb06536b8f36,288,1,WP_298602577,"cytochrome P450, partial [uncultured Sphingorhabdus sp.]",uncultured Sphingorhabdus sp.,1686106,98.77,81,1.79E-50,172.555
A00405_539_HLLNCDSX3_4_2602_21052_24111_1_292_-_bd1b328e4ee7029fea4cbb06536b8f36,288,2,HMT44518,cytochrome P450 [Chakrabartia sp.],Chakrabartia sp.,2676860,95.06,81,1.76E-47,167.162
A00405_539_HLLNCDSX3_4_2602_21052_24111_1_292_-_bd1b328e4ee7029fea4cbb06536b8f36,288,3,WP_324336981,cytochrome P450 [Sphingorhabdus sp.],Sphingorhabdus sp.,1902408,96.3,81,3.15E-47,166.392
A00405_539_HLLNCDSX3_4_2602_21052_24111_1_292_-_bd1b328e4ee7029fea4cbb06536b8f36,288,4,WP_374527600,cytochrome P450 [Novosphingobium sp.],Novosphingobium sp.,1874826,91.36,81,2.74E-46,164.081
A00405_539_HLLNCDSX3_4_2602_21052_24111_1_292_-_bd1b328e4ee7029fea4cbb06536b8f36,288,5,MBK8629099,cytochrome P450 [Sphingomonadales bacterium],Sphingomonadales bacterium,1978525,91.36,81,6.66E-46,162.925
