label,group,order
A00405_539_HLLNCDSX3_4_2214_27434_30780_1_238_-_02586f3f6cd19c432ac8d02dc5b6f139,Identified target,Sphingomonadales
A00405_539_HLLNCDSX3_4_1334_11930_16266_1_258_+_048a394d3695a8abb0c425f7d9b7201d,Identified target,Sphingomonadales
A00405_539_HLLNCDSX3_4_2236_24614_29841_1_293_+_04ca48409a1ee33b09ee3f0431a9bece,Identified target,Sphingomonadales
A00405_539_HLLNCDSX3_4_1412_10022_10770_1_291_+_16759ee50eb37c248e99815d17ac3c88,Identified target,Sphingomonadales
A00405_539_HLLNCDSX3_4_1402_30318_9439_1_266_-_252b574501f4a55884860c129baf3fba,Identified target,Caulobacterales
A00405_539_HLLNCDSX3_4_2375_18032_36793_1_294_+_5a260901400c54ea43f4ad67a663e52d,Identified target,""
A00405_539_HLLNCDSX3_4_2413_23728_18349_1_294_+_5c8cf276bfb8a016a1079c51251bc7d6,Identified target,Sphingomonadales
A00405_539_HLLNCDSX3_4_2170_22381_8938_1_289_-_5eaf02e2ec49222f3f23b439151ed5af,Identified target,Sphingomonadales
A00405_539_HLLNCDSX3_4_1434_17553_6433_1_291_+_7a051464df892a132e7368b8e9d3c73a,Identified target,Sphingomonadales
A00405_539_HLLNCDSX3_4_1406_19262_13119_1_287_+_7e2b216f62b2af90b0db370fe85efc1c,Identified target,Sphingomonadales
A00405_539_HLLNCDSX3_4_2428_6090_14794_1_294_-_80eeeb5dde92ef47ef076603c990b2f7,Identified target,Sphingomonadales
A00405_539_HLLNCDSX3_4_2576_29315_15749_1_293_+_81ef8281ba5891ff7b36aceec603003c,Identified target,Sphingomonadales
A00405_539_HLLNCDSX3_4_1256_26341_12446_1_294_+_88ec1e8930915f6fd0f1d06309f6b07b,Identified target,Sphingomonadales
A00405_539_HLLNCDSX3_4_2354_31494_20306_1_293_+_9fc4ba7df13b38a1122bbfdc70b1bfa7,Identified target,Sphingomonadales
A00405_539_HLLNCDSX3_4_2602_21052_24111_1_292_-_bd1b328e4ee7029fea4cbb06536b8f36,Identified target,Sphingomonadales
A00405_539_HLLNCDSX3_4_2316_28330_6527_1_279_+_d0519282208358367ba6d805c3abc895,Identified target,Sphingomonadales
A00405_539_HLLNCDSX3_4_1154_13485_33489_5_274_-_d073362756742bb4412cb50ca2f1f2c4,Identified target,Nitrosomonadales
A00405_539_HLLNCDSX3_4_2428_25979_27508_1_293_+_ea053f94656145d4f38e54ebc41708ef,Identified target,Sphingomonadales
A00405_539_HLLNCDSX3_4_1451_30409_6715_1_231_+_018312b314ec0e3d7060fd278ef283f4,Identified target,Rhodobacterales
A00405_539_HLLNCDSX3_4_2536_7952_30984_1_279_+_0477fcf26c74fdea1d47fdaf9816091b,Identified target,Rhodospirillales
A00405_539_HLLNCDSX3_4_2551_12111_17769_1_219_+_098c6c33e8818da39a9487e619435839,Identified target,Rhodospirillales
A00405_539_HLLNCDSX3_4_1418_8196_3505_1_290_-_1bf831b7d5cca66c11b01477482cf05f,Identified target,Sphingomonadales
A00405_539_HLLNCDSX3_4_2562_31548_9627_1_293_+_204cc0636a899ba3f5ce647fe945e729,Identified target,Blastocatellales
A00405_539_HLLNCDSX3_4_1144_21875_1705_1_289_-_2e38050b7207e66297542401e31b9aa3,Identified target,Caulobacterales
A00405_539_HLLNCDSX3_4_2434_5791_26678_1_293_+_4935421d650b2f8704a06e4772a37ebd,Identified target,Caulobacterales
A00405_539_HLLNCDSX3_4_1149_18701_36605_1_292_-_4a407c9c3375a6ad5003bdd88d91a484,Identified target,Sphingomonadales
A00405_539_HLLNCDSX3_4_1552_13096_18098_1_254_-_5182f127b2cf4a4a6a0d11e3cd53ecdb,Identified target,Sphingomonadales
A00405_539_HLLNCDSX3_4_1667_3577_14481_1_279_+_5c2b589f92cd328dd27be08801c4b747,Identified target,Rhodospirillales
A00405_539_HLLNCDSX3_4_1239_8956_26584_1_215_+_5f74270a96d85094cc3112e09a3d186a,Identified target,Sphingomonadales
A00405_539_HLLNCDSX3_4_1147_15890_2895_1_210_-_65794de933ee2d8b0548b89e6f037740,Identified target,Rhodobacterales
A00405_539_HLLNCDSX3_4_2142_21486_30686_1_266_-_77a744a9fc5cc226c193bb7f621a2143,Identified target,""
A00405_539_HLLNCDSX3_4_2134_29966_23202_1_288_+_8eca8314065b3dc0fbb5fe5fed019629,Identified target,Chitinophagales
A00405_539_HLLNCDSX3_4_2108_20952_22122_1_292_+_981ebd79aebe6e1123d76ddb6bd4d3cf,Identified target,Sphingomonadales
A00405_539_HLLNCDSX3_4_2144_25943_22498_1_291_+_b63a675850008016b91f6d9617d49ae1,Identified target,Sphingomonadales
A00405_539_HLLNCDSX3_4_2432_21287_25300_1_243_+_ba90b251dbb9fd9fef23b6cb965a7026,Identified target,Sphingomonadales
A00405_539_HLLNCDSX3_4_1133_19199_19492_1_294_-_f696211bbf33e2824c01aee2ec50bcfe,Identified target,Caulobacterales
A00405_539_HLLNCDSX3_4_2176_13277_15969_1_228_-_fa02245ea39709aa9e38896a5193a093,Identified target,Blastocatellales
M03520_605_000000000-LVNKY_1_1101_19085_12115,Unresolved chimera,
M03520_605_000000000-LVNKY_1_1101_19243_8951,Unresolved chimera,
M03520_605_000000000-LVNKY_1_1101_20740_4669,Unresolved chimera,
M03520_605_000000000-LVNKY_1_1101_22592_5346,Unresolved chimera,
M03520_605_000000000-LVNKY_1_1101_25010_23879,Unresolved chimera,
M03520_605_000000000-LVNKY_1_1101_6992_22058,Unresolved chimera,
M03520_605_000000000-LVNKY_1_1102_12716_24787,Unresolved chimera,
M03520_605_000000000-LVNKY_1_1102_18246_16368,Unresolved chimera,
M03520_605_000000000-LVNKY_1_1102_20083_9794,Unresolved chimera,
M03520_605_000000000-LVNKY_1_1102_20815_14016,Unresolved chimera,
M03520_605_000000000-LVNKY_1_1102_25861_13276,Unresolved chimera,
M03520_605_000000000-LVNKY_1_1102_4529_13769,Unresolved chimera,
M03520_605_000000000-LVNKY_1_1102_9856_6788,Unresolved chimera,
M03520_605_000000000-LVNKY_1_1103_14425_5713,Unresolved chimera,
M03520_605_000000000-LVNKY_1_1103_23201_19656,Unresolved chimera,
M03520_605_000000000-LVNKY_1_1104_16984_24718,Unresolved chimera,
M03520_605_000000000-LVNKY_1_1104_24606_20194,Unresolved chimera,
M03520_605_000000000-LVNKY_1_1104_24626_17866,Unresolved chimera,
M03520_605_000000000-LVNKY_1_1105_14254_11514,Unresolved chimera,
M03520_605_000000000-LVNKY_1_1105_19658_7070,Unresolved chimera,
M03520_605_000000000-LVNKY_1_1105_19789_26235,Unresolved chimera,
M03520_605_000000000-LVNKY_1_1105_6026_19138,Unresolved chimera,
M03520_605_000000000-LVNKY_1_1105_9301_7785,Unresolved chimera,
M03520_605_000000000-LVNKY_1_1105_9931_3694,Unresolved chimera,
M03520_605_000000000-LVNKY_1_1106_14542_5169,Unresolved chimera,
M03520_605_000000000-LVNKY_1_1106_17202_18355,Unresolved chimera,
M03520_605_000000000-LVNKY_1_1106_2259_12316,Unresolved chimera,
M03520_605_000000000-LVNKY_1_1109_12470_12384,Unresolved chimera,
M03520_605_000000000-LVNKY_1_1109_21749_6956,Unresolved chimera,
M03520_605_000000000-LVNKY_1_1110_14996_16831,Unresolved chimera,
M03520_605_000000000-LVNKY_1_1110_20293_6074,Unresolved chimera,
M03520_605_000000000-LVNKY_1_1110_26618_23734,Unresolved chimera,
M03520_605_000000000-LVNKY_1_1110_6112_19827,Unresolved chimera,
M03520_605_000000000-LVNKY_1_1110_7569_15262,Unresolved chimera,
M03520_605_000000000-LVNKY_1_1111_14295_4957,Unresolved chimera,
M03520_605_000000000-LVNKY_1_1111_17434_6715,Unresolved chimera,
M03520_605_000000000-LVNKY_1_1111_19666_15875,Unresolved chimera,
M03520_605_000000000-LVNKY_1_1111_21480_18739,Unresolved chimera,
M03520_605_000000000-LVNKY_1_1111_26790_8619,Unresolved chimera,
M03520_605_000000000-LVNKY_1_1111_27173_16106,Unresolved chimera,
M03520_605_000000000-LVNKY_1_1112_22166_10512,Unresolved chimera,
M03520_605_000000000-LVNKY_1_1112_6336_5417,Unresolved chimera,
M03520_605_000000000-LVNKY_1_1113_11011_6941,Unresolved chimera,
M03520_605_000000000-LVNKY_1_1113_15335_15360,Unresolved chimera,
M03520_605_000000000-LVNKY_1_1113_26183_19261,Unresolved chimera,
M03520_605_000000000-LVNKY_1_1114_15295_21560,Unresolved chimera,
M03520_605_000000000-LVNKY_1_1114_27267_16066,Unresolved chimera,
M03520_605_000000000-LVNKY_1_1114_28048_19972,Unresolved chimera,
M03520_605_000000000-LVNKY_1_1114_8121_15940,Unresolved chimera,
M03520_605_000000000-LVNKY_1_2101_2388_18658,Unresolved chimera,
M03520_605_000000000-LVNKY_1_2101_9313_19006,Unresolved chimera,
M03520_605_000000000-LVNKY_1_2102_11679_26350,Unresolved chimera,
M03520_605_000000000-LVNKY_1_2102_15584_12208,Unresolved chimera,
M03520_605_000000000-LVNKY_1_2102_20058_6159,Unresolved chimera,
M03520_605_000000000-LVNKY_1_2103_9652_9247,Unresolved chimera,
M03520_605_000000000-LVNKY_1_2104_10056_17691,Unresolved chimera,
M03520_605_000000000-LVNKY_1_2104_11536_16364,Unresolved chimera,
M03520_605_000000000-LVNKY_1_2104_17945_23355,Unresolved chimera,
M03520_605_000000000-LVNKY_1_2104_21832_7005,Unresolved chimera,
M03520_605_000000000-LVNKY_1_2104_9766_8017,Unresolved chimera,
M03520_605_000000000-LVNKY_1_2105_20761_10836,Unresolved chimera,
M03520_605_000000000-LVNKY_1_2106_14934_24756,Unresolved chimera,
M03520_605_000000000-LVNKY_1_2106_19640_6668,Unresolved chimera,
M03520_605_000000000-LVNKY_1_2106_9535_22382,Unresolved chimera,
M03520_605_000000000-LVNKY_1_2107_11925_13504,Unresolved chimera,
M03520_605_000000000-LVNKY_1_2107_20795_11651,Unresolved chimera,
M03520_605_000000000-LVNKY_1_2107_25646_9426,Unresolved chimera,
M03520_605_000000000-LVNKY_1_2108_22748_14220,Unresolved chimera,
M03520_605_000000000-LVNKY_1_2108_24911_20038,Unresolved chimera,
M03520_605_000000000-LVNKY_1_2108_2724_18450,Unresolved chimera,
M03520_605_000000000-LVNKY_1_2109_13244_13547,Unresolved chimera,
M03520_605_000000000-LVNKY_1_2109_24477_10373,Unresolved chimera,
M03520_605_000000000-LVNKY_1_2110_15211_14610,Unresolved chimera,
M03520_605_000000000-LVNKY_1_2110_22030_14600,Unresolved chimera,
M03520_605_000000000-LVNKY_1_2110_23470_5972,Unresolved chimera,
M03520_605_000000000-LVNKY_1_2110_5286_21306,Unresolved chimera,
M03520_605_000000000-LVNKY_1_2110_8581_12392,Unresolved chimera,
M03520_605_000000000-LVNKY_1_2111_3758_9308,Unresolved chimera,
M03520_605_000000000-LVNKY_1_2111_4099_20348,Unresolved chimera,
M03520_605_000000000-LVNKY_1_2111_6064_17948,Unresolved chimera,
M03520_605_000000000-LVNKY_1_2112_18504_5674,Unresolved chimera,
M03520_605_000000000-LVNKY_1_2112_19301_22133,Unresolved chimera,
M03520_605_000000000-LVNKY_1_2112_20940_14095,Unresolved chimera,
M03520_605_000000000-LVNKY_1_2112_9061_16390,Unresolved chimera,
M03520_605_000000000-LVNKY_1_2113_21430_11122,Unresolved chimera,
M03520_605_000000000-LVNKY_1_2113_22996_11326,Unresolved chimera,
M03520_605_000000000-LVNKY_1_2114_21736_14322,Unresolved chimera,
M03520_605_000000000-LVNKY_1_2114_22894_10780,Unresolved chimera,
M03520_605_000000000-LVNKY_1_2114_26330_12598,Unresolved chimera,
M03520_605_000000000-LVNKY_1_2114_4691_11983,Unresolved chimera,
M03520_605_000000000-LVNKY_1_2114_9336_8525,Unresolved chimera,
M03520_605_000000000-LVNKY_1_1113_4747_7955,Single-primed (F/R only),
M03520_605_000000000-LVNKY_1_1107_15723_19024,Single-primed (F/R only),
M03520_605_000000000-LVNKY_1_2114_19574_28352,Single-primed (F/R only),
M03520_605_000000000-LVNKY_1_2105_13231_12817,Single-primed (F/R only),
M03520_605_000000000-LVNKY_1_2110_17575_19205,Single-primed (F/R only),
M03520_605_000000000-LVNKY_1_2102_22526_26565,Single-primed (F/R only),
M03520_605_000000000-LVNKY_1_1109_17440_6377,Single-primed (F/R only),
M03520_605_000000000-LVNKY_1_1109_26330_23210,Single-primed (F/R only),
M03520_605_000000000-LVNKY_1_1107_28231_20855,Single-primed (F/R only),
M03520_605_000000000-LVNKY_1_2114_14746_18879,Single-primed (F/R only),
M03520_605_000000000-LVNKY_1_2102_19352_23816,Single-primed (F/R only),
M03520_605_000000000-LVNKY_1_2112_10158_23123,Single-primed (F/R only),
M03520_605_000000000-LVNKY_1_2113_14935_3100,Single-primed (F/R only),
M03520_605_000000000-LVNKY_1_2113_23990_6992,Single-primed (F/R only),
M03520_605_000000000-LVNKY_1_1104_21409_19326,Single-primed (F/R only),
M03520_605_000000000-LVNKY_1_1104_6140_13000,Single-primed (F/R only),
M03520_605_000000000-LVNKY_1_1106_17942_5929,Single-primed (F/R only),
M03520_605_000000000-LVNKY_1_1104_10206_19113,Single-primed (F/R only),
M03520_605_000000000-LVNKY_1_2103_13434_13575,Single-primed (F/R only),
M03520_605_000000000-LVNKY_1_2108_16492_20428,Single-primed (F/R only),
M03520_605_000000000-LVNKY_1_1103_22602_9207,Single-primed (F/R only),
M03520_605_000000000-LVNKY_1_1114_21326_23119,Single-primed (F/R only),
M03520_605_000000000-LVNKY_1_1107_8767_21048,Single-primed (F/R only),
M03520_605_000000000-LVNKY_1_1112_23763_16120,Single-primed (F/R only),
M03520_605_000000000-LVNKY_1_1112_13511_8373,Single-primed (F/R only),
M03520_605_000000000-LVNKY_1_2103_14012_5060,Single-primed (F/R only),
M03520_605_000000000-LVNKY_1_2108_16962_4485,Single-primed (F/R only),
M03520_605_000000000-LVNKY_1_1101_4613_18493,Single-primed (F/R only),
M03520_605_000000000-LVNKY_1_1104_8589_27349,Single-primed (F/R only),
M03520_605_000000000-LVNKY_1_1108_8562_26392,Single-primed (F/R only),
M03520_605_000000000-LVNKY_1_2114_20349_12399,Single-primed (F/R only),
M03520_605_000000000-LVNKY_1_1106_25047_12031,Single-primed (F/R only),
M03520_605_000000000-LVNKY_1_1110_13473_7672,Single-primed (F/R only),
M03520_605_000000000-LVNKY_1_1109_11961_24082,Single-primed (F/R only),
M03520_605_000000000-LVNKY_1_2110_8424_16062,Single-primed (F/R only),
M03520_605_000000000-LVNKY_1_1101_19164_25512,Single-primed (F/R only),
M03520_605_000000000-LVNKY_1_1113_24169_17059,Single-primed (F/R only),
M03520_605_000000000-LVNKY_1_1102_6167_13154,Single-primed (F/R only),
M03520_605_000000000-LVNKY_1_1109_19630_6848,Single-primed (F/R only),
M03520_605_000000000-LVNKY_1_2105_9714_15617,Single-primed (F/R only),
