M03520:605:000000000-LVNKY:1:1101:15329:2098;size=2987	RH.E253263309B742FZ0Z_R	100.000	26	0	2.98e-10	52.0
M03520:605:000000000-LVNKY:1:1101:15329:2098;size=2987	RH.E253263309B742FZ0Z_F	100.000	26	0	2.98e-10	52.0
M03520:605:000000000-LVNKY:1:1101:11714:1996;size=2480	RH.6408CE975B5340AZ0Z_R	100.000	26	0	2.98e-10	52.0
M03520:605:000000000-LVNKY:1:1101:11714:1996;size=2480	RH.6408CE975B5340AZ0Z_F	100.000	26	0	2.98e-10	52.0
M03520:605:000000000-LVNKY:1:1101:15943:2388;size=2046	RH.B9EF730EBE6C436Z0Z_R	100.000	25	0	1.18e-09	50.1
M03520:605:000000000-LVNKY:1:1101:15943:2388;size=2046	RH.B9EF730EBE6C436Z0Z_F	100.000	25	0	1.18e-09	50.1
M03520:605:000000000-LVNKY:1:1101:18854:2720;size=632	RH.DDB83AFF97C94C6Z0Z_R	100.000	25	0	1.18e-09	50.1
M03520:605:000000000-LVNKY:1:1101:18854:2720;size=632	RH.DDB83AFF97C94C6Z0Z_F	100.000	24	0	4.65e-09	48.1
M03520:605:000000000-LVNKY:1:1101:12222:3102;size=624	RH.2AFFFBA0E81C482Z0Z_R	100.000	23	0	1.84e-08	46.1
M03520:605:000000000-LVNKY:1:1101:12222:3102;size=624	RH.2AFFFBA0E81C482Z0Z_F	100.000	23	0	1.84e-08	46.1
M03520:605:000000000-LVNKY:1:1101:24496:4635;size=587	RH.DDB83AFF97C94C6Z0Z_R	100.000	25	0	1.18e-09	50.1
M03520:605:000000000-LVNKY:1:1101:24496:4635;size=587	RH.DDB83AFF97C94C6Z0Z_F	100.000	24	0	4.65e-09	48.1
M03520:605:000000000-LVNKY:1:1101:12722:2918;size=504	RH.2A85EAE5DEAD471Z0Z_R	100.000	25	0	1.18e-09	50.1
M03520:605:000000000-LVNKY:1:1101:12722:2918;size=504	RH.2A85EAE5DEAD471Z0Z_F	100.000	25	0	1.18e-09	50.1
M03520:605:000000000-LVNKY:1:1101:23519:5027;size=483	RH.27578A9A85FA4A3Z0Z_F	100.000	24	0	4.65e-09	48.1
M03520:605:000000000-LVNKY:1:1101:23519:5027;size=483	RH.27578A9A85FA4A3Z0Z_R	100.000	22	0	7.27e-08	44.1
M03520:605:000000000-LVNKY:1:1101:20107:3347;size=428	RH.25F43EF2A0F1421Z0Z_F	100.000	24	0	4.65e-09	48.1
M03520:605:000000000-LVNKY:1:1101:20107:3347;size=428	RH.25F43EF2A0F1421Z0Z_R	100.000	23	0	1.84e-08	46.1
M03520:605:000000000-LVNKY:1:1101:19098:2343;size=313	RH.51338FA06EDB4F0Z0Z_R	100.000	25	0	1.18e-09	50.1
M03520:605:000000000-LVNKY:1:1101:19098:2343;size=313	RH.51338FA06EDB4F0Z0Z_F	100.000	25	0	1.18e-09	50.1
M03520:605:000000000-LVNKY:1:1101:21703:4591;size=299	RH.2A8AD21024974C0Z0Z_F	100.000	26	0	2.98e-10	52.0
M03520:605:000000000-LVNKY:1:1101:21703:4591;size=299	RH.2A8AD21024974C0Z0Z_R	100.000	25	0	1.18e-09	50.1
M03520:605:000000000-LVNKY:1:1101:23659:6024;size=258	RH.B9EF730EBE6C436Z0Z_F	100.000	25	0	1.18e-09	50.1
M03520:605:000000000-LVNKY:1:1101:23659:6024;size=258	RH.B9EF730EBE6C436Z0Z_R	100.000	25	0	1.18e-09	50.1
M03520:605:000000000-LVNKY:1:1101:6320:5313;size=247	RH.8B25A056ABC1444Z0Z_F	100.000	25	0	1.18e-09	50.1
M03520:605:000000000-LVNKY:1:1101:6320:5313;size=247	RH.8B25A056ABC1444Z0Z_R	100.000	24	0	4.65e-09	48.1
M03520:605:000000000-LVNKY:1:1101:23276:5002;size=229	RH.BE09C1F6EE4B426Z0Z_R	100.000	23	0	1.84e-08	46.1
M03520:605:000000000-LVNKY:1:1101:23276:5002;size=229	RH.BE09C1F6EE4B426Z0Z_F	100.000	22	0	7.27e-08	44.1
M03520:605:000000000-LVNKY:1:1101:10479:10510;size=203	RH.7CE39E25906745AZ0Z_R	100.000	26	0	2.98e-10	52.0
M03520:605:000000000-LVNKY:1:1101:10479:10510;size=203	RH.7CE39E25906745AZ0Z_F	100.000	25	0	1.18e-09	50.1
M03520:605:000000000-LVNKY:1:1101:22534:6552;size=203	RH.0096A141894D447Z0Z_F	100.000	24	0	4.65e-09	48.1
M03520:605:000000000-LVNKY:1:1101:22534:6552;size=203	RH.0096A141894D447Z0Z_R	100.000	21	0	2.87e-07	42.1
M03520:605:000000000-LVNKY:1:1101:15082:7564;size=175	RH.0BD19D1A26A74EBZ0Z_F	100.000	25	0	1.18e-09	50.1
M03520:605:000000000-LVNKY:1:1101:15082:7564;size=175	RH.0BD19D1A26A74EBZ0Z_R	100.000	24	0	4.65e-09	48.1
M03520:605:000000000-LVNKY:1:1101:24402:7952;size=159	RH.0096A141894D447Z0Z_F	100.000	24	0	4.65e-09	48.1
M03520:605:000000000-LVNKY:1:1101:24402:7952;size=159	RH.0096A141894D447Z0Z_R	100.000	21	0	2.87e-07	42.1
M03520:605:000000000-LVNKY:1:1101:20808:7426;size=154	RH.7CE39E25906745AZ0Z_R	100.000	26	0	2.98e-10	52.0
M03520:605:000000000-LVNKY:1:1101:20808:7426;size=154	RH.7CE39E25906745AZ0Z_F	100.000	25	0	1.18e-09	50.1
M03520:605:000000000-LVNKY:1:1102:11298:12175;size=145	RH.517A9FBA2B494D5Z0Z_F	100.000	25	0	1.18e-09	50.1
M03520:605:000000000-LVNKY:1:1102:11298:12175;size=145	RH.517A9FBA2B494D5Z0Z_R	100.000	24	0	4.65e-09	48.1
M03520:605:000000000-LVNKY:1:1101:10641:2605;size=135	RH.B2A7FEFE5F5C48AZ0Z_F	100.000	24	0	4.65e-09	48.1
M03520:605:000000000-LVNKY:1:1101:10641:2605;size=135	RH.B2A7FEFE5F5C48AZ0Z_R	100.000	23	0	1.84e-08	46.1
M03520:605:000000000-LVNKY:1:1101:14249:9297;size=126	RH.2AFFFBA0E81C482Z0Z_R	100.000	23	0	1.84e-08	46.1
M03520:605:000000000-LVNKY:1:1101:14249:9297;size=126	RH.2AFFFBA0E81C482Z0Z_F	100.000	23	0	1.84e-08	46.1
M03520:605:000000000-LVNKY:1:1101:17156:11685;size=118	RH.72B9E3F522264B3Z0Z_F	100.000	22	0	7.27e-08	44.1
M03520:605:000000000-LVNKY:1:1107:17611:1674;size=113	RH.E253263309B742FZ0Z_F	100.000	26	0	2.98e-10	52.0
M03520:605:000000000-LVNKY:1:1107:17611:1674;size=113	RH.E253263309B742FZ0Z_R	96.154	26	1	7.27e-08	44.1
M03520:605:000000000-LVNKY:1:1101:14301:3159;size=104	RH.B9EF730EBE6C436Z0Z_F	100.000	25	0	1.18e-09	50.1
M03520:605:000000000-LVNKY:1:1101:14301:3159;size=104	RH.B9EF730EBE6C436Z0Z_R	100.000	25	0	1.18e-09	50.1
M03520:605:000000000-LVNKY:1:1101:5210:11810;size=100	RH.9726AFF14C0D4B3Z0Z_R	100.000	25	0	1.18e-09	50.1
M03520:605:000000000-LVNKY:1:1101:5210:11810;size=100	RH.9726AFF14C0D4B3Z0Z_F	100.000	24	0	4.65e-09	48.1
M03520:605:000000000-LVNKY:1:1101:25441:8761;size=99	RH.40933F98BDDD40FZ0Z_F	100.000	25	0	1.18e-09	50.1
M03520:605:000000000-LVNKY:1:1101:25441:8761;size=99	RH.40933F98BDDD40FZ0Z_R	100.000	24	0	4.65e-09	48.1
M03520:605:000000000-LVNKY:1:1101:26091:19589;size=88	RH.6408CE975B5340AZ0Z_F	100.000	26	0	2.98e-10	52.0
M03520:605:000000000-LVNKY:1:1101:26091:19589;size=88	RH.6408CE975B5340AZ0Z_R	96.154	26	1	7.27e-08	44.1
M03520:605:000000000-LVNKY:1:1101:19375:2620;size=82	RH.1CC74B91718A42FZ0Z_R	100.000	25	0	1.18e-09	50.1
M03520:605:000000000-LVNKY:1:1101:19375:2620;size=82	RH.1CC74B91718A42FZ0Z_F	100.000	24	0	4.65e-09	48.1
M03520:605:000000000-LVNKY:1:1101:6726:6215;size=80	RH.321690A69B1C40DZ0Z_R	100.000	22	0	7.27e-08	44.1
M03520:605:000000000-LVNKY:1:1101:6726:6215;size=80	RH.321690A69B1C40DZ0Z_F	100.000	21	0	2.87e-07	42.1
M03520:605:000000000-LVNKY:1:1103:13126:22292;size=80	RH.B9EF730EBE6C436Z0Z_F	100.000	25	0	1.18e-09	50.1
M03520:605:000000000-LVNKY:1:1103:13126:22292;size=80	RH.B9EF730EBE6C436Z0Z_R	96.000	25	1	2.87e-07	42.1
M03520:605:000000000-LVNKY:1:1101:2534:11994;size=75	RH.CF953F27F5674E1Z0Z_F	100.000	26	0	2.98e-10	52.0
M03520:605:000000000-LVNKY:1:1101:2534:11994;size=75	RH.CF953F27F5674E1Z0Z_R	100.000	25	0	1.18e-09	50.1
M03520:605:000000000-LVNKY:1:1101:14196:3919;size=69	RH.72B9E3F522264B3Z0Z_F	100.000	22	0	7.27e-08	44.1
M03520:605:000000000-LVNKY:1:1101:14196:3919;size=69	RH.72B9E3F522264B3Z0Z_R	100.000	20	0	1.13e-06	40.1
M03520:605:000000000-LVNKY:1:1101:20270:5980;size=69	RH.BB24C5C404164F1Z0Z_R	100.000	23	0	1.84e-08	46.1
M03520:605:000000000-LVNKY:1:1101:20270:5980;size=69	RH.BB24C5C404164F1Z0Z_F	100.000	22	0	7.27e-08	44.1
M03520:605:000000000-LVNKY:1:1101:16227:4586;size=67	RH.E253263309B742FZ0Z_F	100.000	26	0	2.98e-10	52.0
M03520:605:000000000-LVNKY:1:1101:16227:4586;size=67	RH.E253263309B742FZ0Z_R	100.000	26	0	2.98e-10	52.0
M03520:605:000000000-LVNKY:1:1101:10840:17134;size=66	RH.7C3D657FDC54468Z0Z_R	100.000	22	0	7.27e-08	44.1
M03520:605:000000000-LVNKY:1:1101:10840:17134;size=66	RH.098C2C0732D843BZ0Z_F	100.000	22	0	7.27e-08	44.1
M03520:605:000000000-LVNKY:1:1101:16285:3064;size=66	RH.0C6EF86AB29A422Z0Z_R	100.000	23	0	1.84e-08	46.1
M03520:605:000000000-LVNKY:1:1101:16285:3064;size=66	RH.0C6EF86AB29A422Z0Z_F	100.000	23	0	1.84e-08	46.1
M03520:605:000000000-LVNKY:1:1101:8033:20988;size=58	RH.72B9E3F522264B3Z0Z_F	100.000	22	0	7.27e-08	44.1
M03520:605:000000000-LVNKY:1:1101:8033:20988;size=58	RH.72B9E3F522264B3Z0Z_R	100.000	20	0	1.13e-06	40.1
M03520:605:000000000-LVNKY:1:1101:15833:14788;size=51	RH.2091F326F74640CZ0Z_F	100.000	24	0	4.65e-09	48.1
M03520:605:000000000-LVNKY:1:1101:15833:14788;size=51	RH.2091F326F74640CZ0Z_R	100.000	22	0	7.27e-08	44.1
M03520:605:000000000-LVNKY:1:1101:28036:12746;size=51	RH.E253263309B742FZ0Z_R	100.000	26	0	2.98e-10	52.0
M03520:605:000000000-LVNKY:1:1101:28036:12746;size=51	RH.E253263309B742FZ0Z_F	100.000	26	0	2.98e-10	52.0
M03520:605:000000000-LVNKY:1:1101:7751:7356;size=51	RH.DDB83AFF97C94C6Z0Z_R	100.000	25	0	1.18e-09	50.1
M03520:605:000000000-LVNKY:1:1101:7751:7356;size=51	RH.DDB83AFF97C94C6Z0Z_F	100.000	24	0	4.65e-09	48.1
M03520:605:000000000-LVNKY:1:1101:14285:1526;size=50	RH.8B25A056ABC1444Z0Z_R	100.000	24	0	4.65e-09	48.1
M03520:605:000000000-LVNKY:1:1101:14285:1526;size=50	RH.8B25A056ABC1444Z0Z_F	100.000	22	0	7.27e-08	44.1
M03520:605:000000000-LVNKY:1:1101:20364:2802;size=50	RH.0C6EF86AB29A422Z0Z_R	100.000	23	0	1.84e-08	46.1
M03520:605:000000000-LVNKY:1:1101:20364:2802;size=50	RH.0C6EF86AB29A422Z0Z_F	100.000	23	0	1.84e-08	46.1
M03520:605:000000000-LVNKY:1:1101:11510:8921;size=45	RH.72B9E3F522264B3Z0Z_F	100.000	22	0	7.27e-08	44.1
M03520:605:000000000-LVNKY:1:1101:6692:9788;size=41	RH.6572108A164E48EZ0Z_R	100.000	25	0	1.18e-09	50.1
M03520:605:000000000-LVNKY:1:1101:6692:9788;size=41	RH.F7E3D42951B44CCZ0Z_F	100.000	21	0	2.87e-07	42.1
M03520:605:000000000-LVNKY:1:1101:14531:10777;size=40	RH.65A22C27EE034ECZ0Z_R	100.000	25	0	1.18e-09	50.1
M03520:605:000000000-LVNKY:1:1101:14531:10777;size=40	RH.65A22C27EE034ECZ0Z_F	100.000	25	0	1.18e-09	50.1
M03520:605:000000000-LVNKY:1:1102:12460:6176;size=40	RH.094E5466924B45EZ0Z_F	100.000	26	0	2.98e-10	52.0
M03520:605:000000000-LVNKY:1:1102:12460:6176;size=40	RH.094E5466924B45EZ0Z_R	100.000	25	0	1.18e-09	50.1
M03520:605:000000000-LVNKY:1:1101:14301:17864;size=36	RH.0C6EF86AB29A422Z0Z_F	100.000	20	0	1.13e-06	40.1
M03520:605:000000000-LVNKY:1:1102:21267:8144;size=34	RH.2A8AD21024974C0Z0Z_F	100.000	26	0	2.98e-10	52.0
M03520:605:000000000-LVNKY:1:1102:21267:8144;size=34	RH.2A8AD21024974C0Z0Z_R	100.000	25	0	1.18e-09	50.1
M03520:605:000000000-LVNKY:1:1101:12589:11946;size=32	RH.094E5466924B45EZ0Z_F	100.000	26	0	2.98e-10	52.0
M03520:605:000000000-LVNKY:1:1101:12589:11946;size=32	RH.094E5466924B45EZ0Z_R	100.000	25	0	1.18e-09	50.1
M03520:605:000000000-LVNKY:1:1101:17688:26491;size=32	RH.517A9FBA2B494D5Z0Z_F	100.000	25	0	1.18e-09	50.1
M03520:605:000000000-LVNKY:1:1101:17688:26491;size=32	RH.517A9FBA2B494D5Z0Z_R	100.000	24	0	4.65e-09	48.1
M03520:605:000000000-LVNKY:1:1101:27288:20344;size=32	RH.A2C9012430E34ADZ0Z_R	100.000	24	0	4.65e-09	48.1
M03520:605:000000000-LVNKY:1:1101:27288:20344;size=32	RH.A2C9012430E34ADZ0Z_F	100.000	24	0	4.65e-09	48.1
M03520:605:000000000-LVNKY:1:1101:8569:9053;size=32	RH.04A0205BEA6C49EZ0Z_R	100.000	24	0	4.65e-09	48.1
M03520:605:000000000-LVNKY:1:1101:8569:9053;size=32	RH.04A0205BEA6C49EZ0Z_F	100.000	23	0	1.84e-08	46.1
M03520:605:000000000-LVNKY:1:1106:20473:2568;size=31	RH.B9EF730EBE6C436Z0Z_F	100.000	25	0	1.18e-09	50.1
M03520:605:000000000-LVNKY:1:1106:20473:2568;size=31	RH.B9EF730EBE6C436Z0Z_R	100.000	25	0	1.18e-09	50.1
M03520:605:000000000-LVNKY:1:1101:20014:22612;size=29	RH.EC6296CB62D84DBZ0Z_R	100.000	23	0	1.84e-08	46.1
M03520:605:000000000-LVNKY:1:1101:20014:22612;size=29	RH.EC6296CB62D84DBZ0Z_F	100.000	23	0	1.84e-08	46.1
M03520:605:000000000-LVNKY:1:1101:20838:3677;size=28	RH.E253263309B742FZ0Z_R	100.000	26	0	2.98e-10	52.0
M03520:605:000000000-LVNKY:1:1101:20838:3677;size=28	RH.E253263309B742FZ0Z_F	100.000	26	0	2.98e-10	52.0
M03520:605:000000000-LVNKY:1:1107:16456:6094;size=28	RH.25F43EF2A0F1421Z0Z_F	100.000	24	0	4.65e-09	48.1
M03520:605:000000000-LVNKY:1:1107:16456:6094;size=28	RH.25F43EF2A0F1421Z0Z_R	100.000	21	0	2.87e-07	42.1
M03520:605:000000000-LVNKY:1:1101:14239:6557;size=27	RH.517A9FBA2B494D5Z0Z_F	100.000	25	0	1.18e-09	50.1
M03520:605:000000000-LVNKY:1:1101:14239:6557;size=27	RH.517A9FBA2B494D5Z0Z_R	100.000	24	0	4.65e-09	48.1
M03520:605:000000000-LVNKY:1:1102:23917:19530;size=27	RH.DDB83AFF97C94C6Z0Z_R	100.000	25	0	1.18e-09	50.1
M03520:605:000000000-LVNKY:1:1102:23917:19530;size=27	RH.DDB83AFF97C94C6Z0Z_F	100.000	24	0	4.65e-09	48.1
M03520:605:000000000-LVNKY:1:1101:15070:17148;size=26	RH.2A85EAE5DEAD471Z0Z_R	100.000	25	0	1.18e-09	50.1
M03520:605:000000000-LVNKY:1:1101:15070:17148;size=26	RH.2A85EAE5DEAD471Z0Z_F	100.000	25	0	1.18e-09	50.1
M03520:605:000000000-LVNKY:1:1101:19419:16245;size=26	RH.517A9FBA2B494D5Z0Z_F	100.000	25	0	1.18e-09	50.1
M03520:605:000000000-LVNKY:1:1101:19419:16245;size=26	RH.517A9FBA2B494D5Z0Z_R	100.000	24	0	4.65e-09	48.1
M03520:605:000000000-LVNKY:1:1101:20131:6609;size=26	RH.541A1C9A5856408Z0Z_F	100.000	24	0	4.65e-09	48.1
M03520:605:000000000-LVNKY:1:1101:24007:11897;size=25	RH.CA1E204B0C0842DZ0Z_F	100.000	26	0	2.98e-10	52.0
M03520:605:000000000-LVNKY:1:1101:24007:11897;size=25	RH.CA1E204B0C0842DZ0Z_R	100.000	24	0	4.65e-09	48.1
M03520:605:000000000-LVNKY:1:1107:16768:2731;size=25	RH.2AFFFBA0E81C482Z0Z_R	100.000	23	0	1.84e-08	46.1
M03520:605:000000000-LVNKY:1:1107:16768:2731;size=25	RH.2AFFFBA0E81C482Z0Z_F	100.000	23	0	1.84e-08	46.1
M03520:605:000000000-LVNKY:1:1108:21040:10556;size=25	RH.6408CE975B5340AZ0Z_F	100.000	26	0	2.98e-10	52.0
M03520:605:000000000-LVNKY:1:1108:21040:10556;size=25	RH.6408CE975B5340AZ0Z_R	96.154	26	1	7.27e-08	44.1
M03520:605:000000000-LVNKY:1:1102:17584:5660;size=23	RH.DDB83AFF97C94C6Z0Z_R	100.000	25	0	1.18e-09	50.1
M03520:605:000000000-LVNKY:1:1102:17584:5660;size=23	RH.DDB83AFF97C94C6Z0Z_F	100.000	24	0	4.65e-09	48.1
M03520:605:000000000-LVNKY:1:1101:10678:9271;size=22	RH.6DE797B0D3F544DZ0Z_F	100.000	26	0	2.98e-10	52.0
M03520:605:000000000-LVNKY:1:1102:14400:12267;size=22	RH.E253263309B742FZ0Z_R	100.000	26	0	2.98e-10	52.0
M03520:605:000000000-LVNKY:1:1102:14400:12267;size=22	RH.E253263309B742FZ0Z_F	100.000	26	0	2.98e-10	52.0
M03520:605:000000000-LVNKY:1:1103:18661:14516;size=22	RH.6408CE975B5340AZ0Z_R	100.000	26	0	2.98e-10	52.0
M03520:605:000000000-LVNKY:1:1103:18661:14516;size=22	RH.6408CE975B5340AZ0Z_F	100.000	26	0	2.98e-10	52.0
M03520:605:000000000-LVNKY:1:1104:14908:7716;size=22	RH.E04EE94198274F7Z0Z_F	100.000	25	0	1.18e-09	50.1
M03520:605:000000000-LVNKY:1:1104:14908:7716;size=22	RH.E04EE94198274F7Z0Z_R	95.833	24	1	1.13e-06	40.1
M03520:605:000000000-LVNKY:1:1101:13659:5057;size=21	RH.E04EE94198274F7Z0Z_F	100.000	25	0	1.18e-09	50.1
M03520:605:000000000-LVNKY:1:1101:13659:5057;size=21	RH.E04EE94198274F7Z0Z_R	95.833	24	1	1.13e-06	40.1
M03520:605:000000000-LVNKY:1:1102:18074:8073;size=21	RH.E253263309B742FZ0Z_R	100.000	26	0	2.98e-10	52.0
M03520:605:000000000-LVNKY:1:1102:18074:8073;size=21	RH.E253263309B742FZ0Z_F	100.000	26	0	2.98e-10	52.0
M03520:605:000000000-LVNKY:1:1105:16269:18059;size=21	RH.0C6EF86AB29A422Z0Z_R	100.000	23	0	1.84e-08	46.1
M03520:605:000000000-LVNKY:1:1105:16269:18059;size=21	RH.0C6EF86AB29A422Z0Z_F	100.000	23	0	1.84e-08	46.1
M03520:605:000000000-LVNKY:1:1107:17084:3174;size=21	RH.DDB83AFF97C94C6Z0Z_R	100.000	25	0	1.18e-09	50.1
M03520:605:000000000-LVNKY:1:1107:17084:3174;size=21	RH.DDB83AFF97C94C6Z0Z_F	100.000	24	0	4.65e-09	48.1
M03520:605:000000000-LVNKY:1:1103:10086:19196;size=20	RH.6D324B1B4164459Z0Z_R	100.000	21	0	2.87e-07	42.1
M03520:605:000000000-LVNKY:1:1103:10086:19196;size=20	RH.6D324B1B4164459Z0Z_F	100.000	21	0	2.87e-07	42.1
M03520:605:000000000-LVNKY:1:1107:17259:2722;size=20	RH.27578A9A85FA4A3Z0Z_F	100.000	24	0	4.65e-09	48.1
M03520:605:000000000-LVNKY:1:1107:17259:2722;size=20	RH.27578A9A85FA4A3Z0Z_R	100.000	22	0	7.27e-08	44.1
M03520:605:000000000-LVNKY:1:1101:24506:4921;size=19	RH.E253263309B742FZ0Z_R	100.000	26	0	2.98e-10	52.0
M03520:605:000000000-LVNKY:1:1101:24506:4921;size=19	RH.E253263309B742FZ0Z_F	100.000	26	0	2.98e-10	52.0
M03520:605:000000000-LVNKY:1:1101:24661:21041;size=19	RH.F4E2313A8B92492Z0Z_F	100.000	24	0	4.65e-09	48.1
M03520:605:000000000-LVNKY:1:1101:24661:21041;size=19	RH.F4E2313A8B92492Z0Z_R	100.000	19	0	4.48e-06	38.2
M03520:605:000000000-LVNKY:1:1105:18292:15725;size=19	RH.DE543226C201437Z0Z_R	100.000	20	0	1.13e-06	40.1
M03520:605:000000000-LVNKY:1:1105:18292:15725;size=19	RH.51338FA06EDB4F0Z0Z_R	95.652	23	1	4.48e-06	38.2
M03520:605:000000000-LVNKY:1:1101:14928:4507;size=18	RH.77300263E6F14F3Z0Z_F	100.000	24	0	4.65e-09	48.1
M03520:605:000000000-LVNKY:1:1101:14928:4507;size=18	RH.77300263E6F14F3Z0Z_R	100.000	23	0	1.84e-08	46.1
M03520:605:000000000-LVNKY:1:1101:15602:3754;size=18	RH.159AE449CD74409Z0Z_R	100.000	23	0	1.84e-08	46.1
M03520:605:000000000-LVNKY:1:1101:15602:3754;size=18	RH.159AE449CD74409Z0Z_F	100.000	22	0	7.27e-08	44.1
M03520:605:000000000-LVNKY:1:1101:17357:4198;size=18	RH.B9EF730EBE6C436Z0Z_R	100.000	25	0	1.18e-09	50.1
M03520:605:000000000-LVNKY:1:1101:9595:13589;size=18	RH.0C6EF86AB29A422Z0Z_F	100.000	20	0	1.13e-06	40.1
M03520:605:000000000-LVNKY:1:1102:26272:8355;size=18	RH.0C6EF86AB29A422Z0Z_F	100.000	20	0	1.13e-06	40.1
M03520:605:000000000-LVNKY:1:1105:22462:19846;size=17	RH.0180E4AB5822472Z0Z_R	100.000	25	0	1.18e-09	50.1
M03520:605:000000000-LVNKY:1:1105:22462:19846;size=17	RH.0180E4AB5822472Z0Z_F	100.000	23	0	1.84e-08	46.1
M03520:605:000000000-LVNKY:1:1103:15144:26089;size=16	RH.E253263309B742FZ0Z_R	100.000	26	0	2.98e-10	52.0
M03520:605:000000000-LVNKY:1:1103:15144:26089;size=16	RH.E253263309B742FZ0Z_F	96.154	26	1	7.27e-08	44.1
M03520:605:000000000-LVNKY:1:1101:25754:21735;size=15	RH.B9EF730EBE6C436Z0Z_F	100.000	25	0	1.18e-09	50.1
M03520:605:000000000-LVNKY:1:1101:25754:21735;size=15	RH.B9EF730EBE6C436Z0Z_R	96.000	25	1	2.87e-07	42.1
M03520:605:000000000-LVNKY:1:1102:27756:21915;size=15	RH.6DE797B0D3F544DZ0Z_F	100.000	26	0	2.98e-10	52.0
M03520:605:000000000-LVNKY:1:1102:28182:19103;size=15	RH.27578A9A85FA4A3Z0Z_F	100.000	24	0	4.65e-09	48.1
M03520:605:000000000-LVNKY:1:1102:28182:19103;size=15	RH.27578A9A85FA4A3Z0Z_R	100.000	22	0	7.27e-08	44.1
M03520:605:000000000-LVNKY:1:1102:4208:11905;size=15	RH.E253263309B742FZ0Z_R	100.000	26	0	2.98e-10	52.0
M03520:605:000000000-LVNKY:1:1108:29095:17178;size=15	RH.E253263309B742FZ0Z_F	100.000	26	0	2.98e-10	52.0
M03520:605:000000000-LVNKY:1:1108:29095:17178;size=15	RH.E253263309B742FZ0Z_R	96.154	26	1	7.27e-08	44.1
M03520:605:000000000-LVNKY:1:1101:7409:23096;size=14	RH.2A85EAE5DEAD471Z0Z_R	100.000	25	0	1.18e-09	50.1
M03520:605:000000000-LVNKY:1:1101:7409:23096;size=14	RH.2A85EAE5DEAD471Z0Z_F	100.000	25	0	1.18e-09	50.1
M03520:605:000000000-LVNKY:1:1101:7504:6617;size=14	RH.E253263309B742FZ0Z_R	100.000	26	0	2.98e-10	52.0
M03520:605:000000000-LVNKY:1:1101:7504:6617;size=14	RH.E253263309B742FZ0Z_F	100.000	26	0	2.98e-10	52.0
M03520:605:000000000-LVNKY:1:1102:20467:6992;size=14	RH.E253263309B742FZ0Z_R	100.000	26	0	2.98e-10	52.0
M03520:605:000000000-LVNKY:1:1102:20467:6992;size=14	RH.E253263309B742FZ0Z_F	100.000	26	0	2.98e-10	52.0
M03520:605:000000000-LVNKY:1:1102:23321:25960;size=14	RH.72B9E3F522264B3Z0Z_F	100.000	22	0	7.27e-08	44.1
M03520:605:000000000-LVNKY:1:1102:23321:25960;size=14	RH.72B9E3F522264B3Z0Z_R	100.000	20	0	1.13e-06	40.1
M03520:605:000000000-LVNKY:1:1101:13688:8371;size=13	RH.E253263309B742FZ0Z_F	100.000	26	0	2.98e-10	52.0
M03520:605:000000000-LVNKY:1:1101:13688:8371;size=13	RH.E253263309B742FZ0Z_R	100.000	26	0	2.98e-10	52.0
M03520:605:000000000-LVNKY:1:1101:3687:18576;size=13	RH.E253263309B742FZ0Z_R	100.000	26	0	2.98e-10	52.0
M03520:605:000000000-LVNKY:1:1101:3687:18576;size=13	RH.E253263309B742FZ0Z_F	100.000	26	0	2.98e-10	52.0
M03520:605:000000000-LVNKY:1:1103:15748:6390;size=13	RH.2A8AD21024974C0Z0Z_R	100.000	25	0	1.18e-09	50.1
M03520:605:000000000-LVNKY:1:1103:7204:8666;size=13	RH.AD51C83F68EC43DZ0Z_F	100.000	23	0	1.84e-08	46.1
M03520:605:000000000-LVNKY:1:1103:7204:8666;size=13	RH.AD51C83F68EC43DZ0Z_R	100.000	21	0	2.87e-07	42.1
M03520:605:000000000-LVNKY:1:1103:8684:12207;size=13	RH.E253263309B742FZ0Z_F	100.000	26	0	2.98e-10	52.0
M03520:605:000000000-LVNKY:1:1103:8684:12207;size=13	RH.E253263309B742FZ0Z_R	100.000	26	0	2.98e-10	52.0
M03520:605:000000000-LVNKY:1:1106:12869:16398;size=13	RH.DDB83AFF97C94C6Z0Z_R	100.000	25	0	1.18e-09	50.1
M03520:605:000000000-LVNKY:1:1106:12869:16398;size=13	RH.8B25A056ABC1444Z0Z_F	100.000	22	0	7.27e-08	44.1
M03520:605:000000000-LVNKY:1:1101:21565:19777;size=12	RH.6408CE975B5340AZ0Z_R	100.000	26	0	2.98e-10	52.0
M03520:605:000000000-LVNKY:1:1101:21565:19777;size=12	RH.6408CE975B5340AZ0Z_F	100.000	26	0	2.98e-10	52.0
M03520:605:000000000-LVNKY:1:1101:6155:7920;size=12	RH.6572108A164E48EZ0Z_R	100.000	25	0	1.18e-09	50.1
M03520:605:000000000-LVNKY:1:1101:6155:7920;size=12	RH.6572108A164E48EZ0Z_F	100.000	24	0	4.65e-09	48.1
M03520:605:000000000-LVNKY:1:1102:6583:24184;size=12	RH.27578A9A85FA4A3Z0Z_F	100.000	24	0	4.65e-09	48.1
M03520:605:000000000-LVNKY:1:1102:6583:24184;size=12	RH.27578A9A85FA4A3Z0Z_R	100.000	22	0	7.27e-08	44.1
M03520:605:000000000-LVNKY:1:1103:13250:3334;size=12	RH.B9EF730EBE6C436Z0Z_F	100.000	25	0	1.18e-09	50.1
M03520:605:000000000-LVNKY:1:1103:13250:3334;size=12	RH.B9EF730EBE6C436Z0Z_R	100.000	25	0	1.18e-09	50.1
M03520:605:000000000-LVNKY:1:1103:15131:25576;size=12	RH.B9EF730EBE6C436Z0Z_R	100.000	25	0	1.18e-09	50.1
M03520:605:000000000-LVNKY:1:1104:13086:12253;size=12	RH.CF953F27F5674E1Z0Z_F	100.000	26	0	2.98e-10	52.0
M03520:605:000000000-LVNKY:1:1104:13086:12253;size=12	RH.CF953F27F5674E1Z0Z_R	100.000	25	0	1.18e-09	50.1
M03520:605:000000000-LVNKY:1:1104:2558:16535;size=12	RH.E253263309B742FZ0Z_F	100.000	26	0	2.98e-10	52.0
M03520:605:000000000-LVNKY:1:1104:2558:16535;size=12	RH.E253263309B742FZ0Z_R	100.000	23	0	1.84e-08	46.1
M03520:605:000000000-LVNKY:1:1104:26601:6660;size=12	RH.E50C44E6F0174B8Z0Z_F	100.000	22	0	7.27e-08	44.1
M03520:605:000000000-LVNKY:1:1104:26601:6660;size=12	RH.E50C44E6F0174B8Z0Z_R	100.000	22	0	7.27e-08	44.1
M03520:605:000000000-LVNKY:1:1104:6900:12247;size=12	RH.BC56E600B326437Z0Z_F	100.000	29	0	4.83e-12	58.0
M03520:605:000000000-LVNKY:1:1104:6900:12247;size=12	RH.BC56E600B326437Z0Z_R	100.000	28	0	1.91e-11	56.0
M03520:605:000000000-LVNKY:1:1101:10560:3098;size=11	RH.2091F326F74640CZ0Z_F	100.000	24	0	4.65e-09	48.1
M03520:605:000000000-LVNKY:1:1101:10560:3098;size=11	RH.2091F326F74640CZ0Z_R	100.000	22	0	7.27e-08	44.1
M03520:605:000000000-LVNKY:1:1101:13399:21474;size=11	RH.E253263309B742FZ0Z_F	100.000	26	0	2.98e-10	52.0
M03520:605:000000000-LVNKY:1:1101:13399:21474;size=11	RH.E253263309B742FZ0Z_R	96.154	26	1	7.27e-08	44.1
M03520:605:000000000-LVNKY:1:1101:13960:1893;size=11	RH.B9EF730EBE6C436Z0Z_R	100.000	25	0	1.18e-09	50.1
M03520:605:000000000-LVNKY:1:1101:13960:1893;size=11	RH.609947B6947F457Z0Z_F	100.000	21	0	2.87e-07	42.1
M03520:605:000000000-LVNKY:1:1101:13960:1893;size=11	RH.A12CDF2B5C80436Z0Z_R	100.000	20	0	1.13e-06	40.1
M03520:605:000000000-LVNKY:1:1101:16587:10518;size=11	RH.E253263309B742FZ0Z_R	100.000	26	0	2.98e-10	52.0
M03520:605:000000000-LVNKY:1:1101:16587:10518;size=11	RH.E253263309B742FZ0Z_F	100.000	26	0	2.98e-10	52.0
M03520:605:000000000-LVNKY:1:1101:16739:23027;size=11	RH.F2F19E4203944BDZ0Z_R	100.000	22	0	7.27e-08	44.1
M03520:605:000000000-LVNKY:1:1101:16739:23027;size=11	RH.F2F19E4203944BDZ0Z_F	100.000	22	0	7.27e-08	44.1
M03520:605:000000000-LVNKY:1:1101:3448:9941;size=11	RH.B9EF730EBE6C436Z0Z_R	100.000	25	0	1.18e-09	50.1
M03520:605:000000000-LVNKY:1:1101:3448:9941;size=11	RH.B9EF730EBE6C436Z0Z_F	100.000	25	0	1.18e-09	50.1
M03520:605:000000000-LVNKY:1:1102:16511:26510;size=11	RH.CA1E204B0C0842DZ0Z_F	100.000	26	0	2.98e-10	52.0
M03520:605:000000000-LVNKY:1:1102:16511:26510;size=11	RH.CA1E204B0C0842DZ0Z_R	100.000	24	0	4.65e-09	48.1
M03520:605:000000000-LVNKY:1:1102:16926:20365;size=11	RH.6408CE975B5340AZ0Z_R	100.000	26	0	2.98e-10	52.0
M03520:605:000000000-LVNKY:1:1102:16926:20365;size=11	RH.6408CE975B5340AZ0Z_F	100.000	26	0	2.98e-10	52.0
M03520:605:000000000-LVNKY:1:1102:17135:23909;size=11	RH.2A85EAE5DEAD471Z0Z_F	100.000	25	0	1.18e-09	50.1
M03520:605:000000000-LVNKY:1:1102:17135:23909;size=11	RH.2A85EAE5DEAD471Z0Z_R	100.000	25	0	1.18e-09	50.1
M03520:605:000000000-LVNKY:1:1102:6742:24541;size=11	RH.72B9E3F522264B3Z0Z_F	100.000	22	0	7.27e-08	44.1
M03520:605:000000000-LVNKY:1:1103:3744:13791;size=11	RH.6572108A164E48EZ0Z_R	100.000	25	0	1.18e-09	50.1
M03520:605:000000000-LVNKY:1:1103:3744:13791;size=11	RH.F7E3D42951B44CCZ0Z_F	100.000	21	0	2.87e-07	42.1
M03520:605:000000000-LVNKY:1:1103:3744:13791;size=11	RH.F7E3D42951B44CCZ0Z_R	100.000	19	0	4.48e-06	38.2
M03520:605:000000000-LVNKY:1:1103:4582:20435;size=11	RH.321690A69B1C40DZ0Z_R	100.000	22	0	7.27e-08	44.1
M03520:605:000000000-LVNKY:1:1103:4582:20435;size=11	RH.321690A69B1C40DZ0Z_F	100.000	21	0	2.87e-07	42.1
M03520:605:000000000-LVNKY:1:1103:7949:22261;size=11	RH.E253263309B742FZ0Z_F	100.000	26	0	2.98e-10	52.0
M03520:605:000000000-LVNKY:1:1103:7949:22261;size=11	RH.E253263309B742FZ0Z_R	100.000	26	0	2.98e-10	52.0
M03520:605:000000000-LVNKY:1:1104:21525:15018;size=11	RH.E253263309B742FZ0Z_R	100.000	26	0	2.98e-10	52.0
M03520:605:000000000-LVNKY:1:1104:21525:15018;size=11	RH.E253263309B742FZ0Z_F	100.000	26	0	2.98e-10	52.0
M03520:605:000000000-LVNKY:1:1105:19035:25711;size=11	RH.E253263309B742FZ0Z_F	100.000	26	0	2.98e-10	52.0
M03520:605:000000000-LVNKY:1:1105:19035:25711;size=11	RH.E253263309B742FZ0Z_R	96.154	26	1	7.27e-08	44.1
M03520:605:000000000-LVNKY:1:1106:19029:22168;size=11	RH.DDB83AFF97C94C6Z0Z_R	100.000	25	0	1.18e-09	50.1
M03520:605:000000000-LVNKY:1:1106:19029:22168;size=11	RH.DDB83AFF97C94C6Z0Z_F	100.000	24	0	4.65e-09	48.1
M03520:605:000000000-LVNKY:1:1101:11533:19194;size=10	RH.E253263309B742FZ0Z_R	100.000	26	0	2.98e-10	52.0
M03520:605:000000000-LVNKY:1:1101:11533:19194;size=10	RH.E253263309B742FZ0Z_F	100.000	26	0	2.98e-10	52.0
M03520:605:000000000-LVNKY:1:1101:15297:4657;size=10	RH.25F43EF2A0F1421Z0Z_F	100.000	24	0	4.65e-09	48.1
M03520:605:000000000-LVNKY:1:1101:15297:4657;size=10	RH.25F43EF2A0F1421Z0Z_R	100.000	23	0	1.84e-08	46.1
M03520:605:000000000-LVNKY:1:1101:17686:3865;size=10	RH.E253263309B742FZ0Z_R	100.000	26	0	2.98e-10	52.0
M03520:605:000000000-LVNKY:1:1101:17686:3865;size=10	RH.E253263309B742FZ0Z_F	100.000	26	0	2.98e-10	52.0
M03520:605:000000000-LVNKY:1:1101:21703:15541;size=10	RH.E253263309B742FZ0Z_R	100.000	26	0	2.98e-10	52.0
M03520:605:000000000-LVNKY:1:1101:21703:15541;size=10	RH.E253263309B742FZ0Z_F	100.000	26	0	2.98e-10	52.0
M03520:605:000000000-LVNKY:1:1101:24787:12475;size=10	RH.E253263309B742FZ0Z_F	100.000	26	0	2.98e-10	52.0
M03520:605:000000000-LVNKY:1:1101:24787:12475;size=10	RH.E253263309B742FZ0Z_R	100.000	24	0	4.65e-09	48.1
M03520:605:000000000-LVNKY:1:1102:16080:8321;size=10	RH.2AFFFBA0E81C482Z0Z_R	100.000	23	0	1.84e-08	46.1
M03520:605:000000000-LVNKY:1:1102:16080:8321;size=10	RH.2AFFFBA0E81C482Z0Z_F	100.000	23	0	1.84e-08	46.1
M03520:605:000000000-LVNKY:1:1102:16264:10326;size=10	RH.B9EF730EBE6C436Z0Z_R	100.000	25	0	1.18e-09	50.1
M03520:605:000000000-LVNKY:1:1102:20336:13660;size=10	RH.E253263309B742FZ0Z_F	100.000	26	0	2.98e-10	52.0
M03520:605:000000000-LVNKY:1:1102:20336:13660;size=10	RH.E253263309B742FZ0Z_R	100.000	26	0	2.98e-10	52.0
M03520:605:000000000-LVNKY:1:1102:21137:27115;size=10	RH.6408CE975B5340AZ0Z_R	100.000	26	0	2.98e-10	52.0
M03520:605:000000000-LVNKY:1:1102:21137:27115;size=10	RH.6408CE975B5340AZ0Z_F	100.000	26	0	2.98e-10	52.0
M03520:605:000000000-LVNKY:1:1102:21818:16425;size=10	RH.E253263309B742FZ0Z_R	100.000	26	0	2.98e-10	52.0
M03520:605:000000000-LVNKY:1:1102:21818:16425;size=10	RH.E253263309B742FZ0Z_F	100.000	26	0	2.98e-10	52.0
M03520:605:000000000-LVNKY:1:1102:9727:25646;size=10	RH.DE543226C201437Z0Z_R	100.000	24	0	4.65e-09	48.1
M03520:605:000000000-LVNKY:1:1102:9727:25646;size=10	RH.51338FA06EDB4F0Z0Z_R	95.652	23	1	4.48e-06	38.2
M03520:605:000000000-LVNKY:1:1103:14339:20593;size=10	RH.E253263309B742FZ0Z_F	100.000	26	0	2.98e-10	52.0
M03520:605:000000000-LVNKY:1:1103:14339:20593;size=10	RH.E253263309B742FZ0Z_R	100.000	26	0	2.98e-10	52.0
M03520:605:000000000-LVNKY:1:1103:21382:4445;size=10	RH.E253263309B742FZ0Z_F	100.000	26	0	2.98e-10	52.0
M03520:605:000000000-LVNKY:1:1103:21382:4445;size=10	RH.E253263309B742FZ0Z_R	96.154	26	1	7.27e-08	44.1
M03520:605:000000000-LVNKY:1:1105:20392:27312;size=10	RH.B9EF730EBE6C436Z0Z_R	100.000	25	0	1.18e-09	50.1
M03520:605:000000000-LVNKY:1:1105:20392:27312;size=10	RH.B9EF730EBE6C436Z0Z_F	100.000	25	0	1.18e-09	50.1
M03520:605:000000000-LVNKY:1:1107:18119:4845;size=10	RH.72B9E3F522264B3Z0Z_F	100.000	22	0	7.27e-08	44.1
M03520:605:000000000-LVNKY:1:1107:8198:6698;size=10	RH.0BD19D1A26A74EBZ0Z_F	100.000	25	0	1.18e-09	50.1
M03520:605:000000000-LVNKY:1:1107:8198:6698;size=10	RH.0BD19D1A26A74EBZ0Z_R	100.000	24	0	4.65e-09	48.1
M03520:605:000000000-LVNKY:1:1108:8501:18181;size=10	RH.E253263309B742FZ0Z_F	100.000	26	0	2.98e-10	52.0
M03520:605:000000000-LVNKY:1:1108:8501:18181;size=10	RH.E253263309B742FZ0Z_R	100.000	26	0	2.98e-10	52.0
M03520:605:000000000-LVNKY:1:1101:11561:12634;size=9	RH.E253263309B742FZ0Z_R	100.000	26	0	2.98e-10	52.0
M03520:605:000000000-LVNKY:1:1101:11561:12634;size=9	RH.E253263309B742FZ0Z_F	100.000	26	0	2.98e-10	52.0
M03520:605:000000000-LVNKY:1:1101:15421:22860;size=9	RH.E253263309B742FZ0Z_F	100.000	26	0	2.98e-10	52.0
M03520:605:000000000-LVNKY:1:1101:15421:22860;size=9	RH.E253263309B742FZ0Z_R	96.154	26	1	7.27e-08	44.1
M03520:605:000000000-LVNKY:1:1101:21673:12301;size=9	RH.27578A9A85FA4A3Z0Z_F	100.000	21	0	2.87e-07	42.1
M03520:605:000000000-LVNKY:1:1101:21673:12301;size=9	RH.27578A9A85FA4A3Z0Z_R	100.000	19	0	4.48e-06	38.2
M03520:605:000000000-LVNKY:1:1101:5476:6819;size=9	RH.6408CE975B5340AZ0Z_R	100.000	26	0	2.98e-10	52.0
M03520:605:000000000-LVNKY:1:1101:5476:6819;size=9	RH.6408CE975B5340AZ0Z_F	100.000	26	0	2.98e-10	52.0
M03520:605:000000000-LVNKY:1:1102:12858:25832;size=9	RH.2091F326F74640CZ0Z_F	100.000	24	0	4.65e-09	48.1
M03520:605:000000000-LVNKY:1:1103:13020:11205;size=9	RH.6408CE975B5340AZ0Z_R	100.000	26	0	2.98e-10	52.0
M03520:605:000000000-LVNKY:1:1103:13020:11205;size=9	RH.6408CE975B5340AZ0Z_F	100.000	26	0	2.98e-10	52.0
M03520:605:000000000-LVNKY:1:1104:17681:23095;size=9	RH.6408CE975B5340AZ0Z_R	100.000	26	0	2.98e-10	52.0
M03520:605:000000000-LVNKY:1:1104:17681:23095;size=9	RH.6408CE975B5340AZ0Z_F	100.000	26	0	2.98e-10	52.0
M03520:605:000000000-LVNKY:1:1107:16234:6305;size=9	RH.8B25A056ABC1444Z0Z_F	100.000	25	0	1.18e-09	50.1
M03520:605:000000000-LVNKY:1:1107:16234:6305;size=9	RH.8B25A056ABC1444Z0Z_R	95.833	24	1	1.13e-06	40.1
M03520:605:000000000-LVNKY:1:1108:24877:7893;size=9	RH.2AFFFBA0E81C482Z0Z_R	100.000	23	0	1.84e-08	46.1
M03520:605:000000000-LVNKY:1:1108:24877:7893;size=9	RH.2AFFFBA0E81C482Z0Z_F	100.000	23	0	1.84e-08	46.1
M03520:605:000000000-LVNKY:1:1101:10738:23145;size=8	RH.F4E2313A8B92492Z0Z_F	100.000	24	0	4.65e-09	48.1
M03520:605:000000000-LVNKY:1:1101:10738:23145;size=8	RH.F4E2313A8B92492Z0Z_R	100.000	19	0	4.48e-06	38.2
M03520:605:000000000-LVNKY:1:1101:11237:9842;size=8	RH.E253263309B742FZ0Z_F	100.000	26	0	2.98e-10	52.0
M03520:605:000000000-LVNKY:1:1101:11237:9842;size=8	RH.E253263309B742FZ0Z_R	100.000	26	0	2.98e-10	52.0
M03520:605:000000000-LVNKY:1:1101:12115:17592;size=8	RH.E253263309B742FZ0Z_F	100.000	26	0	2.98e-10	52.0
M03520:605:000000000-LVNKY:1:1101:12115:17592;size=8	RH.E253263309B742FZ0Z_R	100.000	26	0	2.98e-10	52.0
M03520:605:000000000-LVNKY:1:1101:17221:23209;size=8	RH.6408CE975B5340AZ0Z_R	100.000	26	0	2.98e-10	52.0
M03520:605:000000000-LVNKY:1:1101:17221:23209;size=8	RH.6408CE975B5340AZ0Z_F	100.000	26	0	2.98e-10	52.0
M03520:605:000000000-LVNKY:1:1101:17548:11070;size=8	RH.6408CE975B5340AZ0Z_R	100.000	26	0	2.98e-10	52.0
M03520:605:000000000-LVNKY:1:1101:17548:11070;size=8	RH.6408CE975B5340AZ0Z_F	100.000	26	0	2.98e-10	52.0
M03520:605:000000000-LVNKY:1:1101:28142:20662;size=8	RH.DDB83AFF97C94C6Z0Z_R	100.000	25	0	1.18e-09	50.1
M03520:605:000000000-LVNKY:1:1101:28643:14053;size=8	RH.B9EF730EBE6C436Z0Z_F	100.000	25	0	1.18e-09	50.1
M03520:605:000000000-LVNKY:1:1101:28643:14053;size=8	RH.B9EF730EBE6C436Z0Z_R	100.000	25	0	1.18e-09	50.1
M03520:605:000000000-LVNKY:1:1101:3169:18472;size=8	RH.E253263309B742FZ0Z_R	100.000	26	0	2.98e-10	52.0
M03520:605:000000000-LVNKY:1:1101:3169:18472;size=8	RH.E253263309B742FZ0Z_F	100.000	25	0	1.18e-09	50.1
M03520:605:000000000-LVNKY:1:1101:5835:21503;size=8	RH.6408CE975B5340AZ0Z_F	100.000	26	0	2.98e-10	52.0
M03520:605:000000000-LVNKY:1:1101:5835:21503;size=8	RH.6408CE975B5340AZ0Z_R	96.154	26	1	7.27e-08	44.1
M03520:605:000000000-LVNKY:1:1101:8705:16260;size=8	RH.DDB83AFF97C94C6Z0Z_R	100.000	25	0	1.18e-09	50.1
M03520:605:000000000-LVNKY:1:1101:8705:16260;size=8	RH.DDB83AFF97C94C6Z0Z_F	100.000	24	0	4.65e-09	48.1
M03520:605:000000000-LVNKY:1:1102:20099:4503;size=8	RH.E253263309B742FZ0Z_R	100.000	26	0	2.98e-10	52.0
M03520:605:000000000-LVNKY:1:1102:20099:4503;size=8	RH.E253263309B742FZ0Z_F	100.000	26	0	2.98e-10	52.0
M03520:605:000000000-LVNKY:1:1102:6840:16441;size=8	RH.DDB83AFF97C94C6Z0Z_R	100.000	25	0	1.18e-09	50.1
M03520:605:000000000-LVNKY:1:1102:6840:16441;size=8	RH.DDB83AFF97C94C6Z0Z_F	100.000	24	0	4.65e-09	48.1
M03520:605:000000000-LVNKY:1:1103:13608:20922;size=8	RH.0096A141894D447Z0Z_F	100.000	24	0	4.65e-09	48.1
M03520:605:000000000-LVNKY:1:1103:17686:14459;size=8	RH.B9EF730EBE6C436Z0Z_F	100.000	25	0	1.18e-09	50.1
M03520:605:000000000-LVNKY:1:1103:17686:14459;size=8	RH.B9EF730EBE6C436Z0Z_R	100.000	25	0	1.18e-09	50.1
M03520:605:000000000-LVNKY:1:1104:11528:3987;size=8	RH.6408CE975B5340AZ0Z_R	100.000	26	0	2.98e-10	52.0
M03520:605:000000000-LVNKY:1:1104:11528:3987;size=8	RH.6408CE975B5340AZ0Z_F	100.000	26	0	2.98e-10	52.0
M03520:605:000000000-LVNKY:1:1104:14121:14061;size=8	RH.E253263309B742FZ0Z_R	100.000	26	0	2.98e-10	52.0
M03520:605:000000000-LVNKY:1:1104:14121:14061;size=8	RH.E253263309B742FZ0Z_F	100.000	26	0	2.98e-10	52.0
M03520:605:000000000-LVNKY:1:1105:19612:2336;size=8	RH.6408CE975B5340AZ0Z_R	100.000	26	0	2.98e-10	52.0
M03520:605:000000000-LVNKY:1:1105:19612:2336;size=8	RH.6408CE975B5340AZ0Z_F	100.000	22	0	7.27e-08	44.1
M03520:605:000000000-LVNKY:1:1105:20833:6194;size=8	RH.44DCEC943BED412Z0Z_R	100.000	23	0	1.84e-08	46.1
M03520:605:000000000-LVNKY:1:1105:20833:6194;size=8	RH.44DCEC943BED412Z0Z_F	100.000	23	0	1.84e-08	46.1
M03520:605:000000000-LVNKY:1:1106:16068:12743;size=8	RH.BE09C1F6EE4B426Z0Z_R	100.000	23	0	1.84e-08	46.1
M03520:605:000000000-LVNKY:1:1106:16068:12743;size=8	RH.BE09C1F6EE4B426Z0Z_F	100.000	22	0	7.27e-08	44.1
M03520:605:000000000-LVNKY:1:1106:24788:15281;size=8	RH.B9EF730EBE6C436Z0Z_R	100.000	25	0	1.18e-09	50.1
M03520:605:000000000-LVNKY:1:1106:5774:12359;size=8	RH.2A8AD21024974C0Z0Z_F	100.000	26	0	2.98e-10	52.0
M03520:605:000000000-LVNKY:1:1106:5774:12359;size=8	RH.2A8AD21024974C0Z0Z_R	100.000	25	0	1.18e-09	50.1
M03520:605:000000000-LVNKY:1:1107:13424:7628;size=8	RH.0096A141894D447Z0Z_F	100.000	24	0	4.65e-09	48.1
M03520:605:000000000-LVNKY:1:1107:13424:7628;size=8	RH.0096A141894D447Z0Z_R	100.000	21	0	2.87e-07	42.1
M03520:605:000000000-LVNKY:1:1107:6508:6998;size=8	RH.7CE39E25906745AZ0Z_R	100.000	26	0	2.98e-10	52.0
M03520:605:000000000-LVNKY:1:1107:6508:6998;size=8	RH.7CE39E25906745AZ0Z_F	100.000	25	0	1.18e-09	50.1
M03520:605:000000000-LVNKY:1:1109:10654:3771;size=8	RH.0096A141894D447Z0Z_F	100.000	24	0	4.65e-09	48.1
M03520:605:000000000-LVNKY:1:1109:17590:17345;size=8	RH.DDB83AFF97C94C6Z0Z_R	100.000	25	0	1.18e-09	50.1
M03520:605:000000000-LVNKY:1:1109:17590:17345;size=8	RH.DDB83AFF97C94C6Z0Z_F	100.000	24	0	4.65e-09	48.1
M03520:605:000000000-LVNKY:1:1101:11270:24258;size=7	RH.7CE39E25906745AZ0Z_R	100.000	24	0	4.65e-09	48.1
M03520:605:000000000-LVNKY:1:1101:12128:6115;size=7	RH.5F6424ABBC3C47BZ0Z_F	100.000	25	0	1.18e-09	50.1
M03520:605:000000000-LVNKY:1:1101:19208:10488;size=7	RH.6408CE975B5340AZ0Z_F	100.000	26	0	2.98e-10	52.0
M03520:605:000000000-LVNKY:1:1101:19208:10488;size=7	RH.6408CE975B5340AZ0Z_R	96.154	26	1	7.27e-08	44.1
M03520:605:000000000-LVNKY:1:1101:20629:8067;size=7	RH.B5A2E3C1CC8E44AZ0Z_F	100.000	23	0	1.84e-08	46.1
M03520:605:000000000-LVNKY:1:1101:20629:8067;size=7	RH.B5A2E3C1CC8E44AZ0Z_R	100.000	22	0	7.27e-08	44.1
M03520:605:000000000-LVNKY:1:1101:21389:23779;size=7	RH.E253263309B742FZ0Z_R	100.000	26	0	2.98e-10	52.0
M03520:605:000000000-LVNKY:1:1101:21389:23779;size=7	RH.E253263309B742FZ0Z_F	96.154	26	1	7.27e-08	44.1
M03520:605:000000000-LVNKY:1:1101:26045:8689;size=7	RH.0BD19D1A26A74EBZ0Z_F	100.000	25	0	1.18e-09	50.1
M03520:605:000000000-LVNKY:1:1101:26045:8689;size=7	RH.0BD19D1A26A74EBZ0Z_R	100.000	24	0	4.65e-09	48.1
M03520:605:000000000-LVNKY:1:1101:6067:25141;size=7	RH.6408CE975B5340AZ0Z_R	100.000	26	0	2.98e-10	52.0
M03520:605:000000000-LVNKY:1:1101:6067:25141;size=7	RH.6408CE975B5340AZ0Z_F	100.000	26	0	2.98e-10	52.0
M03520:605:000000000-LVNKY:1:1101:8341:14216;size=7	RH.B9EF730EBE6C436Z0Z_F	100.000	25	0	1.18e-09	50.1
M03520:605:000000000-LVNKY:1:1101:8341:14216;size=7	RH.B9EF730EBE6C436Z0Z_R	100.000	25	0	1.18e-09	50.1
M03520:605:000000000-LVNKY:1:1102:14480:7793;size=7	RH.E253263309B742FZ0Z_R	100.000	26	0	2.98e-10	52.0
M03520:605:000000000-LVNKY:1:1102:14480:7793;size=7	RH.E253263309B742FZ0Z_F	100.000	26	0	2.98e-10	52.0
M03520:605:000000000-LVNKY:1:1102:20434:9072;size=7	RH.6408CE975B5340AZ0Z_R	100.000	26	0	2.98e-10	52.0
M03520:605:000000000-LVNKY:1:1102:20434:9072;size=7	RH.6408CE975B5340AZ0Z_F	100.000	26	0	2.98e-10	52.0
M03520:605:000000000-LVNKY:1:1102:23724:10497;size=7	RH.69CEA0AC39F4445Z0Z_R	100.000	23	0	1.84e-08	46.1
M03520:605:000000000-LVNKY:1:1102:8900:11769;size=7	RH.E253263309B742FZ0Z_R	100.000	26	0	2.98e-10	52.0
M03520:605:000000000-LVNKY:1:1102:8900:11769;size=7	RH.E253263309B742FZ0Z_F	100.000	23	0	1.84e-08	46.1
M03520:605:000000000-LVNKY:1:1103:17840:5283;size=7	RH.7CE39E25906745AZ0Z_R	100.000	24	0	4.65e-09	48.1
M03520:605:000000000-LVNKY:1:1103:26819:8066;size=7	RH.E253263309B742FZ0Z_R	100.000	26	0	2.98e-10	52.0
M03520:605:000000000-LVNKY:1:1103:26819:8066;size=7	RH.E253263309B742FZ0Z_F	100.000	26	0	2.98e-10	52.0
M03520:605:000000000-LVNKY:1:1104:15399:23477;size=7	RH.E253263309B742FZ0Z_F	100.000	26	0	2.98e-10	52.0
M03520:605:000000000-LVNKY:1:1104:15399:23477;size=7	RH.E253263309B742FZ0Z_R	100.000	26	0	2.98e-10	52.0
M03520:605:000000000-LVNKY:1:1104:15651:21280;size=7	RH.E253263309B742FZ0Z_R	100.000	26	0	2.98e-10	52.0
M03520:605:000000000-LVNKY:1:1104:15651:21280;size=7	RH.E253263309B742FZ0Z_F	100.000	26	0	2.98e-10	52.0
M03520:605:000000000-LVNKY:1:1104:15792:10370;size=7	RH.B9EF730EBE6C436Z0Z_R	100.000	25	0	1.18e-09	50.1
M03520:605:000000000-LVNKY:1:1104:15792:10370;size=7	RH.B9EF730EBE6C436Z0Z_F	100.000	23	0	1.84e-08	46.1
M03520:605:000000000-LVNKY:1:1104:19541:5097;size=7	RH.B9EF730EBE6C436Z0Z_R	100.000	25	0	1.18e-09	50.1
M03520:605:000000000-LVNKY:1:1104:19541:5097;size=7	RH.B9EF730EBE6C436Z0Z_F	100.000	25	0	1.18e-09	50.1
M03520:605:000000000-LVNKY:1:1105:13584:7356;size=7	RH.6408CE975B5340AZ0Z_R	100.000	26	0	2.98e-10	52.0
M03520:605:000000000-LVNKY:1:1105:13584:7356;size=7	RH.6408CE975B5340AZ0Z_F	100.000	26	0	2.98e-10	52.0
M03520:605:000000000-LVNKY:1:1105:13752:8996;size=7	RH.B9EF730EBE6C436Z0Z_F	100.000	25	0	1.18e-09	50.1
M03520:605:000000000-LVNKY:1:1105:13752:8996;size=7	RH.B9EF730EBE6C436Z0Z_R	100.000	25	0	1.18e-09	50.1
M03520:605:000000000-LVNKY:1:1106:23858:13377;size=7	RH.B9EF730EBE6C436Z0Z_R	100.000	25	0	1.18e-09	50.1
M03520:605:000000000-LVNKY:1:1106:23858:13377;size=7	RH.B9EF730EBE6C436Z0Z_F	100.000	25	0	1.18e-09	50.1
M03520:605:000000000-LVNKY:1:1106:24098:14566;size=7	RH.E253263309B742FZ0Z_F	100.000	26	0	2.98e-10	52.0
M03520:605:000000000-LVNKY:1:1106:24098:14566;size=7	RH.E253263309B742FZ0Z_R	100.000	26	0	2.98e-10	52.0
M03520:605:000000000-LVNKY:1:1109:14168:2345;size=7	RH.E253263309B742FZ0Z_R	100.000	26	0	2.98e-10	52.0
M03520:605:000000000-LVNKY:1:1109:14168:2345;size=7	RH.E253263309B742FZ0Z_F	100.000	26	0	2.98e-10	52.0
M03520:605:000000000-LVNKY:1:1109:17558:11539;size=7	RH.E253263309B742FZ0Z_F	100.000	26	0	2.98e-10	52.0
M03520:605:000000000-LVNKY:1:1109:17558:11539;size=7	RH.E253263309B742FZ0Z_R	100.000	24	0	4.65e-09	48.1
M03520:605:000000000-LVNKY:1:1110:10715:7526;size=7	RH.B9EF730EBE6C436Z0Z_F	100.000	25	0	1.18e-09	50.1
M03520:605:000000000-LVNKY:1:1110:10715:7526;size=7	RH.B9EF730EBE6C436Z0Z_R	100.000	25	0	1.18e-09	50.1
M03520:605:000000000-LVNKY:1:1111:12206:23067;size=7	RH.2A85EAE5DEAD471Z0Z_F	100.000	25	0	1.18e-09	50.1
M03520:605:000000000-LVNKY:1:1111:12206:23067;size=7	RH.2A85EAE5DEAD471Z0Z_R	96.000	25	1	2.87e-07	42.1
M03520:605:000000000-LVNKY:1:1112:16759:10654;size=7	RH.B9EF730EBE6C436Z0Z_R	100.000	25	0	1.18e-09	50.1
M03520:605:000000000-LVNKY:1:1112:16759:10654;size=7	RH.B9EF730EBE6C436Z0Z_F	100.000	22	0	7.27e-08	44.1
M03520:605:000000000-LVNKY:1:1101:16839:13915;size=6	RH.6408CE975B5340AZ0Z_F	100.000	26	0	2.98e-10	52.0
M03520:605:000000000-LVNKY:1:1101:16839:13915;size=6	RH.6408CE975B5340AZ0Z_R	96.154	26	1	7.27e-08	44.1
M03520:605:000000000-LVNKY:1:1101:16941:24849;size=6	RH.B9EF730EBE6C436Z0Z_R	100.000	25	0	1.18e-09	50.1
M03520:605:000000000-LVNKY:1:1101:16941:24849;size=6	RH.B9EF730EBE6C436Z0Z_F	100.000	25	0	1.18e-09	50.1
M03520:605:000000000-LVNKY:1:1101:17426:16585;size=6	RH.2AFFFBA0E81C482Z0Z_R	100.000	23	0	1.84e-08	46.1
M03520:605:000000000-LVNKY:1:1101:17426:16585;size=6	RH.2AFFFBA0E81C482Z0Z_F	100.000	23	0	1.84e-08	46.1
M03520:605:000000000-LVNKY:1:1101:22938:24613;size=6	RH.7065AAC04A2148EZ0Z_R	100.000	25	0	1.18e-09	50.1
M03520:605:000000000-LVNKY:1:1101:22938:24613;size=6	RH.7065AAC04A2148EZ0Z_F	100.000	24	0	4.65e-09	48.1
M03520:605:000000000-LVNKY:1:1101:23870:14092;size=6	RH.2AFFFBA0E81C482Z0Z_R	100.000	23	0	1.84e-08	46.1
M03520:605:000000000-LVNKY:1:1101:23870:14092;size=6	RH.2AFFFBA0E81C482Z0Z_F	100.000	23	0	1.84e-08	46.1
M03520:605:000000000-LVNKY:1:1101:28618:14972;size=6	RH.E253263309B742FZ0Z_R	100.000	26	0	2.98e-10	52.0
M03520:605:000000000-LVNKY:1:1101:28618:14972;size=6	RH.E253263309B742FZ0Z_F	100.000	26	0	2.98e-10	52.0
M03520:605:000000000-LVNKY:1:1101:4507:12974;size=6	RH.E253263309B742FZ0Z_R	100.000	26	0	2.98e-10	52.0
M03520:605:000000000-LVNKY:1:1101:4507:12974;size=6	RH.E253263309B742FZ0Z_F	100.000	26	0	2.98e-10	52.0
M03520:605:000000000-LVNKY:1:1101:5096:22351;size=6	RH.6408CE975B5340AZ0Z_R	100.000	26	0	2.98e-10	52.0
M03520:605:000000000-LVNKY:1:1101:5096:22351;size=6	RH.6408CE975B5340AZ0Z_F	100.000	26	0	2.98e-10	52.0
M03520:605:000000000-LVNKY:1:1101:5857:10442;size=6	RH.DDB83AFF97C94C6Z0Z_R	100.000	25	0	1.18e-09	50.1
M03520:605:000000000-LVNKY:1:1101:5857:10442;size=6	RH.DDB83AFF97C94C6Z0Z_F	100.000	24	0	4.65e-09	48.1
M03520:605:000000000-LVNKY:1:1101:8037:5274;size=6	RH.DDB83AFF97C94C6Z0Z_R	100.000	25	0	1.18e-09	50.1
M03520:605:000000000-LVNKY:1:1101:8037:5274;size=6	RH.DDB83AFF97C94C6Z0Z_F	100.000	24	0	4.65e-09	48.1
M03520:605:000000000-LVNKY:1:1102:10756:4895;size=6	RH.E253263309B742FZ0Z_F	100.000	26	0	2.98e-10	52.0
M03520:605:000000000-LVNKY:1:1102:10756:4895;size=6	RH.E253263309B742FZ0Z_R	100.000	26	0	2.98e-10	52.0
M03520:605:000000000-LVNKY:1:1102:11618:24297;size=6	RH.B9EF730EBE6C436Z0Z_R	100.000	25	0	1.18e-09	50.1
M03520:605:000000000-LVNKY:1:1102:11618:24297;size=6	RH.B9EF730EBE6C436Z0Z_F	100.000	25	0	1.18e-09	50.1
M03520:605:000000000-LVNKY:1:1102:12294:14707;size=6	RH.E253263309B742FZ0Z_R	100.000	26	0	2.98e-10	52.0
M03520:605:000000000-LVNKY:1:1102:12294:14707;size=6	RH.E253263309B742FZ0Z_F	100.000	26	0	2.98e-10	52.0
M03520:605:000000000-LVNKY:1:1102:17751:26232;size=6	RH.6408CE975B5340AZ0Z_F	100.000	26	0	2.98e-10	52.0
M03520:605:000000000-LVNKY:1:1102:17751:26232;size=6	RH.6408CE975B5340AZ0Z_R	96.154	26	1	7.27e-08	44.1
M03520:605:000000000-LVNKY:1:1102:1825:16222;size=6	RH.E253263309B742FZ0Z_R	100.000	26	0	2.98e-10	52.0
M03520:605:000000000-LVNKY:1:1102:1825:16222;size=6	RH.E253263309B742FZ0Z_F	100.000	26	0	2.98e-10	52.0
M03520:605:000000000-LVNKY:1:1103:15612:23005;size=6	RH.E253263309B742FZ0Z_R	100.000	26	0	2.98e-10	52.0
M03520:605:000000000-LVNKY:1:1103:15612:23005;size=6	RH.E253263309B742FZ0Z_F	96.154	26	1	7.27e-08	44.1
M03520:605:000000000-LVNKY:1:1103:16085:3393;size=6	RH.2AFFFBA0E81C482Z0Z_R	100.000	23	0	1.84e-08	46.1
M03520:605:000000000-LVNKY:1:1103:16085:3393;size=6	RH.2AFFFBA0E81C482Z0Z_F	100.000	23	0	1.84e-08	46.1
M03520:605:000000000-LVNKY:1:1103:20396:27754;size=6	RH.6408CE975B5340AZ0Z_R	100.000	26	0	2.98e-10	52.0
M03520:605:000000000-LVNKY:1:1103:20396:27754;size=6	RH.6408CE975B5340AZ0Z_F	100.000	26	0	2.98e-10	52.0
M03520:605:000000000-LVNKY:1:1103:5805:12200;size=6	RH.B9EF730EBE6C436Z0Z_R	100.000	25	0	1.18e-09	50.1
M03520:605:000000000-LVNKY:1:1103:5805:12200;size=6	RH.B9EF730EBE6C436Z0Z_F	100.000	25	0	1.18e-09	50.1
M03520:605:000000000-LVNKY:1:1103:6600:13248;size=6	RH.51338FA06EDB4F0Z0Z_R	100.000	25	0	1.18e-09	50.1
M03520:605:000000000-LVNKY:1:1103:6600:13248;size=6	RH.51338FA06EDB4F0Z0Z_F	100.000	25	0	1.18e-09	50.1
M03520:605:000000000-LVNKY:1:1103:9650:13837;size=6	RH.6408CE975B5340AZ0Z_F	100.000	26	0	2.98e-10	52.0
M03520:605:000000000-LVNKY:1:1103:9650:13837;size=6	RH.6408CE975B5340AZ0Z_R	100.000	22	0	7.27e-08	44.1
M03520:605:000000000-LVNKY:1:1104:17666:20988;size=6	RH.B9EF730EBE6C436Z0Z_R	100.000	25	0	1.18e-09	50.1
M03520:605:000000000-LVNKY:1:1104:17666:20988;size=6	RH.B9EF730EBE6C436Z0Z_F	96.000	25	1	2.87e-07	42.1
M03520:605:000000000-LVNKY:1:1104:23501:19494;size=6	RH.6408CE975B5340AZ0Z_R	100.000	26	0	2.98e-10	52.0
M03520:605:000000000-LVNKY:1:1104:23501:19494;size=6	RH.6408CE975B5340AZ0Z_F	100.000	26	0	2.98e-10	52.0
M03520:605:000000000-LVNKY:1:1104:24296:23623;size=6	RH.B9EF730EBE6C436Z0Z_F	100.000	25	0	1.18e-09	50.1
M03520:605:000000000-LVNKY:1:1104:24296:23623;size=6	RH.B9EF730EBE6C436Z0Z_R	100.000	25	0	1.18e-09	50.1
M03520:605:000000000-LVNKY:1:1104:24388:9786;size=6	RH.2AFFFBA0E81C482Z0Z_R	100.000	23	0	1.84e-08	46.1
M03520:605:000000000-LVNKY:1:1104:24388:9786;size=6	RH.2AFFFBA0E81C482Z0Z_F	100.000	23	0	1.84e-08	46.1
M03520:605:000000000-LVNKY:1:1104:26928:7933;size=6	RH.6408CE975B5340AZ0Z_R	100.000	26	0	2.98e-10	52.0
M03520:605:000000000-LVNKY:1:1104:26928:7933;size=6	RH.6408CE975B5340AZ0Z_F	96.154	26	1	7.27e-08	44.1
M03520:605:000000000-LVNKY:1:1104:27002:7289;size=6	RH.6408CE975B5340AZ0Z_R	100.000	26	0	2.98e-10	52.0
M03520:605:000000000-LVNKY:1:1104:27002:7289;size=6	RH.6408CE975B5340AZ0Z_F	100.000	26	0	2.98e-10	52.0
M03520:605:000000000-LVNKY:1:1104:29674:14564;size=6	RH.0C36971D26FA41BZ0Z_R	100.000	22	0	7.27e-08	44.1
M03520:605:000000000-LVNKY:1:1104:29674:14564;size=6	RH.0C36971D26FA41BZ0Z_F	100.000	22	0	7.27e-08	44.1
M03520:605:000000000-LVNKY:1:1105:13025:13237;size=6	RH.6408CE975B5340AZ0Z_F	100.000	26	0	2.98e-10	52.0
M03520:605:000000000-LVNKY:1:1105:13025:13237;size=6	RH.6408CE975B5340AZ0Z_R	96.154	26	1	7.27e-08	44.1
M03520:605:000000000-LVNKY:1:1105:19592:21902;size=6	RH.0C6EF86AB29A422Z0Z_R	100.000	23	0	1.84e-08	46.1
M03520:605:000000000-LVNKY:1:1105:19592:21902;size=6	RH.0C6EF86AB29A422Z0Z_F	100.000	23	0	1.84e-08	46.1
M03520:605:000000000-LVNKY:1:1105:26594:10623;size=6	RH.E253263309B742FZ0Z_R	100.000	26	0	2.98e-10	52.0
M03520:605:000000000-LVNKY:1:1105:26594:10623;size=6	RH.E253263309B742FZ0Z_F	96.154	26	1	7.27e-08	44.1
M03520:605:000000000-LVNKY:1:1105:3009:15310;size=6	RH.0096A141894D447Z0Z_F	100.000	24	0	4.65e-09	48.1
M03520:605:000000000-LVNKY:1:1105:5841:19127;size=6	RH.2A8AD21024974C0Z0Z_R	100.000	25	0	1.18e-09	50.1
M03520:605:000000000-LVNKY:1:1106:20264:3549;size=6	RH.E253263309B742FZ0Z_F	100.000	26	0	2.98e-10	52.0
M03520:605:000000000-LVNKY:1:1106:20264:3549;size=6	RH.E253263309B742FZ0Z_R	96.154	26	1	7.27e-08	44.1
M03520:605:000000000-LVNKY:1:1106:20678:19975;size=6	RH.6408CE975B5340AZ0Z_R	100.000	26	0	2.98e-10	52.0
M03520:605:000000000-LVNKY:1:1106:20678:19975;size=6	RH.6408CE975B5340AZ0Z_F	100.000	26	0	2.98e-10	52.0
M03520:605:000000000-LVNKY:1:1106:7168:15545;size=6	RH.DDB83AFF97C94C6Z0Z_R	100.000	25	0	1.18e-09	50.1
M03520:605:000000000-LVNKY:1:1106:7168:15545;size=6	RH.DDB83AFF97C94C6Z0Z_F	100.000	24	0	4.65e-09	48.1
M03520:605:000000000-LVNKY:1:1107:17835:1861;size=6	RH.7CE39E25906745AZ0Z_R	100.000	26	0	2.98e-10	52.0
M03520:605:000000000-LVNKY:1:1107:17835:1861;size=6	RH.7CE39E25906745AZ0Z_F	100.000	25	0	1.18e-09	50.1
M03520:605:000000000-LVNKY:1:1107:26177:17492;size=6	RH.0550AF0F57084ADZ0Z_R	100.000	22	0	7.27e-08	44.1
M03520:605:000000000-LVNKY:1:1108:17091:15250;size=6	RH.0096A141894D447Z0Z_F	100.000	24	0	4.65e-09	48.1
M03520:605:000000000-LVNKY:1:1108:17091:15250;size=6	RH.0096A141894D447Z0Z_R	100.000	20	0	1.13e-06	40.1
M03520:605:000000000-LVNKY:1:1108:19513:13926;size=6	RH.B9EF730EBE6C436Z0Z_R	100.000	25	0	1.18e-09	50.1
M03520:605:000000000-LVNKY:1:1108:19513:13926;size=6	RH.609947B6947F457Z0Z_F	100.000	21	0	2.87e-07	42.1
M03520:605:000000000-LVNKY:1:1108:19513:13926;size=6	RH.A12CDF2B5C80436Z0Z_R	100.000	20	0	1.13e-06	40.1
M03520:605:000000000-LVNKY:1:1109:10527:8146;size=6	RH.2A85EAE5DEAD471Z0Z_R	100.000	25	0	1.18e-09	50.1
M03520:605:000000000-LVNKY:1:1109:10527:8146;size=6	RH.2A85EAE5DEAD471Z0Z_F	100.000	25	0	1.18e-09	50.1
M03520:605:000000000-LVNKY:1:1110:2487:10897;size=6	RH.E253263309B742FZ0Z_F	100.000	26	0	2.98e-10	52.0
M03520:605:000000000-LVNKY:1:1110:2487:10897;size=6	RH.E253263309B742FZ0Z_R	100.000	26	0	2.98e-10	52.0
M03520:605:000000000-LVNKY:1:1110:26809:23818;size=6	RH.7CE39E25906745AZ0Z_R	100.000	26	0	2.98e-10	52.0
M03520:605:000000000-LVNKY:1:1110:26809:23818;size=6	RH.7CE39E25906745AZ0Z_F	100.000	25	0	1.18e-09	50.1
M03520:605:000000000-LVNKY:1:1111:26746:7312;size=6	RH.E253263309B742FZ0Z_F	100.000	26	0	2.98e-10	52.0
M03520:605:000000000-LVNKY:1:1111:26746:7312;size=6	RH.E253263309B742FZ0Z_R	100.000	26	0	2.98e-10	52.0
M03520:605:000000000-LVNKY:1:1112:23072:11865;size=6	RH.B9EF730EBE6C436Z0Z_R	100.000	25	0	1.18e-09	50.1
M03520:605:000000000-LVNKY:1:1112:23072:11865;size=6	RH.B9EF730EBE6C436Z0Z_F	100.000	25	0	1.18e-09	50.1
M03520:605:000000000-LVNKY:1:1113:11032:21701;size=6	RH.DDB83AFF97C94C6Z0Z_F	100.000	24	0	4.65e-09	48.1
M03520:605:000000000-LVNKY:1:1113:11032:21701;size=6	RH.DDB83AFF97C94C6Z0Z_R	100.000	19	0	4.48e-06	38.2
M03520:605:000000000-LVNKY:1:1113:11032:21701;size=6	RH.256B9DD95E5E4EDZ0Z_R	100.000	19	0	4.48e-06	38.2
M03520:605:000000000-LVNKY:1:1101:13030:12404;size=5	RH.E253263309B742FZ0Z_F	100.000	26	0	2.98e-10	52.0
M03520:605:000000000-LVNKY:1:1101:13030:12404;size=5	RH.E253263309B742FZ0Z_R	100.000	26	0	2.98e-10	52.0
M03520:605:000000000-LVNKY:1:1101:13149:5667;size=5	RH.BE09C1F6EE4B426Z0Z_R	100.000	23	0	1.84e-08	46.1
M03520:605:000000000-LVNKY:1:1101:13149:5667;size=5	RH.BE09C1F6EE4B426Z0Z_F	100.000	22	0	7.27e-08	44.1
M03520:605:000000000-LVNKY:1:1101:13703:9668;size=5	RH.E253263309B742FZ0Z_F	100.000	26	0	2.98e-10	52.0
M03520:605:000000000-LVNKY:1:1101:13703:9668;size=5	RH.E253263309B742FZ0Z_R	96.154	26	1	7.27e-08	44.1
M03520:605:000000000-LVNKY:1:1101:15397:5651;size=5	RH.E253263309B742FZ0Z_R	100.000	26	0	2.98e-10	52.0
M03520:605:000000000-LVNKY:1:1101:15397:5651;size=5	RH.E253263309B742FZ0Z_F	100.000	26	0	2.98e-10	52.0
M03520:605:000000000-LVNKY:1:1101:16187:9903;size=5	RH.B9EF730EBE6C436Z0Z_R	100.000	25	0	1.18e-09	50.1
M03520:605:000000000-LVNKY:1:1101:16187:9903;size=5	RH.609947B6947F457Z0Z_F	100.000	21	0	2.87e-07	42.1
M03520:605:000000000-LVNKY:1:1101:16187:9903;size=5	RH.A12CDF2B5C80436Z0Z_R	100.000	20	0	1.13e-06	40.1
M03520:605:000000000-LVNKY:1:1101:16754:13919;size=5	RH.E253263309B742FZ0Z_R	100.000	26	0	2.98e-10	52.0
M03520:605:000000000-LVNKY:1:1101:16754:13919;size=5	RH.E253263309B742FZ0Z_F	100.000	26	0	2.98e-10	52.0
M03520:605:000000000-LVNKY:1:1101:17993:13426;size=5	RH.B9EF730EBE6C436Z0Z_F	100.000	25	0	1.18e-09	50.1
M03520:605:000000000-LVNKY:1:1101:17993:13426;size=5	RH.B9EF730EBE6C436Z0Z_R	100.000	25	0	1.18e-09	50.1
M03520:605:000000000-LVNKY:1:1101:18085:20868;size=5	RH.27578A9A85FA4A3Z0Z_R	100.000	22	0	7.27e-08	44.1
M03520:605:000000000-LVNKY:1:1101:18259:8604;size=5	RH.6408CE975B5340AZ0Z_F	100.000	26	0	2.98e-10	52.0
M03520:605:000000000-LVNKY:1:1101:18259:8604;size=5	RH.6408CE975B5340AZ0Z_R	96.154	26	1	7.27e-08	44.1
M03520:605:000000000-LVNKY:1:1101:18798:12659;size=5	RH.BE09C1F6EE4B426Z0Z_R	100.000	23	0	1.84e-08	46.1
M03520:605:000000000-LVNKY:1:1101:18798:12659;size=5	RH.BE09C1F6EE4B426Z0Z_F	100.000	22	0	7.27e-08	44.1
M03520:605:000000000-LVNKY:1:1101:21700:17954;size=5	RH.6408CE975B5340AZ0Z_R	100.000	26	0	2.98e-10	52.0
M03520:605:000000000-LVNKY:1:1101:21700:17954;size=5	RH.6408CE975B5340AZ0Z_F	96.154	26	1	7.27e-08	44.1
M03520:605:000000000-LVNKY:1:1101:22622:7318;size=5	RH.72B9E3F522264B3Z0Z_F	100.000	22	0	7.27e-08	44.1
M03520:605:000000000-LVNKY:1:1101:22622:7318;size=5	RH.72B9E3F522264B3Z0Z_R	100.000	20	0	1.13e-06	40.1
M03520:605:000000000-LVNKY:1:1101:23756:21556;size=5	RH.E253263309B742FZ0Z_R	100.000	26	0	2.98e-10	52.0
M03520:605:000000000-LVNKY:1:1101:23756:21556;size=5	RH.E253263309B742FZ0Z_F	100.000	26	0	2.98e-10	52.0
M03520:605:000000000-LVNKY:1:1101:24142:17191;size=5	RH.E253263309B742FZ0Z_R	100.000	26	0	2.98e-10	52.0
M03520:605:000000000-LVNKY:1:1101:24142:17191;size=5	RH.E253263309B742FZ0Z_F	100.000	22	0	7.27e-08	44.1
M03520:605:000000000-LVNKY:1:1101:26989:12351;size=5	RH.E253263309B742FZ0Z_F	100.000	26	0	2.98e-10	52.0
M03520:605:000000000-LVNKY:1:1101:26989:12351;size=5	RH.E253263309B742FZ0Z_R	96.154	26	1	7.27e-08	44.1
M03520:605:000000000-LVNKY:1:1101:27191:16133;size=5	RH.6408CE975B5340AZ0Z_R	100.000	26	0	2.98e-10	52.0
M03520:605:000000000-LVNKY:1:1101:27191:16133;size=5	RH.6408CE975B5340AZ0Z_F	100.000	26	0	2.98e-10	52.0
M03520:605:000000000-LVNKY:1:1101:4209:11264;size=5	RH.6408CE975B5340AZ0Z_R	100.000	26	0	2.98e-10	52.0
M03520:605:000000000-LVNKY:1:1101:4209:11264;size=5	RH.6408CE975B5340AZ0Z_F	100.000	26	0	2.98e-10	52.0
M03520:605:000000000-LVNKY:1:1101:6524:20611;size=5	RH.E253263309B742FZ0Z_F	100.000	26	0	2.98e-10	52.0
M03520:605:000000000-LVNKY:1:1101:6524:20611;size=5	RH.E253263309B742FZ0Z_R	100.000	22	0	7.27e-08	44.1
M03520:605:000000000-LVNKY:1:1101:7121:10234;size=5	RH.51338FA06EDB4F0Z0Z_F	100.000	25	0	1.18e-09	50.1
M03520:605:000000000-LVNKY:1:1101:7121:10234;size=5	RH.51338FA06EDB4F0Z0Z_R	100.000	23	0	1.84e-08	46.1
M03520:605:000000000-LVNKY:1:1101:7672:19523;size=5	RH.B9EF730EBE6C436Z0Z_F	100.000	25	0	1.18e-09	50.1
M03520:605:000000000-LVNKY:1:1101:7672:19523;size=5	RH.B9EF730EBE6C436Z0Z_R	96.000	25	1	2.87e-07	42.1
M03520:605:000000000-LVNKY:1:1101:9745:18325;size=5	RH.E253263309B742FZ0Z_F	100.000	26	0	2.98e-10	52.0
M03520:605:000000000-LVNKY:1:1101:9745:18325;size=5	RH.E253263309B742FZ0Z_R	96.154	26	1	7.27e-08	44.1
M03520:605:000000000-LVNKY:1:1102:10628:8875;size=5	RH.6408CE975B5340AZ0Z_R	100.000	26	0	2.98e-10	52.0
M03520:605:000000000-LVNKY:1:1102:10628:8875;size=5	RH.6408CE975B5340AZ0Z_F	100.000	26	0	2.98e-10	52.0
M03520:605:000000000-LVNKY:1:1102:13019:10038;size=5	RH.DDB83AFF97C94C6Z0Z_R	100.000	25	0	1.18e-09	50.1
M03520:605:000000000-LVNKY:1:1102:13019:10038;size=5	RH.DDB83AFF97C94C6Z0Z_F	100.000	24	0	4.65e-09	48.1
M03520:605:000000000-LVNKY:1:1102:14280:9551;size=5	RH.E253263309B742FZ0Z_R	100.000	26	0	2.98e-10	52.0
M03520:605:000000000-LVNKY:1:1102:14280:9551;size=5	RH.E253263309B742FZ0Z_F	100.000	26	0	2.98e-10	52.0
M03520:605:000000000-LVNKY:1:1102:17972:18409;size=5	RH.6D324B1B4164459Z0Z_R	100.000	21	0	2.87e-07	42.1
M03520:605:000000000-LVNKY:1:1102:17972:18409;size=5	RH.6D324B1B4164459Z0Z_F	100.000	21	0	2.87e-07	42.1
M03520:605:000000000-LVNKY:1:1102:18772:5021;size=5	RH.B9EF730EBE6C436Z0Z_R	100.000	25	0	1.18e-09	50.1
M03520:605:000000000-LVNKY:1:1102:18772:5021;size=5	RH.B9EF730EBE6C436Z0Z_F	100.000	25	0	1.18e-09	50.1
M03520:605:000000000-LVNKY:1:1102:19770:25785;size=5	RH.E253263309B742FZ0Z_F	100.000	26	0	2.98e-10	52.0
M03520:605:000000000-LVNKY:1:1102:19770:25785;size=5	RH.E253263309B742FZ0Z_R	96.154	26	1	7.27e-08	44.1
M03520:605:000000000-LVNKY:1:1102:21174:5375;size=5	RH.B9EF730EBE6C436Z0Z_R	100.000	25	0	1.18e-09	50.1
M03520:605:000000000-LVNKY:1:1102:21174:5375;size=5	RH.B9EF730EBE6C436Z0Z_F	100.000	25	0	1.18e-09	50.1
M03520:605:000000000-LVNKY:1:1102:22463:26019;size=5	RH.B9EF730EBE6C436Z0Z_R	100.000	25	0	1.18e-09	50.1
M03520:605:000000000-LVNKY:1:1102:22463:26019;size=5	RH.B9EF730EBE6C436Z0Z_F	100.000	25	0	1.18e-09	50.1
M03520:605:000000000-LVNKY:1:1102:2311:13640;size=5	RH.6408CE975B5340AZ0Z_R	100.000	26	0	2.98e-10	52.0
M03520:605:000000000-LVNKY:1:1102:2311:13640;size=5	RH.6408CE975B5340AZ0Z_F	100.000	26	0	2.98e-10	52.0
M03520:605:000000000-LVNKY:1:1102:24268:9017;size=5	RH.E253263309B742FZ0Z_R	100.000	26	0	2.98e-10	52.0
M03520:605:000000000-LVNKY:1:1102:24268:9017;size=5	RH.E253263309B742FZ0Z_F	100.000	26	0	2.98e-10	52.0
M03520:605:000000000-LVNKY:1:1102:4566:15041;size=5	RH.E253263309B742FZ0Z_R	100.000	26	0	2.98e-10	52.0
M03520:605:000000000-LVNKY:1:1102:4566:15041;size=5	RH.E253263309B742FZ0Z_F	100.000	26	0	2.98e-10	52.0
M03520:605:000000000-LVNKY:1:1102:6013:18387;size=5	RH.B9EF730EBE6C436Z0Z_F	100.000	25	0	1.18e-09	50.1
M03520:605:000000000-LVNKY:1:1102:6013:18387;size=5	RH.B9EF730EBE6C436Z0Z_R	100.000	25	0	1.18e-09	50.1
M03520:605:000000000-LVNKY:1:1102:8488:18594;size=5	RH.2A85EAE5DEAD471Z0Z_R	100.000	25	0	1.18e-09	50.1
M03520:605:000000000-LVNKY:1:1102:8488:18594;size=5	RH.2A85EAE5DEAD471Z0Z_F	100.000	25	0	1.18e-09	50.1
M03520:605:000000000-LVNKY:1:1103:11185:19439;size=5	RH.6408CE975B5340AZ0Z_R	100.000	26	0	2.98e-10	52.0
M03520:605:000000000-LVNKY:1:1103:11185:19439;size=5	RH.6408CE975B5340AZ0Z_F	100.000	26	0	2.98e-10	52.0
M03520:605:000000000-LVNKY:1:1103:12863:8357;size=5	RH.E253263309B742FZ0Z_F	100.000	26	0	2.98e-10	52.0
M03520:605:000000000-LVNKY:1:1103:12863:8357;size=5	RH.E253263309B742FZ0Z_R	96.154	26	1	7.27e-08	44.1
M03520:605:000000000-LVNKY:1:1103:13742:21002;size=5	RH.6408CE975B5340AZ0Z_R	100.000	26	0	2.98e-10	52.0
M03520:605:000000000-LVNKY:1:1103:13742:21002;size=5	RH.6408CE975B5340AZ0Z_F	96.154	26	1	7.27e-08	44.1
M03520:605:000000000-LVNKY:1:1103:14245:7008;size=5	RH.2A85EAE5DEAD471Z0Z_F	100.000	25	0	1.18e-09	50.1
M03520:605:000000000-LVNKY:1:1103:14245:7008;size=5	RH.2A85EAE5DEAD471Z0Z_R	100.000	25	0	1.18e-09	50.1
M03520:605:000000000-LVNKY:1:1103:20804:19009;size=5	RH.2A85EAE5DEAD471Z0Z_F	100.000	25	0	1.18e-09	50.1
M03520:605:000000000-LVNKY:1:1103:20804:19009;size=5	RH.2A85EAE5DEAD471Z0Z_R	100.000	25	0	1.18e-09	50.1
M03520:605:000000000-LVNKY:1:1103:20906:5138;size=5	RH.6408CE975B5340AZ0Z_R	100.000	26	0	2.98e-10	52.0
M03520:605:000000000-LVNKY:1:1103:20906:5138;size=5	RH.6408CE975B5340AZ0Z_F	100.000	26	0	2.98e-10	52.0
M03520:605:000000000-LVNKY:1:1103:21170:27551;size=5	RH.E253263309B742FZ0Z_F	100.000	26	0	2.98e-10	52.0
M03520:605:000000000-LVNKY:1:1103:21170:27551;size=5	RH.E253263309B742FZ0Z_R	100.000	26	0	2.98e-10	52.0
M03520:605:000000000-LVNKY:1:1103:22202:10570;size=5	RH.098C2C0732D843BZ0Z_F	100.000	22	0	7.27e-08	44.1
M03520:605:000000000-LVNKY:1:1103:22202:10570;size=5	RH.098C2C0732D843BZ0Z_R	100.000	21	0	2.87e-07	42.1
M03520:605:000000000-LVNKY:1:1103:22219:7792;size=5	RH.0E12152EC5E54F0Z0Z_F	100.000	24	0	4.65e-09	48.1
M03520:605:000000000-LVNKY:1:1103:22219:7792;size=5	RH.0E12152EC5E54F0Z0Z_R	100.000	23	0	1.84e-08	46.1
M03520:605:000000000-LVNKY:1:1103:22349:5570;size=5	RH.6408CE975B5340AZ0Z_R	100.000	26	0	2.98e-10	52.0
M03520:605:000000000-LVNKY:1:1103:22349:5570;size=5	RH.6408CE975B5340AZ0Z_F	100.000	26	0	2.98e-10	52.0
M03520:605:000000000-LVNKY:1:1103:3830:13995;size=5	RH.E253263309B742FZ0Z_R	100.000	26	0	2.98e-10	52.0
M03520:605:000000000-LVNKY:1:1103:3830:13995;size=5	RH.E253263309B742FZ0Z_F	100.000	26	0	2.98e-10	52.0
M03520:605:000000000-LVNKY:1:1103:7818:14058;size=5	RH.B9EF730EBE6C436Z0Z_R	100.000	25	0	1.18e-09	50.1
M03520:605:000000000-LVNKY:1:1103:7818:14058;size=5	RH.B9EF730EBE6C436Z0Z_F	100.000	25	0	1.18e-09	50.1
M03520:605:000000000-LVNKY:1:1103:8024:13230;size=5	RH.6408CE975B5340AZ0Z_R	100.000	26	0	2.98e-10	52.0
M03520:605:000000000-LVNKY:1:1103:8024:13230;size=5	RH.6408CE975B5340AZ0Z_F	100.000	26	0	2.98e-10	52.0
M03520:605:000000000-LVNKY:1:1104:12391:19825;size=5	RH.6408CE975B5340AZ0Z_R	100.000	26	0	2.98e-10	52.0
M03520:605:000000000-LVNKY:1:1104:12391:19825;size=5	RH.6408CE975B5340AZ0Z_F	100.000	26	0	2.98e-10	52.0
M03520:605:000000000-LVNKY:1:1104:12883:11369;size=5	RH.B9EF730EBE6C436Z0Z_R	100.000	25	0	1.18e-09	50.1
M03520:605:000000000-LVNKY:1:1104:18982:24818;size=5	RH.6408CE975B5340AZ0Z_R	100.000	26	0	2.98e-10	52.0
M03520:605:000000000-LVNKY:1:1104:18982:24818;size=5	RH.6408CE975B5340AZ0Z_F	100.000	26	0	2.98e-10	52.0
M03520:605:000000000-LVNKY:1:1104:23669:4576;size=5	RH.B9EF730EBE6C436Z0Z_R	100.000	25	0	1.18e-09	50.1
M03520:605:000000000-LVNKY:1:1104:23669:4576;size=5	RH.3B2B2BB86AB94D3Z0Z_F	100.000	21	0	2.87e-07	42.1
M03520:605:000000000-LVNKY:1:1104:23669:4576;size=5	RH.64613722763148BZ0Z_R	100.000	19	0	4.48e-06	38.2
M03520:605:000000000-LVNKY:1:1104:28898:13319;size=5	RH.2AFFFBA0E81C482Z0Z_R	100.000	23	0	1.84e-08	46.1
M03520:605:000000000-LVNKY:1:1104:28898:13319;size=5	RH.2AFFFBA0E81C482Z0Z_F	100.000	23	0	1.84e-08	46.1
M03520:605:000000000-LVNKY:1:1104:2930:16728;size=5	RH.6408CE975B5340AZ0Z_R	100.000	26	0	2.98e-10	52.0
M03520:605:000000000-LVNKY:1:1104:2930:16728;size=5	RH.6408CE975B5340AZ0Z_F	100.000	26	0	2.98e-10	52.0
M03520:605:000000000-LVNKY:1:1105:10221:26929;size=5	RH.CA1E204B0C0842DZ0Z_F	100.000	26	0	2.98e-10	52.0
M03520:605:000000000-LVNKY:1:1105:10221:26929;size=5	RH.E04EE94198274F7Z0Z_F	100.000	25	0	1.18e-09	50.1
M03520:605:000000000-LVNKY:1:1105:10221:26929;size=5	RH.CA1E204B0C0842DZ0Z_R	100.000	24	0	4.65e-09	48.1
M03520:605:000000000-LVNKY:1:1105:14102:24646;size=5	RH.E253263309B742FZ0Z_R	100.000	26	0	2.98e-10	52.0
M03520:605:000000000-LVNKY:1:1105:14102:24646;size=5	RH.E253263309B742FZ0Z_F	100.000	22	0	7.27e-08	44.1
M03520:605:000000000-LVNKY:1:1105:15208:15942;size=5	RH.51338FA06EDB4F0Z0Z_R	100.000	25	0	1.18e-09	50.1
M03520:605:000000000-LVNKY:1:1105:15208:15942;size=5	RH.51338FA06EDB4F0Z0Z_F	100.000	25	0	1.18e-09	50.1
M03520:605:000000000-LVNKY:1:1105:15935:10796;size=5	RH.E253263309B742FZ0Z_R	100.000	26	0	2.98e-10	52.0
M03520:605:000000000-LVNKY:1:1105:15935:10796;size=5	RH.E253263309B742FZ0Z_F	100.000	26	0	2.98e-10	52.0
M03520:605:000000000-LVNKY:1:1105:17613:15348;size=5	RH.27578A9A85FA4A3Z0Z_F	100.000	24	0	4.65e-09	48.1
M03520:605:000000000-LVNKY:1:1105:17613:15348;size=5	RH.27578A9A85FA4A3Z0Z_R	100.000	22	0	7.27e-08	44.1
M03520:605:000000000-LVNKY:1:1105:20188:9979;size=5	RH.B9EF730EBE6C436Z0Z_R	100.000	25	0	1.18e-09	50.1
M03520:605:000000000-LVNKY:1:1105:20188:9979;size=5	RH.B9EF730EBE6C436Z0Z_F	100.000	25	0	1.18e-09	50.1
M03520:605:000000000-LVNKY:1:1106:13522:25224;size=5	RH.6408CE975B5340AZ0Z_R	100.000	26	0	2.98e-10	52.0
M03520:605:000000000-LVNKY:1:1106:13522:25224;size=5	RH.6408CE975B5340AZ0Z_F	100.000	26	0	2.98e-10	52.0
M03520:605:000000000-LVNKY:1:1106:13836:10574;size=5	RH.BE09C1F6EE4B426Z0Z_R	100.000	23	0	1.84e-08	46.1
M03520:605:000000000-LVNKY:1:1106:13836:10574;size=5	RH.BE09C1F6EE4B426Z0Z_F	100.000	22	0	7.27e-08	44.1
M03520:605:000000000-LVNKY:1:1106:5692:23259;size=5	RH.E253263309B742FZ0Z_R	100.000	26	0	2.98e-10	52.0
M03520:605:000000000-LVNKY:1:1106:5692:23259;size=5	RH.E253263309B742FZ0Z_F	100.000	26	0	2.98e-10	52.0
M03520:605:000000000-LVNKY:1:1106:8790:10514;size=5	RH.27578A9A85FA4A3Z0Z_R	100.000	22	0	7.27e-08	44.1
M03520:605:000000000-LVNKY:1:1107:12723:2100;size=5	RH.0096A141894D447Z0Z_F	100.000	24	0	4.65e-09	48.1
M03520:605:000000000-LVNKY:1:1107:12723:2100;size=5	RH.0096A141894D447Z0Z_R	100.000	21	0	2.87e-07	42.1
M03520:605:000000000-LVNKY:1:1107:20154:3297;size=5	RH.BE09C1F6EE4B426Z0Z_R	100.000	23	0	1.84e-08	46.1
M03520:605:000000000-LVNKY:1:1107:20154:3297;size=5	RH.BE09C1F6EE4B426Z0Z_F	100.000	22	0	7.27e-08	44.1
M03520:605:000000000-LVNKY:1:1107:4672:11416;size=5	RH.51338FA06EDB4F0Z0Z_R	100.000	25	0	1.18e-09	50.1
M03520:605:000000000-LVNKY:1:1107:4672:11416;size=5	RH.51338FA06EDB4F0Z0Z_F	100.000	25	0	1.18e-09	50.1
M03520:605:000000000-LVNKY:1:1108:12128:11096;size=5	RH.6408CE975B5340AZ0Z_F	100.000	26	0	2.98e-10	52.0
M03520:605:000000000-LVNKY:1:1108:12128:11096;size=5	RH.6408CE975B5340AZ0Z_R	100.000	24	0	4.65e-09	48.1
M03520:605:000000000-LVNKY:1:1108:27241:15326;size=5	RH.B9EF730EBE6C436Z0Z_F	100.000	25	0	1.18e-09	50.1
M03520:605:000000000-LVNKY:1:1108:27241:15326;size=5	RH.B9EF730EBE6C436Z0Z_R	96.000	25	1	2.87e-07	42.1
M03520:605:000000000-LVNKY:1:1108:28407:9764;size=5	RH.DDB83AFF97C94C6Z0Z_R	100.000	25	0	1.18e-09	50.1
M03520:605:000000000-LVNKY:1:1108:28407:9764;size=5	RH.DDB83AFF97C94C6Z0Z_F	100.000	24	0	4.65e-09	48.1
M03520:605:000000000-LVNKY:1:1109:10336:3895;size=5	RH.B9EF730EBE6C436Z0Z_R	100.000	25	0	1.18e-09	50.1
M03520:605:000000000-LVNKY:1:1109:10336:3895;size=5	RH.B9EF730EBE6C436Z0Z_F	100.000	25	0	1.18e-09	50.1
M03520:605:000000000-LVNKY:1:1109:11086:19101;size=5	RH.E253263309B742FZ0Z_R	100.000	26	0	2.98e-10	52.0
M03520:605:000000000-LVNKY:1:1109:11086:19101;size=5	RH.E253263309B742FZ0Z_F	100.000	26	0	2.98e-10	52.0
M03520:605:000000000-LVNKY:1:1109:6275:7850;size=5	RH.6408CE975B5340AZ0Z_R	100.000	26	0	2.98e-10	52.0
M03520:605:000000000-LVNKY:1:1109:6275:7850;size=5	RH.6408CE975B5340AZ0Z_F	96.154	26	1	7.27e-08	44.1
M03520:605:000000000-LVNKY:1:1109:9858:5963;size=5	RH.DDB83AFF97C94C6Z0Z_R	100.000	25	0	1.18e-09	50.1
M03520:605:000000000-LVNKY:1:1109:9858:5963;size=5	RH.DDB83AFF97C94C6Z0Z_F	100.000	20	0	1.13e-06	40.1
M03520:605:000000000-LVNKY:1:1110:11667:24848;size=5	RH.2A8AD21024974C0Z0Z_F	100.000	26	0	2.98e-10	52.0
M03520:605:000000000-LVNKY:1:1110:11667:24848;size=5	RH.2A8AD21024974C0Z0Z_R	100.000	25	0	1.18e-09	50.1
M03520:605:000000000-LVNKY:1:1110:20732:16173;size=5	RH.7CE39E25906745AZ0Z_R	100.000	26	0	2.98e-10	52.0
M03520:605:000000000-LVNKY:1:1110:20732:16173;size=5	RH.7CE39E25906745AZ0Z_F	100.000	25	0	1.18e-09	50.1
M03520:605:000000000-LVNKY:1:1110:23882:13883;size=5	RH.6408CE975B5340AZ0Z_F	100.000	26	0	2.98e-10	52.0
M03520:605:000000000-LVNKY:1:1110:23882:13883;size=5	RH.6408CE975B5340AZ0Z_R	96.154	26	1	7.27e-08	44.1
M03520:605:000000000-LVNKY:1:1111:11484:19227;size=5	RH.2A8AD21024974C0Z0Z_F	100.000	26	0	2.98e-10	52.0
M03520:605:000000000-LVNKY:1:1111:11484:19227;size=5	RH.2A8AD21024974C0Z0Z_R	100.000	25	0	1.18e-09	50.1
M03520:605:000000000-LVNKY:1:1111:15353:17422;size=5	RH.6408CE975B5340AZ0Z_R	100.000	26	0	2.98e-10	52.0
M03520:605:000000000-LVNKY:1:1111:15353:17422;size=5	RH.6408CE975B5340AZ0Z_F	100.000	26	0	2.98e-10	52.0
M03520:605:000000000-LVNKY:1:1111:20905:5001;size=5	RH.6408CE975B5340AZ0Z_R	100.000	26	0	2.98e-10	52.0
M03520:605:000000000-LVNKY:1:1111:20905:5001;size=5	RH.6408CE975B5340AZ0Z_F	100.000	26	0	2.98e-10	52.0
M03520:605:000000000-LVNKY:1:1111:23913:21676;size=5	RH.25F43EF2A0F1421Z0Z_F	100.000	24	0	4.65e-09	48.1
M03520:605:000000000-LVNKY:1:1111:9778:20984;size=5	RH.6408CE975B5340AZ0Z_R	100.000	26	0	2.98e-10	52.0
M03520:605:000000000-LVNKY:1:1111:9778:20984;size=5	RH.6408CE975B5340AZ0Z_F	100.000	26	0	2.98e-10	52.0
M03520:605:000000000-LVNKY:1:1112:17827:18044;size=5	RH.6408CE975B5340AZ0Z_R	100.000	26	0	2.98e-10	52.0
M03520:605:000000000-LVNKY:1:1112:17827:18044;size=5	RH.6408CE975B5340AZ0Z_F	100.000	26	0	2.98e-10	52.0
M03520:605:000000000-LVNKY:1:1112:26577:17795;size=5	RH.B9EF730EBE6C436Z0Z_R	100.000	25	0	1.18e-09	50.1
M03520:605:000000000-LVNKY:1:1112:26577:17795;size=5	RH.B9EF730EBE6C436Z0Z_F	100.000	23	0	1.84e-08	46.1
M03520:605:000000000-LVNKY:1:1112:4762:18354;size=5	RH.6408CE975B5340AZ0Z_R	100.000	26	0	2.98e-10	52.0
M03520:605:000000000-LVNKY:1:1112:4762:18354;size=5	RH.6408CE975B5340AZ0Z_F	100.000	26	0	2.98e-10	52.0
M03520:605:000000000-LVNKY:1:1114:11221:24947;size=5	RH.B9EF730EBE6C436Z0Z_F	100.000	25	0	1.18e-09	50.1
M03520:605:000000000-LVNKY:1:1114:11221:24947;size=5	RH.B9EF730EBE6C436Z0Z_R	100.000	25	0	1.18e-09	50.1
M03520:605:000000000-LVNKY:1:1114:17617:21332;size=5	RH.0C6EF86AB29A422Z0Z_F	100.000	20	0	1.13e-06	40.1
M03520:605:000000000-LVNKY:1:1114:23663:21914;size=5	RH.609947B6947F457Z0Z_F	100.000	21	0	2.87e-07	42.1
M03520:605:000000000-LVNKY:1:1114:23663:21914;size=5	RH.A12CDF2B5C80436Z0Z_R	100.000	20	0	1.13e-06	40.1
M03520:605:000000000-LVNKY:1:1114:23663:21914;size=5	RH.8B25A056ABC1444Z0Z_F	100.000	19	0	4.48e-06	38.2
